"ID";"Nimi";"Kokoelma";"Yleislaji";"Tyyppi";"Muistiinpanija";"Vuosi";"Sivu";"Tahtilaji";"Sävellaji";"Pitäjä";"Kylä";"Maakunta";"Lääni";"Sanat";"Kirjahuomiot";"Kommentit";"Samanlaisuus";"Intervalli";"Melodian suunta"
"kjs_0001";"Virityksen koetus";"Kantele- ja jouhikkosävelmät";"Improvisaatioita";"Viritys- ja johdakesävelmiä";"Antti Rantonen/A. O. Väisänen";"1925";"1";"6/8";"G";"Haapavesi";"Ainali";"Pohjois-Pohjanmaa";"Oulun lääni";"";"soittotapa: Yhdysasentoinen, soitin: 5-kielisellä kanteleella, tempo: 76";"tahtilaji merkitty kirjassa virheellisesti 2 4";"";"+0-2+0-1+3-2+2-3+3";"rdrdududu"
"kjs_0002";"Kanteleen viritys";"Kantele- ja jouhikkosävelmät";"Improvisaatioita";"Viritys- ja johdakesävelmiä";"Heikki Halonen/A. O. Väisänen";"1917";"1";"3/4";"g";"Lapinlahti";"Akkala";"Pohjois-Savo";"Itä-Suomen lääni";"Onko niin, onko niin, kono niin, kono niin, niin, niin? onko niin, onko niin, onko niin? Niin on.";"soittotapa: Yhdysasentoinen, soitin: 5-kielisellä kanteleella, tempo: 116";"";"";"-7+2-2+2+1-1+1+2-2+2+2+0+0-5+1+2-2+2+2-7+5-2+4+0";"duduuduuduurrduuduududur"
"kjs_0003";"";"Kantele- ja jouhikkosävelmät";"Improvisaatioita";"Viritys- ja johdakesävelmiä";"Iivana Shirgo/A. O. Väisänen";"1916";"1";"2/4";"g";"Impilahti";"Koivuselkä";"Laatokan Karjala";"Karjalan, Inkerin, ym. alueet";"";"soittotapa: Yhdysasentoinen, soitin: Useampikielisellä kanteleella";"";"";"+0+0+0+0+0+0+0+1-1+1-1+5-10-2+0+2-2+0+2-2+2+1-1+1+2+2-2+2+1-1+1+2-2+2+2-2-2-1-2-2-1-2-2-2-1+1+2+2";"rrrrrrrudududdrudruduuduuuduuduuduudddddddddduuu"
"kjs_0004";"Laulun alkusoitto";"Kantele- ja jouhikkosävelmät";"Improvisaatioita";"Viritys- ja johdakesävelmiä";"Vanja Trofimov/A. O. Väisänen";"1917";"2";"2/4";"G";"Suojärvi";"Kuikkaniemi";"Laatokan Karjala";"Karjalan, Inkerin, ym. alueet";"";"soittotapa: Yhdysasentoinen, soitin: Useampikielisellä kanteleella, tempo: 76";"";"";"-12+21-2-2-1-2-12+22-2-1-2-2-1+1";"dudddddudddddu"
"kjs_0005";"Kellonsoitto";"Kantele- ja jouhikkosävelmät";"Improvisaatioita";"Kirkonkellojen sävelmiä";"Ontreini Jyrki/A. Lähteenkorva";"14";"2";"2/4";"G";"Vienan Karjala(Vuonninen)";"Vuonninen";"Vienan Karjala";"Karjalan, Inkerin, ym. alueet";"";"soittotapa: Yhdysasentoinen, soitin: 5-kielisellä kanteleella";"";"";"+0+0+0+0+0+0+0+0+0+0+0+0+0+0+0+0";"rrrrrrrrrrrrrrrr"
"kjs_0006";"Kirkonkellot";"Kantele- ja jouhikkosävelmät";"Improvisaatioita";"Kirkonkellojen sävelmiä";"Everik Rähkönen/A. Launis";"1905";"2";"2/4";"g";"Ilomantsi";"";"Pohjois-Karjala";"Oulun lääni";"";"soittotapa: Yhdysasentoinen, soitin: Useampikielisellä kanteleella, tempo: 96";"";"";"-2+2-5+3-3+5+0-2+0+2+0-4-1+3-3+5+0-4+2+0+2+0-5+3-3+5+0-2+0+2+0-4-1+3-3+5+0-4+2+0+2+0-5+3-3+5-9+4+5-5+0+0+5-7+7-9+9-9+4+5-5+0+0+5-7+7-7+9+0+1+2-5-2+2+2+1+2-5-2";"dududurdrurddudurdururdudurdrurddudurdururdududuudrrudududuudrrududuruudduuuudd"
"kjs_0007";"Kellonsoitto";"Kantele- ja jouhikkosävelmät";"Improvisaatioita";"Kirkonkellojen sävelmiä";"Juhana Kiiskinen/A. Lähteenkorva";"16";"3";"2/4";"G";"Pielisjärvi";"Kylänlahti";"Pohjois-Karjala";"Oulun lääni";"";"soittotapa: Yhdysasentoinen, soitin: Useampikielisellä kanteleella";"";"";"-2+5+0-1-4+4-2-2+5-1-4+4-2-2+5+0-1-4+4-2-2+5-1-4+4-2+2-4+4-2+2-4+4-2+2-4+4-2+2-4+4-2-2+4-2+2-4+4-2+2-4+4-2+2-4+7-12+12-12+12-12+12-12+12-12+12-3+1+2-3+1+2-3+1+2-3+1+2-3+1+2-2-1+1+2-2-1+1+2-2-1+1+2-2-1+1+2-2-1+1-3-7+7-7+7-7+9-2-2+4-2-2+4-2-2+4-2-2+2-2";"durdduddudduddurddudduddudududududududududdududududududududududududuuduuduuduuduudduudduudduudduudduddudududduddudduddud"
"kjs_0008";"Kirkonkellot";"Kantele- ja jouhikkosävelmät";"Improvisaatioita";"Kirkonkellojen sävelmiä";"Taavi Kiiskinen/A. O. Väisänen";"1917";"3";"2/4";"G";"Pielisjärvi";"";"Pohjois-Karjala";"Oulun lääni";"";"soittotapa: Yhdysasentoinen, soitin: Useampikielisellä kanteleella, tempo: 108, äänitteet: prl. 12, 0-9";"";"";"+5+0-1-4+4-2-2+5-1-4+4-2-2+5+0-1-4+4-2-2+5-1-4+4-2+2-4+4-2+2-4+4-2-2+0+4-2+2-4+4-2-2+4+1+2-12+12-12+12-12+12-12+12-2-1+1+2-2-1+1+2-2-1+1-3+0+0+0+2-2-2+4-2-2+2-2+4+1+2-12+12-12+12-12+12-12+12-2-1+1+2-2-1+1+2-2-1+1-3+0+0+0+2-2-2+4-2-2+0";"urdduddudduddurddudduddudududududdrudududduuudududududduudduuddudrrruddudduduuudududududduudduuddudrrrudduddr"
"kjs_0009";"Kirkonkellot";"Kantele- ja jouhikkosävelmät";"Improvisaatioita";"Kirkonkellojen sävelmiä";"Fedja Karhapää/A. O. Väisänen";"1922";"4";"2/4";"G";"Ilomantsi";"Sonkaja";"Pohjois-Karjala";"Oulun lääni";"";"soittotapa: Yhdysasentoinen, soitin: Useampikielisellä kanteleella, tempo: 104";"";"";"-5-7+7+5-5-7+5+4-4-5+5+4-4-5+4+3-3-4+4+3-5-7+12-3-4+7-5-3+8-5-3+3+5-5-7+12-3-4+7-5-3+8-5-3+3+5-5-7+12-3-4-5+5+7-7-5+5+7-7-5+5+7-5-3+3+5-5-3+3+5-3-4+4+3-3-4+4+5-4-5+5+4-4-5+4+3-3-4+4+3-3-4+4+5-4-5+5+4-4-5+4+3-3-4+4+3-3-4+5+4-4-5+5+4-4-5+5+7-7-5+5+4-4-5+5+4-4-5+5+4-4-5+5+7-7-5+5+4-4-5+5+4-4-5+5+4-4-5+4+3-3-4+4+3-5-7+12-3-4";"dduudduudduudduudduuddudduddudduuddudduddudduudduddduudduudduudduudduudduudduudduudduudduudduudduudduudduudduudduudduudduudduudduudduudduudduudduudduudduuddudd"
"kjs_0010";"Valamon kirkonkellot";"Kantele- ja jouhikkosävelmät";"Improvisaatioita";"Kirkonkellojen sävelmiä";"Teppana Jänis/A. O. Väisänen";"1916";"4";"2/4";"a";"Suistamo";"Maisu";"Laatokan Karjala";"Karjalan, Inkerin, ym. alueet";"";"soittotapa: Yhdysasentoinen, soitin: Useampikielisellä kanteleella, tempo: 112, äänitteet: prl. 61, 18-23";"";"";"+0+0+0+0+4-4-3+3+4-4-3+3+4-4-1+3-2+4-5+3-5+7-4-1+3-2+4-5+3-5+5-3+3-2-1+3-5+5-3+3-2-1+3-5+5-3+3-2+4-4+4-7+3+4-4-3+7-4-3+3+4-5+3-2+4-4-3+3+4-4-3+7-4-1+3-2+4-4-3+3+4-4-3+7-4-1+3-2+4-4-1+3-2+4-4-1+3-2+4-5+3-5+5-3+3-2-1+3-5+5-3+3-2-1+3-5+5-3+3-2+4-4+4-7+7-4-3+3+4-4-3+3+4-4-3+3+4-4-3+3+4-4-1+3-5+7-4-3+3+4-4-3+3+4-4-1+3-5+7-4-3+3+4-4-3+3+4-4-1+3-5+7-5+3-2+4-4-1+3-5+7-5+3-5+5-3+3-2-1+3-5+5-3+3-2-1+3-5+5-3+3-2+4-4+4-4+4-4-3+3+4-4-3+3+4-4-3+3+4-5+3-5+7-4-3+3+4-4-3+3+4-4-1+3-5+7-5+3-5+5-3+3-2+4-5-2+2+3-2-1+3-5+2";"rrrrudduudduuddududududdudududududdudududdudududududuuddudduudududduudduddududduudduddududdududdudududududdudududdududududududduudduudduudduuddududduudduuddududduudduuddududududdudududududdudududdududududududduudduudduudududduudduuddududududududduuddudu"
"kjs_0011";"Valamon kirkonkellot";"Kantele- ja jouhikkosävelmät";"Improvisaatioita";"Kirkonkellojen sävelmiä";"Iivana Mishukka/A. O. Väisänen";"1916";"5";"2/4";"G";"Suistamo";"Leppäsyrjä";"Laatokan Karjala";"Karjalan, Inkerin, ym. alueet";"";"soittotapa: Yhdysasentoinen, soitin: Useampikielisellä kanteleella, tempo: 132, äänitteet: ph. 144 b";"";"";"+12-12+12-12+12+2+0+0+0+0-4-8+8+4-4-1+1+2-3-2+3-1+1+2-3-7+8+4-4-1+1+2-3-2+2+1-3+5-10+8+4-4-1+1+2-3-2+3-1+1+2-3-7+8+4-4-1+1+2-3-2+2+1-3+5-2+2+2-4-1+1+2-3+1+2+2-4+2-2+2+2-4-1+1+2-3+1+2+2-4+2-2+4-5+3-2+4-2-2+4-4-1+3-3+1+2+2-4+2-2+4-5+3-2+4-2-2+4-4-1+3-3+1+2+2-4+2";"ududuurrrrdduudduudduduudduudduudduududuudduudduduudduudduudduududuudduuduuududuudduuduuudududududdudduduuudududududdudduduuudu"
"kjs_0012";"Valamon kirkonkellot";"Kantele- ja jouhikkosävelmät";"Improvisaatioita";"Kirkonkellojen sävelmiä";"Iivana Mishukka/A. O. Väisänen";"1916";"6";"2/4, 3/4";"G";"Suistamo";"Leppäsyrjä";"Laatokan Karjala";"Karjalan, Inkerin, ym. alueet";"";"soittotapa: Yhdysasentoinen, soitin: Useampikielisellä kanteleella, tempo: 132, äänitteet: ph. 146 a, prl 11, 40-47";"";"";"+12-12+12-12+12+2+0+0+0-4-3+3-1+1+2-3+5-2-2+2+2-2-2+2+2-4+2+2-2-2+2+2-2-5+3-1+1+2-3+5-2-2+2+2-2-2+2+2-4+2+2-2-2+2+2-2-5+3-1+1+2-3+5-2-2+2+2-2-2+2+2-4+2+2-2-2+2+2-2-2+2+2-4+2";"ududuurrrdduduududduudduuduudduudduduududduudduuduudduudduduududduudduuduudduudduudu"
"kjs_0013";"Kirkonkellot";"Kantele- ja jouhikkosävelmät";"Improvisaatioita";"Kirkonkellojen sävelmiä";"Iivana Shemeikka/A. Launis";"1905";"7";"3/4, 2/4";"G";"Suistamo";"Muuanto";"Laatokan Karjala";"Karjalan, Inkerin, ym. alueet";"";"soittotapa: Yhdysasentoinen, soitin: Useampikielisellä kanteleella";"";"";"+3-3+3-3+3+0-17+17+0-7+7-12+7+5-12+12-5+5-3+0-9+12-7+7-12+7+5-12+12-5+5-3+0+0+3-3+3-3+3-3+3";"ududurdurduduudududrdududuudududrrudududu"
"kjs_0014";"Valamon kirkonkellot";"Kantele- ja jouhikkosävelmät";"Improvisaatioita";"Kirkonkellojen sävelmiä";"Vanja Trofimov/A. O. Väisänen";"1925";"7";"3/4, 2/4";"G";"Suojärvi";"Kuikkaniemi";"Laatokan Karjala";"Karjalan, Inkerin, ym. alueet";"";"soittotapa: Yhdysasentoinen, soitin: Useampikielisellä kanteleella";"";"";"+5-5-7+7+5-5-7+7+5-5-7+7+5-5-7+7+5-8-9+7+9-6-5+7+5-8-9+7+9-6-5+7+5-8-9+7+9-6+7-3-7+9-9+10-3-7+9-9+10-3+2+1-1+1-1+0-4+5+0-5+4-9+3+2+5-1-9+9-9+10-8+8-8+7-9+9-9+10-8+8-8+7-9+9-9+10-3+2+1-1+1";"udduudduudduudduudduudduudduudduudduududdududdududuududrdurduduuuddududududududududududuudu"
"kjs_0015";"Valamon kirkonkellot";"Kantele- ja jouhikkosävelmät";"Improvisaatioita";"Kirkonkellojen sävelmiä";"Juho Uimonen/A. O. Väisänen";"1916";"7";"2/4";"G";"Impilahti";"Huunukka";"Laatokan Karjala";"Karjalan, Inkerin, ym. alueet";"";"soittotapa: Yhdysasentoinen, soitin: Useampikielisellä kanteleella";"";"";"+12-7+4-9+12-7+4-9+12-7+7-2-3+5-2-1+1+2-12+12-7+7-2-3+5-2-1+1+2-12+7+3-1-2+2+1-1-2+5-12+7+3-1-2+5+0-14+14-10+10-17+17-14+14-19+19-17+17-20+20-17+17-14+14-12+12-17+17-14+14-20+20-17+17-24+24-20+20+0";"ududududududdudduudududdudduuduudduudduduuddurdudududududududududududududududur"
"kjs_0016";"";"Kantele- ja jouhikkosävelmät";"Runosävelmien sukulaisia";"4-iskuiset säkeet";"K. Collan";"1854";"9";"2/4";"G";"Eno";"Kaltimo";"Pohjois-Karjala";"Oulun lääni";"Reip, reip, renopilli, vai niin, renopilli.";"soittotapa: Yhdysasentoinen, soitin: 5-kielisellä kanteleella, kadenssi: Perussävelen täys- tai puolikadenssi";"";"";"+0+0-2-1+1+2+0+0-2-1+1+2+2-2-2-1+1+2+2-2-2-1+1";"rrdduurrdduuuddduuudddu"
"kjs_0017";"";"Kantele- ja jouhikkosävelmät";"Runosävelmien sukulaisia";"4-iskuiset säkeet";"Lukkani Huotari/A. Lähteenkorva";"8";"9";"2/4";"G";"Vienan Karjala(Ponkalahti)";"Ponkalaksi";"Vienan Karjala";"Karjalan, Inkerin, ym. alueet";"";"soittotapa: Yhdysasentoinen, soitin: 5-kielisellä kanteleella, kadenssi: Perussävelen täys- tai puolikadenssi";"";"";"+2-3+1+0+2-3+1+0+2-3-4+5+2-3+1+0+2-3+1+0+2-3-4+5+2-2-1+1+0+2-2-1+1+0+2-2-1+1-5+5+2-2-1+1+0+2-2-1+1+0+2-2-1+1-5+5+0-1-4+0+5+0-1-2-2+5-1-4+0+5+0-1-2-2+7-3-4";"udurudurudduudurudurudduudduruddurudduduuddurudduruddudurddrurddduddrurdddudd"
"kjs_0018";"";"Kantele- ja jouhikkosävelmät";"Runosävelmien sukulaisia";"4-iskuiset säkeet";"Pekka Komulainen/A. Lähteenkorva";"23";"9";"2/4";"G";"Kuhmoniemi";"Jäätiä";"Kainuu";"Oulun lääni";"Lippane lippane ...";"soittotapa: Yhdysasentoinen, soitin: 5-kielisellä kanteleella, kadenssi: Perussävelen täys- tai puolikadenssi";"";"Laulusävelmät: [1] [2] [3] Kantele- ja jouhikkosävelmät: [1]";"-3+1+2-2-1+3+0-3+3+0+0-3+1+2-2-1+3+0-3+3+0+0-2-1+1+2-2-1+1+2+0-3+3+0+0-2-1+1+2-2-1+1+2+0-3+3+0+0+0-2+2+0-7+7+0-3+3+0+0+0-2+2+0-7+7+0-3+3+0+0-3+3-7+7-3-2+5+0+0-3+3-7+7-3-2+5+0";"duuddurdurrduuddurdurrdduudduurdurrdduudduurdurrrdurdurdurrrdurdurdurrdududdurrdududdur"
"kjs_0019";"";"Kantele- ja jouhikkosävelmät";"Runosävelmien sukulaisia";"4-iskuiset säkeet";"K. Collan";"1854";"10";"2/4";"g";"Eno";"Kaltimo";"Pohjois-Karjala";"Oulun lääni";"Tottele, tottele, elä sinä tappele! Jos sinä tottelet, kyllä minä tappelen.";"soittotapa: Yhdysasentoinen, soitin: 5-kielisellä kanteleella, kadenssi: Perussävelen täys- tai puolikadenssi";"";"";"-4+2+2-4+2-3+1-1+1-3+0+0+7-4+2+2-4+2-3+1-1+1-3+0+0+2+3-3+1+0-3+2+1-1+1-3+0+0+2+3-3+1+0-3+2+1-1+1-3+0+0";"duududududrruduududududrruudurduududrruudurduududrr"
"kjs_0020";"Saunanlämmityslaulu";"Kantele- ja jouhikkosävelmät";"Runosävelmien sukulaisia";"4-iskuiset säkeet";"Heikki Halonen/A. O. Väisänen";"1917";"10";"2/4";"g";"Lapinlahti";"Akkala";"Pohjois-Savo";"Itä-Suomen lääni";"Rikunat rillut, kopitat tanssit. Näin minun äitini ennen lauloi saunaa lämmitä pannessansa, prinkutteli, prinkutteli.";"soittotapa: Yhdysasentoinen, soitin: 5-kielisellä kanteleella, tempo: 104, kadenssi: Perussävelen täys- tai puolikadenssi";"";"";"-2-2+4-5+5-5-2+0+3+4-2-2+4-5+5-5-2+0+2+5+0+0-5+5-7+0+2+5+0+0-5+5-7+0+2+5-7+0+2+5-7+0+0+7-7+0+2+5-7+0+0";"ddududdruuddududdruurrdudruurrdudruudruudrrudruudrr"
"kjs_0021";"Vaivainen poika";"Kantele- ja jouhikkosävelmät";"Runosävelmien sukulaisia";"4-iskuiset säkeet";"Fedja Happo/A. O. Väisänen";"1917";"10";"2/4";"G";"Suojärvi";"Vuondele";"Laatokan Karjala";"Karjalan, Inkerin, ym. alueet";"";"soittotapa: Yhdysasentoinen, soitin: 5-kielisellä kanteleella, tempo: 120, äänitteet: prl. 44, 17-28, prl. 32, 17-22, kadenssi: Perussävelen täys- tai puolikadenssi";"";"";"-3-2+5-3-4+2+2-2+5+0+0-3+1+2-3-4+2+2-2+5+0-2-1-2-2+4+1-1-4+2+2-2+5+0+0-2-1-2+5-2-1-4+2+2-2+5+0-2-1-2+5-3-4+4-2+2-2+5+0+0-3-2+5-3-4+2+2-2+5+0+0-3+1+2-3-4+2+2-2+5+0-2-1-2-2+4+1-1-4+2+2-2+5+0+0-2-1-2+5-2-1-4+2+2-2+5+0-2-1-2+5-3-4+4-2+2-2+5";"ddudduudurrduudduudurdddduudduudurrddduddduudurddduddududurrddudduudurrduudduudurdddduudduudurrddduddduudurddduddududu"
"kjs_0022";"Vaivainen poika";"Kantele- ja jouhikkosävelmät";"Runosävelmien sukulaisia";"4-iskuiset säkeet";"Teppana Jänis/A. O. Väisänen";"1916";"11";"2/4";"G";"Suistamo";"Maisu";"Laatokan Karjala";"Karjalan, Inkerin, ym. alueet";"""Voi minä, voi minä, vaivane poiga!"" ""Midä sinä, midä sinä, polone poiga?"" ...";"soittotapa: Yhdysasentoinen, soitin: 5-kielisellä kanteleella, tempo: 132, äänitteet: prl. 61, 32-9, kadenssi: Perussävelen täys- tai puolikadenssi";"";"Laulusävelmät: [1] [2] Kantele- ja jouhikkosävelmät: [1]";"-3-4+7-3-4+5-1-2-2+0+4+3-3-4+4+3-3-4+5-1-2-2+0+7-2-1-2-2+5-1-2-2+0+7-3-4+7-3-4+5-1-2-2+0+7+0-2-1-2+3-1-2-2+0+7-2-1-2+5-2-1-2+3-1+0-4+0";"dduddudddruudduuddudddruddddudddrudduddudddrurdddudddrudddudddudrdr"
"kjs_0023";"Poloinen poika";"Kantele- ja jouhikkosävelmät";"Runosävelmien sukulaisia";"4-iskuiset säkeet";"Artjamei Kyyrönen/A. O. Väisänen";"1916";"11";"2/4";"G";"Suistamo";"Muuanto";"Laatokan Karjala";"Karjalan, Inkerin, ym. alueet";"";"soittotapa: Yhdysasentoinen, soitin: Useampikielisellä kanteleella, kadenssi: Perussävelen täys- tai puolikadenssi";"";"";"-7+4+3-7+5-1-2+2-4+0+7-7+4+3-7+5-1-2+2-4+0+7-7+4+3-7+4+1-1-2-2+0+2+2+3-2-1-2+2-4+0+2-7+7+2+1-1-2-2+0";"duududdudruduududdudruduuduudddruuudddudruduuudddr"
"kjs_0024";"Poloinen poika";"Kantele- ja jouhikkosävelmät";"Runosävelmien sukulaisia";"4-iskuiset säkeet";"Iivana Shirgo/A. O. Väisänen";"1916";"12";"2/4";"g";"Impilahti";"Koivuselkä";"Laatokan Karjala";"Karjalan, Inkerin, ym. alueet";"Voi minä, polone poiga, toisekse polonalaine, kuinbo jouvuin juomarikse, juomarikse, syömärikse.";"soittotapa: Yhdysasentoinen, soitin: Useampikielisellä kanteleella, tempo: 108, äänitteet: ph. 130 b, kadenssi: Perussävelen täys- tai puolikadenssi";"";"Laulusävelmät: [1] [2] Kantele- ja jouhikkosävelmät: [1]";"+5-2-1-2+3-1+0+6-1-2-2-1+1-1+5+0+0+0-2+0+2+1-1-5+0+5-5+1+2+2+0-2-2-1+5+0+0+0-2-2-1-2+3-1+0+6-1-2-2-1+1-1+5+0+0+0-2+0+2+1-1-5+0+5-5+1+2+2+0-2-2-1+5+0+0+0";"udddudruddddudurrrdruuddruduuurdddurrrddddudruddddudurrrdruuddruduuurdddurrr"
"kjs_0025";"Rykälinnun laulu";"Kantele- ja jouhikkosävelmät";"Runosävelmien sukulaisia";"4-iskuiset säkeet";"Heikki Halonen/A. O. Väisänen";"1917";"12";"2/4";"g";"Lapinlahti";"Akkala";"Pohjois-Savo";"Itä-Suomen lääni";"";"soittotapa: Yhdysasentoinen, soitin: 5-kielisellä kanteleella, tempo: 96, kadenssi: Perussävelen täys- tai puolikadenssi";"";"";"+0+0+0+0+0+0+0+0+0+0+0-5+5+0+0+0+0+0+0+0+0+0+0+0+0+0+0+0-5+5+0+0+0+0+0+0+0+0+0+0+0+0+0+0+0-5+5+0+0+0+0+0+0+0+0+0+0+0+0+0+0+0+0+0";"rrrrrrrrrrrdurrrrrrrrrrrrrrrdurrrrrrrrrrrrrrrdurrrrrrrrrrrrrrrrr"
"kjs_0026";"";"Kantele- ja jouhikkosävelmät";"Runosävelmien sukulaisia";"4-iskuiset säkeet";"K. Collan";"1854";"12";"2/4";"G";"Eno";"Kaltimo";"Pohjois-Karjala";"Oulun lääni";"Nikkin, nakkin mustalaista.";"soittotapa: Yhdysasentoinen, soitin: Useampikielisellä kanteleella, kadenssi: Perussävelen täys- tai puolikadenssi";"";"";"+5-3-4-1-4+5+0+2+5-3-4-1-4+5+0";"udddduruuddddur"
"kjs_0027";"Runon soitanto";"Kantele- ja jouhikkosävelmät";"Runosävelmien sukulaisia";"4-iskuiset säkeet";"H. B. Crohns/K. Collan";"1854";"13";"2/4";"g";"Lieksa";"Lieksa";"Pohjois-Karjala";"Oulun lääni";"";"soittotapa: Yhdysasentoinen, soitin: 5-kielisellä kanteleella, kadenssi: Myös teräsävelen täyskadenssi";"";"";"-1+1+2+2-5+3-2-1-2+3-1+1+4-5+0+1-1+1+2+2-5+3-2-3+2+1+4-5+1-3+0";"duuududdduduudruduuududduuududr"
"kjs_0028";"";"Kantele- ja jouhikkosävelmät";"Runosävelmien sukulaisia";"4-iskuiset säkeet";"/O. A. J. Carlenius";"1810";"13";"2/4";"g";"Kerimäki";"Kerimäki";"Etelä-Savo";"Itä-Suomen lääni";"";"soittotapa: Yhdysasentoinen, soitin: Useampikielisellä kanteleella, kadenssi: Myös teräsävelen täyskadenssi";"";"";"+3-1+5-2-2-1-2+0+3-1+5-5+0-2+3-1+5-2-2-1-2+0+3-1+5-7+0+7-5+5-2-2-1-2+3-1+1-3+2+0+5-5+5-2-2-1-2+3-1+1-3+0+0+7-5+5-2-2-1-2+3-1+1+4-5+0+5-5+5-2-2-1-2+3-1+1-4+1+0+7-2+2-2-2-1-2+2+1-1+1+4-5+0+5-2+2-5+3-2-1-2+3-1+1-1-2+0+7-2+2-2-2-1-2+2+1-1+1+4-5+0+5-2+2-5+3-2-1-2+3-1+1-1-2+0+3-1+5-2-2-1-2+2+1-1+5-5+0+1-1+5-5+1-1-2+2+1-1+5-7+0+3-1+1+4-2-5+3-1+5-5+1-1+5-2-2-1-2+2+1-1+5-7";"ududdddrududrdududdddrududrududdddududurududdddududrrududddduduudrududdddududurududddduuduudrudududddududdrududddduuduudrudududddududdrududddduududrudududduududruduuddududududddduudud"
"kjs_0029";"";"Kantele- ja jouhikkosävelmät";"Runosävelmien sukulaisia";"4-iskuiset säkeet";"Iivana Lösönen/A. O. Väisänen";"1916";"14";"6/8";"G";"Suistamo";"Suistamo";"Laatokan Karjala";"Karjalan, Inkerin, ym. alueet";"Tuuti, tuuti, tutine tuuti, l'uuli, l'uuli, l'uline l'uuli, lasta piendä pikkaraista, lasta piendä pikkaraista.";"soittotapa: Yhdysasentoinen, soitin: 5-kielisellä kanteleella";"";"";"-7+7-7+7-2-1-2-2+7-7+7-7+7-2-1-2-2+5-1-2+5-2-1-2-2+2+2+1+2-2-1-2-2";"dududdddudududddduddudddduuuudddd"
"kjs_0030";"";"Kantele- ja jouhikkosävelmät";"Runosävelmien sukulaisia";"4-iskuiset säkeet";"Iivana Mishukka/A. O. Väisänen";"1916";"14";"6/8";"D";"Suistamo";"Suistamo";"Laatokan Karjala";"Karjalan, Inkerin, ym. alueet";"T'uudi lasta nukkumahe, T'uudi lasta nukkumahe, t'uudi lasta nukkumaa! Lapsi hangih, toine sängih, Lapsi hangih, toine sängih, kolmas on kalan kuduuu, Oudotju hangih, Fedottu sängih, Kaizan on kalan kuduu! Tule, uni, uksen tuakse, Tule, uni, uksen tuakse,";"soittotapa: Yhdysasentoinen, soitin: Useampikielisellä kanteleella, tempo: 30, äänitteet: prl. 8,0-11";"miksolyydinen (hypo). 6 ensimmäistä tahtia soitettu. Tahdista 6 eteen päin kirjaan on nuotinnettu vain laulu. Laulu käy välillä mollissa.";"Runosävelmät II: [1] [2] [3] [4] Kantele- ja jouhikkosävelmät: [1]";"+0+5-5+5-2-1-2-2+5+2-7+2+2+1-1-2-2+5+0+2-5-2+4-2+0+0+5-5+5-2-1-2-2+5+2-7+2+2+1-1-2-2+5+0+2-5-2+4-2";"rududddduuduuuddduruddudrrududddduuduuuddduruddud"
"kjs_0031";"";"Kantele- ja jouhikkosävelmät";"Runosävelmien sukulaisia";"4-iskuiset säkeet";"K. Collan";"1854";"16";"3/4";"g";"Eno";"Kaltimo";"Pohjois-Karjala";"Oulun lääni";"Pikku pikkunen poika päivänen jonne joutavan, vettä juotavan.";"soittotapa: Yhdysasentoinen, soitin: 5-kielisellä kanteleella";"";"";"-2+2-4-1+3-2+2-2-3+3-1+1+0-3+2+1-3+0+0";"duddududdudurduudrr"
"kjs_0032";"";"Kantele- ja jouhikkosävelmät";"Runosävelmien sukulaisia";"5-iskuiset säkeet";"/Acerbi";"1799";"16";"2/4/+ 3/4";"g";"Oulu";"";"Pohjois-Pohjanmaa";"Oulun lääni";"";"soittotapa: Yhdysasentoinen, soitin: 5-kielisellä kanteleella, tempo: Allegro vivace";"";"";"-2-2-1+1+2+2-2-2-1-2+7-2-2-1+1+2+2-2-2-1-2+0+2+3-2-1-2+2-2";"ddduuudddduddduuuddddruudddud"
"kjs_0033";"Vanha runo";"Kantele- ja jouhikkosävelmät";"Runosävelmien sukulaisia";"5-iskuiset säkeet";"Tahvo Saastamoinen/A. Lähteenkorva";"1877";"16";"2/4/+ 3/4";"G";"Nurmes";"Kuokkaisen ruukki";"Pohjois-Karjala";"Oulun lääni";"";"soittotapa: Yhdysasentoinen, soitin: 5-kielisellä kanteleella";"";"";"-5+5-2+2+0+0+0+0-7+5-1+3-3+3+0";"dudurrrrdududur"
"kjs_0034";"Vanha runo";"Kantele- ja jouhikkosävelmät";"Runosävelmien sukulaisia";"5-iskuiset säkeet";"Tahvo Saastamoinen/A. Lähteenkorva";"1877";"17";"2/4/+ 3/4";"G";"Nurmes";"Kuokkaisen ruukki";"Pohjois-Karjala";"Oulun lääni";"";"soittotapa: Yhdysasentoinen, soitin: Useampikielisellä kanteleella";"";"";"+2+2+1-1+1-3+0+2-4+5-1-2+2-4+0+0+2+2+1-1+1-3+0+2-4+5-1-2+2-4+0+4-2-2+0-1+1+2+0+2-4+7-2-1-2-2+0+4-2-2+0-1+1+2+0+2-4+7-2-1-2-2+0";"uuududrududdudrruuududrududdudruddrduurududdddruddrduurududdddr"
"kjs_0035";"";"Kantele- ja jouhikkosävelmät";"Runosävelmien sukulaisia";"5-iskuiset säkeet";"Iivana Mishukka/A. O. Väisänen";"1916";"17";"2/4/+ 3/4";"G";"Suistamo";"Leppäsyrjä";"Laatokan Karjala";"Karjalan, Inkerin, ym. alueet";"Lappalain on laiha poiga, lappalain on poiga laiha. pidibä viikoista vihoa, pidibä viikoista vihoa, tuon on vanhan Väinön piällä, tuon on vanhan Väinön piällä, Hoi sinä, muamo kandajaine.";"soittotapa: Yhdysasentoinen, soitin: Useampikielisellä kanteleella, tempo: 69, äänitteet: ph. 144 a";"";"Runosävelmät II: [1] [2] [3] [4] [5] [6] [7] [8]";"-3-2+5-3+1-1-2-2+5+2-3-2+3-1+0-2-2+0+7-3-2+5-3+1-1-2-2+5+2-3-2+3-1+0-2-2+0";"ddududdduuddudrddruddududdduuddudrddr"
"kjs_0036";"";"Kantele- ja jouhikkosävelmät";"Runosävelmien sukulaisia";"5-iskuiset säkeet";"Iivana Mishukka/A. O. Väisänen";"1916";"17";"2/4/+ 3/4";"G/g";"Suistamo";"Leppäsyrjä";"Laatokan Karjala";"Karjalan, Inkerin, ym. alueet";"Kauno tegi kandelehta, Kauno tegi kandelehta, Viron seppä vingeröistä, Viron seppä vingeröistä, lohen segän on hauvin koitelkajahtaa lohen tuoho ilo ilolla vingemöine.";"soittotapa: Yhdysasentoinen, soitin: Useampikielisellä kanteleella, tempo: 96, äänitteet: prl. 8, 12-49";"Laulu g-mollissa ja kantele G-duurissa";"Kantele- ja jouhikkosävelmät: [1]";"+0-3-2+5-3+1-1-2+0-2+5+2-4+2-1+0-4+2-2+0+7-3-2+5-3+1-1-2+0-2+5+2-4+2-1+0-4+2-2+0";"rddududdrduududrdudruddududdrduududrdudr"
"kjs_0037";"";"Kantele- ja jouhikkosävelmät";"Runosävelmien sukulaisia";"5-iskuiset säkeet";"Iivana Mishukka/A. O. Väisänen";"1916";"18";"2/4/+ 3/4";"";"Suistamo";"Leppäsyrjä";"Laatokan Karjala";"Karjalan, Inkerin, ym. alueet";"Kaunobo tegi kandelehta, Kaunobo tegi kandelehta, Viron seppä vingeröistä, Viron seppä vingeröistä.";"soittotapa: Yhdysasentoinen, soitin: Useampikielisellä kanteleella, tempo: 96";"Ei Midinä. Laulu ja säestys merkitty eri sävellajeihin: Kantele G-duuri, laulu d-molli. Eivät soi yhteen mitenkään.";"Kantele- ja jouhikkosävelmät: [1]";"-3-2+5-3+1-1-2-2+5+2-7+2+2+0+1-3-2+0";"ddududdduuduuruddr"
"kjs_0038";"";"Kantele- ja jouhikkosävelmät";"Runosävelmien sukulaisia";"säkeiden pituus vaihtelee";"Iivana Shemeikka/A. Launis";"1905";"19";"2/4, 3/8,";"G";"Suistamo";"Muuanto";"Laatokan Karjala";"Karjalan, Inkerin, ym. alueet";"Lelo lehmäset metsälle, lelo haarasarvet haavikolle, pääsee paimoset palolle.";"soittotapa: Yhdysasentoinen, soitin: 5-kielisellä kanteleella";"";"Runosävelmät II: [1] [2]";"-7+7-7+4+1-1-2-2+0+7-7+7-7+4+1-1-2-2+0+7-7+5-1+1-1-2-2+0+7-7+5-1+1-1-2-2+0+7-7+2+2+1-1-2+2+0-2+5-7+7-7+7-7+4+1-1-2+2-4+7-7+7-7+4+1-1-2+2-4+7-7+5-1+1-1-2-2+0+7-7+5-1+1-1-2-2+0+7-7+2+2+1-1-2+2+0-2+5-7";"duduudddrududuudddrudududddrudududddruduuuddurdudududuuddudududuuddududududddrudududddruduuuddurdud"
"kjs_0039";"Tuutilaulu";"Kantele- ja jouhikkosävelmät";"Runosävelmien sukulaisia";"säkeiden pituus vaihtelee";"Heikki Halonen/A. O. Väisänen";"1917";"19";"3/4, 2/4";"g";"Lapinlahti";"Akkala";"Pohjois-Savo";"Itä-Suomen lääni";"";"soittotapa: Yhdysasentoinen, soitin: 5-kielisellä kanteleella, tempo: 84";"";"";"-4+4-4+2-2+4-4+4-4+2-2-3+7-5+5-4+4-7+7-5+5-4+4-7+2+1+2+2-2-2-1-2+7+0-4+4-7+2+1+2+2-2-2-1-2+7+0-4+4+0-4+4-4+2-2+4-4+4-4+2-2-3+7-5+5-4+4-7+7-5+5-4+4-7+2+1+2+2-2-2-1-2+7+0-4+4-7+2+1+2+2-2-2-1-2+7+0-4+4";"dudududududdududududududuuuuddddurduduuuuddddurdurdudududududdududududududuuuuddddurduduuuuddddurdu"
"kjs_0040";"Piippu tupakkata, ryyppy viinaa";"Kantele- ja jouhikkosävelmät";"Runosävelmien sukulaisia";"säkeiden pituus vaihtelee";"Heikki Halonen/A. O. Väisänen";"1917";"19";"3/4, 2/4";"g";"Lapinlahti";"Akkala";"Pohjois-Savo";"Itä-Suomen lääni";"";"soittotapa: Yhdysasentoinen, soitin: 5-kielisellä kanteleella, tempo: 96";"";"";"-4+2+0+0-3+1+2+2-5+5-4+2+0+0-3+1-1+1+2+2-5+5-2-2-1-2+0+7+0-4+0+4-2-2-1-2+2+1+4-5-2+2+1+4+0";"durrduuududurrduduuududdddrurdrudddduuudduuur"
"kjs_0041";"Paimenlaulu";"Kantele- ja jouhikkosävelmät";"Runosävelmien sukulaisia";"säkeiden pituus vaihtelee";"Everik Rähkönen/A. Launis";"1905";"20";"3/8, 2/4";"g";"Ilomantsi";"";"Pohjois-Karjala";"Oulun lääni";"";"soittotapa: Yhdysasentoinen, soitin: Useampikielisellä kanteleella, tempo: 184";"doorinen";"";"-7+0+7-7+5-5+3+2+2-4-3+3+2+2-4+4-2+2-2+2-4+2+2-4+4+0-4+4-4+2+2-4+4+0-4+4-7+9+0-4+4+0-4+4-4-2+2-2+0+2+4+0-4+4+0-4+4-4-2+2-2+0+2+0+2-4+2+2-4+4+0-4+4-4+2+2-4+4+0-4+4-7";"drududuuudduuududududuudurduduudurdudurdurduddudruurdurduddudruruduudurduduudurdud"
"kjs_0042";"Paimenen huhuilu ja kotiin tulo";"Kantele- ja jouhikkosävelmät";"Runosävelmien sukulaisia";"säkeiden pituus vaihtelee";"Heikki Halonen/A. O. Väisänen";"1917";"20";"2/4";"g";"Lapinlahti";"Akkala";"Pohjois-Savo";"Itä-Suomen lääni";"";"soittotapa: Yhdysasentoinen, soitin: 5-kielisellä kanteleella, tempo: 80";"";"";"-2-2+4+0-4+2+2-4+4+0-2-2-1-2+3+4-7+3+4-4+4+0-2-2-1-2+3+4-7+3+4-4+4-4-1+3-2-1-2+3-1+5+0+0-4-1+3-2-1-2+3-1+5+0+0-4-1+5-2-2-1-2+3-1+5+0+0-4-1+5-2-2-1-2+2+1-1+5-4+4";"ddurduudurdddduuduudurdddduuduududdudddudurrddudddudurrdduddddudurrddudddduududu"
"kjs_0043";"";"Kantele- ja jouhikkosävelmät";"Runosävelmien sukulaisia";"4-iskuiset säkeet";"Jaakko Lonkainen/A. O. Väisänen";"1916";"21";"6/8, 9/8";"g";"Kitee";"Huikkola";"Pohjois-Karjala";"Oulun lääni";"Tuuti lasta tuomariksi, vetäjäksi verkaviitan, kiiku kirjan kantajaksi, panijaksi silkkipaian!";"soittotapa: Eroasentoinen";"Alkeellinen säestyksen käyttö";"Runosävelmät II: [1] [2] [3] [4] Kantele- ja jouhikkosävelmät: [1]";"-5+7-7+8+4-5-7+7+3+2-4+0-1-2+0";"duduudduuudrddr"
"kjs_0044";"Vanha runo";"Kantele- ja jouhikkosävelmät";"Runosävelmien sukulaisia";"";"Tahvo Saastamoinen/A. Lähteenkorva";"1877";"21";"2/4/+3/4";"G";"Nurmes";"Kuokkainen";"Pohjois-Karjala";"Oulun lääni";"";"soittotapa: Eroasentoinen";"Alkeellinen säestyksen käyttö";"";"+3+2-5+0+2+1-1-4+0+4-4+0+2+0+2-4+5-1-2+2-4+0+2+3+2-5+0+2+1-1-4+0+4-4+0+2+0+2-2+2+1+2-2-3+2-4+0";"uudruuddrudrurududdudruuudruuddrudruruduuuddudr"
"kjs_0045";"Vaivainen poika";"Kantele- ja jouhikkosävelmät";"Runosävelmien sukulaisia";"";"Vanja Trofimov/A. O. Väisänen";"1917";"21";"2/4";"G";"Suojärvi";"Kuikkaniemi";"Laatokan Karjala";"Karjalan, Inkerin, ym. alueet";"";"soittotapa: Eroasentoinen, tempo: 112, äänitteet: prl. 44, 40-44";"Kehittynyt säestyksen käyttö";"";"-7+2-3+3-3-4+12-7+2-3+3-3-4+9-4+2-3+3-3-4+0+9-4+2-3+3-3-4+0+12-7+2-3-2+2-4+12-7+2-3-2+2-4+9-4+2-3-2+2-4+0+9-4+2-3-2+2-4+0";"dududdudududdudududdrudududdrududdudududdudududdudrududdudr"
"kjs_0046";"Kakkuri";"Kantele- ja jouhikkosävelmät";"Laulusävelmiä";"4-iskuiset säkeet";"Miinan Domi/A. O. Väisänen";"1917";"22";"2/4";"G";"Suistamo";"Koitto";"Laatokan Karjala";"Karjalan, Inkerin, ym. alueet";"";"soittotapa: Yhdysasentoinen, soitin: Useampikielisellä kanteleella";"";"";"-7+4+3-7+4+1-1-2+2+3-7+7-7+4+3-7+4+1-1-2+2+3-7+2+2+1+4-2+0-3+1-1-2-2+2+2+1+4-2+0-3+1-1-2-2+7-7+4+3-7+4+1-1-2+2+3-7+7-7+4+3-7+4+1-1-2+2+3-7+7-2-1-2+5+0-3+1-1-2-2+7-2-1-2+5+0-3+1-1-2-2";"duuduudduududuuduudduuduuuudrduddduuuudrduddduduuduudduududuuduudduududddurdudddudddurduddd"
"kjs_0047";"Kakkuri";"Kantele- ja jouhikkosävelmät";"Laulusävelmiä";"4-iskuiset säkeet";"Iivana Lösönen/A. O. Väisänen";"1916";"22";"2/4";"G";"Suistamo";"Leppäsyrjä";"Laatokan Karjala";"Karjalan, Inkerin, ym. alueet";"Kaakkuri, kaakkuri kirjava lintu, kaakkuri, kaakkuri vesilinnun poika. Ensin on kaakkuri, sitten on se, kukapa se taskustas nappailee.";"soittotapa: Yhdysasentoinen, soitin: Useampikielisellä kanteleella";"";"Laulusävelmät: [1] [2] Kantele- ja jouhikkosävelmät: [1] [2]";"-7+4+3-7+4+1-1-2-2+0+7-7+4+3-7+4+1-1-2-2+0+9-2-2-1+3-7+4+1-1-2+0+2+1-1+3-2-1-2+2-2-2+7-7+4+3-7+4+1-1-2+2-2-2+0+7-7+4+3-7+4+1-1-2+2-2-2+0+9-2-2-1+3-7+4+1-1-2+0+2+1-1+3-2-1-2+2-2-2";"duuduudddruduuduudddruddduduuddruududddudduduuduudduddruduuduudduddruddduduuddruududddudd"
"kjs_0048";"Kakkuri";"Kantele- ja jouhikkosävelmät";"Laulusävelmiä";"4-iskuiset säkeet";"Teppana Jänis/A. O. Väisänen";"1916";"23";"2/4";"G";"Suistamo";"Maisu";"Laatokan Karjala";"Karjalan, Inkerin, ym. alueet";"Kaakkuri, kaakkur on kirjava lindu, Kaakkuri, kaakkur on kirjava lindu. Ensin kaakkur ja siittä oli se, segä minun taskussa nappailee. Ensin kaakkur ja siittä oli se, segä minun taskussa nappailee.";"soittotapa: Yhdysasentoinen, soitin: Useampikielisellä kanteleella, tempo: 132";"";"Laulusävelmät: [1] [2] Kantele- ja jouhikkosävelmät: [1] [2]";"-3-4+7-3-4+2+2-2+5+0+0-3-4+7-3-4+2+2-2+5+0-5+2+1-3+2-4+4-2+0+5-5+2+1-3+2-4+4-2-7+5";"ddudduudurrddudduudurduudududruduudududdu"
"kjs_0049";"Kakkuri";"Kantele- ja jouhikkosävelmät";"Laulusävelmiä";"4-iskuiset säkeet";"Iivana Mishukka/A. O. Väisänen";"1916";"23";"2/4";"G";"Suistamo";"Leppäsyrjä";"Laatokan Karjala";"Karjalan, Inkerin, ym. alueet";"Kikkuli, kakkuli, kirjava lindu, Kikkuli, kakkuli, kirjava lindu. Ensin olit kikkuli, siit olit se, kuga sinun taskusta nappailee.";"soittotapa: Yhdysasentoinen, soitin: Useampikielisellä kanteleella, tempo: 138, äänitteet: prl. 10, 49-55";"";"Laulusävelmät: [1] [2] Kantele- ja jouhikkosävelmät: [1] [2]";"-7+4+3-7+4+3-2-1-2-2+0+7-7+4+3-7+4+3-2-1-2-2+0+5-1-2+3-1-4+4-2-7+7+5-3+3-2-1-2-2+0+4-2+5+0-2-1-2+3-1-4+4-2-7+7+5-3+3-2-1-2-2+0+4-2+5+0+0-7+4+3-7+4+3-2-1-2-2+0+7-7+4+3-7+4+3-2-1-2-2+0+5-1-2+3-1-4+4-2+0-2+0+4-2+5-7";"duuduuddddruduuduuddddrudduddudduududdddrudurddduddudduududdddrudurrduuduuddddruduuduuddddrudduddudrdrudud"
"kjs_0050";"";"Kantele- ja jouhikkosävelmät";"Laulusävelmiä";"4-iskuiset säkeet";"K. Collan";"1854";"23";"2/4";"G";"Eno";"Kaltimo";"Pohjois-Karjala";"Oulun lääni";"Voi vaarin kallokaita, Vo vaarin kallokaita.";"soittotapa: Yhdysasentoinen, soitin: Useampikielisellä kanteleella";"";"";"-1-2+3-1+3-3-4+4-2-3+3-3+1+0+2+2-2-2+2+5+0-3-4+4-2-3+3-3+1+0";"ddududdudduduruudduurdduddudur"
"kjs_0051";"";"Kantele- ja jouhikkosävelmät";"Laulusävelmiä";"4-iskuiset säkeet";"Iivana Mishukka/A. O. Väisänen";"1916";"24";"2/4";"G";"Suistamo";"Leppäsyrjä";"Laatokan Karjala";"Karjalan, Inkerin, ym. alueet";"Voi kuin on pieninä palasina leibäni maailmasta, Voi kuin on pieninä palasina leibäni maailmasta. Uskollista riijaria olin minä hagemasta, Uskollista riijaria olin minä hagemasta.";"soittotapa: Yhdysasentoinen, soitin: Useampikielisellä kanteleella, tempo: 120";"";"Laulusävelmät: [1]";"-3+3-2-1-2-2+9-4+4-2-3-4+5-5+4+3-5+0-2+0+7-3+3-2-1-2-2+9-4+4-2-3-4+5-5+4+3-5+0-2+0+5+0+0+4-2-2-1-4+4+3-7+2+0+2+1-3+0-2+0+5+0+0+4-2-2-1-4+4+3-7+2+0+2+1-3+0-2+0+7-3+3-2-1-2-2+9-4+4-2-3-4+5-5+4+3-5+0-2+0+7-3+3-2-1-2-2+9-4+4-2-3-4+5-5+4+3-5+0-2+0+5+0+0+4-2-2-1+0-4+4+3-7+2-7+10-1-2+0-2+0+5+0+0+4-2-2-1+0-4+4+3-7+2-7+10-1-2+0-2+0";"duddddududdduduudrdrududdddududdduduudrdrurrudddduuduruudrdrurrudddduuduruudrdrududdddududdduduudrdrududdddududdduduudrdrurrudddrduudududdrdrurrudddrduudududdrdr"
"kjs_0052";"";"Kantele- ja jouhikkosävelmät";"Laulusävelmiä";"4-iskuiset säkeet";"Patshoin Stjoppi/A. O. Väisänen";"1919";"24";"2/4";"G";"Aunuksen Karjala";"Karjala";"Vienan Karjala";"Karjalan, Inkerin, ym. alueet";"";"soittotapa: Yhdysasentoinen, soitin: Useampikielisellä kanteleella";"";"";"+2-2-1-2+3-1-2+2+1+2-2-1-2+5+0+2-2-2-1-9+7+3-10+9-2-7+9+1+2-2-1-2+5+0-2+2-2+2-5+3-1-2+2+1+2-2-1-2+5+0+2-2-2-1-9+7+3-10+9-2-7+9+5-2-2-1-9+7+5+0";"udddudduuudddurudddduududduuudddurdudududduuudddurudddduududduudddduur"
"kjs_0053";"";"Kantele- ja jouhikkosävelmät";"Laulusävelmiä";"4-iskuiset säkeet";"Iivana Lösönen/A. O. Väisänen";"1916";"24";"2/4";"G";"Suistamo";"Leppäsyrjä";"Laatokan Karjala";"Karjalan, Inkerin, ym. alueet";"Minä, minä, poiga nuori kui kesäl heinä, Minä, minä, poiga nuori kui kesäl heinä, otan, otan oman kullan vaikka läbi seinän, otan, otan oman kullan vaikka läbi seinän.";"soittotapa: Yhdysasentoinen, soitin: Useampikielisellä kanteleella, tempo: 152";"";"Laulusävelmät: [1] [2] [3] [4] [5]";"+3-3+3-2-1-2-2+9-2-5+2+1+2+0-3+3-3+3-2-1-2-2+9-2-5+2+1+2+0-2+0+4-4-1+0+3-3-2+0+5-2-1+3-2+0+4-4-1+0+3-3-2+0+5-2-1+3-3+3-3+3-2-1-2-2+9-2-5+2+1+2+0-3+3-3+3-2-1-2-2+9-2-5+2+1+2+0-2+0+4-4-1+0+3-3-2+0+5-2-1+3-2+0+4-4-1+0+3-3-2+0+5-2-1+3";"ududdddudduuurdududdddudduuurdruddruddruddudruddruddruddudududdddudduuurdududdddudduuurdruddruddruddudruddruddruddu"
"kjs_0054";"Loru";"Kantele- ja jouhikkosävelmät";"Laulusävelmiä";"4-iskuiset säkeet";"Iivana Lösönen/A. O. Väisänen";"1916";"25";"2/4";"G";"Suistamo";"Leppäsyrjä";"Laatokan Karjala";"Karjalan, Inkerin, ym. alueet";"";"soittotapa: Yhdysasentoinen, soitin: Useampikielisellä kanteleella, tempo: 152";"";"";"+0+0-4+2+0+0-5+2+1+2-2-1-2+5-2+4+0+0-4+2+0+0-5+2+1+2-2-1-2+5-5+2+1+2-2-1-2+5";"rrdurrduuudddudurrdurrduuuddduduuudddu"
"kjs_0055";"""Kasaski""";"Kantele- ja jouhikkosävelmät";"Laulusävelmiä";"4-iskuiset säkeet";"Juhana Kiiskinen/A. Lähteenkorva";"16";"25";"2/4";"G";"Pielisjärvi";"Kylänlahti";"Pohjois-Karjala";"Oulun lääni";"";"soittotapa: Yhdysasentoinen, soitin: Useampikielisellä kanteleella";"""Sovitus""";"";"-12+12-12+7-7+7-7+5-5+5-1+3-2+0-5+0+5+0-1+3-2-5+5-1+3-2+0-5+0+5+0-1+3-2+2+2-2-2-1-2-2+4+1+2+0-3+1+2-3+8-5+2-2-2-1-2-2+4+1+2+0-3+3-3+8";"dududududududrdrurduddududrdrurduduuddddduuurduudududdddduuurdudu"
"kjs_0056";"""Kakkunassi""";"Kantele- ja jouhikkosävelmät";"Laulusävelmiä";"4-iskuiset säkeet";"Taavi Kiiskinen/A. O. Väisänen";"1917";"25";"2/4";"G";"Pielisjärvi";"";"Pohjois-Karjala";"Oulun lääni";"";"soittotapa: Yhdysasentoinen, soitin: Useampikielisellä kanteleella, tempo: 88, äänitteet: prl. 12, 10-16";"";"";"+7-2+0+4-7+0+3-1-2-2+7-2+4-7+0+3-1-2-2+0+4-2-3+1-3+2-4+5+4-2-3+1-3-2+10+0-1+0-4+2+0-2+4+0-4+5+0-1+0-4+2+0-3+1+5-1+0-4+2+0-2+4+0-4+5+0-1+0-4+2+0-3+1";"udrudrudddududrudddruddududuudduddurdrdurdurdurdrdurduudrdurdurdurdrdurdu"
"kjs_0057";"""Veneähen laulu""";"Kantele- ja jouhikkosävelmät";"Laulusävelmiä";"4-iskuiset säkeet";"Teppana Jänis/A. O. Väisänen";"1916";"26";"2/4";"G";"Suistamo";"Maisu";"Laatokan Karjala";"Karjalan, Inkerin, ym. alueet";"";"soittotapa: Yhdysasentoinen, soitin: Useampikielisellä kanteleella, tempo: 132";"";"";"+12+0-3+1+4-4-1+3-3-2-7+2+2+8+0-3+1+7-7-1+3+5-7-1-2+5+0-5+0+0+0+0+0-3+5+0-2+0+0+0+5+0+0-2+4-5+3-5-5+2+8+0-3+1+7-7-1+3+0-2-1-2+5+0-5+0+0+0+0+0-3+5+0-2+0+0+0+5+0+0";"urduudduddduuurduudduudddurdrrrrrdurdrrrurrdududduurduuddurdddurdrrrrrdurdrrrurr"
"kjs_0058";"""Jurvala""";"Kantele- ja jouhikkosävelmät";"Laulusävelmiä";"4-iskuiset säkeet";"Juhana Kiiskinen/A. Lähteenkorva";"16";"26";"2/4";"G";"Pielisjärvi";"Kylänlahti";"Pohjois-Karjala";"Oulun lääni";"";"soittotapa: Yhdysasentoinen, soitin: Useampikielisellä kanteleella";"";"";"+4+3-12+12+2-2-2-1+1+2-2-3-7+7+5-5+5+0+2-2-2-1+1+2-2-3+5+0-3+0-4+4-4+2-3+3-3+1+2+2+1+2-3+0+0+0-4+2-3+3-3+1";"uuduuddduuddduuduruddduuddurdrdudududuuuuudrrrdududu"
"kjs_0059";"";"Kantele- ja jouhikkosävelmät";"Laulusävelmiä";"4-iskuiset säkeet";"Taavi Kiiskinen/A. O. Väisänen";"1917";"27";"2/4";"G";"Pielisjärvi";"";"Pohjois-Karjala";"Oulun lääni";"";"soittotapa: Yhdysasentoinen, soitin: Useampikielisellä kanteleella, tempo: 116, äänitteet: prl. 12, 15-20";"";"";"+0+4+3+0+2-2-2-1-4+0+2+2+1+0-1+0+0-2+0+0+0+0+0+2+1-1+3-2+0-1-2-2+0+0+0+0+4+3-3-2-3+3-2+0+0+4+3+0+2-2-2-1-4+0+2+2+1-1-2+2+0-2+0+0+0+0+0+2+1-1+3-2+0-1-2-2+0+0+0+0+4+3-3-2-3+3-2";"ruuruddddruuurdrrdrrrrruududrdddrrrruudddudrruuruddddruuuddurdrrrrruududrdddrrrruudddud"
"kjs_0060";"""Veneähen laulu""";"Kantele- ja jouhikkosävelmät";"Laulusävelmiä";"3-iskuiset säkeet";"Teppana Jänis/A. O. Väisänen";"1916";"27";"3/4";"G";"Suistamo";"Maisu";"Laatokan Karjala";"Karjalan, Inkerin, ym. alueet";"";"soittotapa: Yhdysasentoinen, soitin: Useampikielisellä kanteleella, tempo: 132";"";"";"-3+3-2-1-2+5+0+0-2+4-5+3-5+0+2-2-2-1-2+5+2-2-2+2-5+10+0+0-2+4-5+3-5+0+2-2-2-1-2+5+2-2-2+2-5+10+0-3+1+2-2-1-2+5+0+0-2+7-8+3-5+0+2-2-2-1-2+5+2+0-2-2+7+0+0-2+7-8+3-5+0+2-2-2-1-2+5+2+0-2-2+7";"dudddurrdududrudddduuddudurrdududrudddduuddudurduudddurrdududrudddduurddurrdududrudddduurddu"
"kjs_0061";"";"Kantele- ja jouhikkosävelmät";"Laulusävelmiä";"4-iskuiset säkeet";"Vanja Trofimov/A. O. Väisänen";"1917";"27";"5/8, 3/4,";"G";"Suojärvi";"Kuikkaniemi";"Laatokan Karjala";"Karjalan, Inkerin, ym. alueet";"Olin ved mie pienembänä, lapsien keral gulaitsin, Olin ved mie pienembänä, lapsien keral gulaitsin. Tuli tsiganiha nuori, otti käen kädehen, Tuli tsiganiha nuori, otti käen kädehen.";"soittotapa: Yhdysasentoinen, soitin: Useampikielisellä kanteleella, tempo: 108, äänitteet: prl. 44, 49-53";"Vaihtelevat sormiasennot";"";"+5+2-2-3-4-1-2+7+0-2-2-1-2+2+3+9-2-2-3-4-1-2+7+0-2-2-3+2";"uudddddurdddduuuddddddurdddu"
"kjs_0062";"""Toaton soittama""";"Kantele- ja jouhikkosävelmät";"Tanssisävelmiä";"4-iskuiset säkeet";"Ontreini Jyrki/A. Lähteenkorva";"14";"28";"2/4";"G";"Vienan Karjala(Vuonninen)";"Vuonninen";"Vienan Karjala";"Karjalan, Inkerin, ym. alueet";"";"soittotapa: Yhdysasentoinen, soitin: 5-kielisellä kanteleella";"";"";"-3-4+0+7-2-1-2-2+0+7-3-4+0+7-2-1-2-2";"ddruddddruddrudddd"
"kjs_0063";"""Ripatshka""";"Kantele- ja jouhikkosävelmät";"Tanssisävelmiä";"4-iskuiset säkeet";"Fedja Happo/A. O. Väisänen";"1917";"28";"2/4";"G";"Suojärvi";"Vuondele";"Laatokan Karjala";"Karjalan, Inkerin, ym. alueet";"";"soittotapa: Yhdysasentoinen, soitin: 5-kielisellä kanteleella, tempo: 120, äänitteet: prl. 44,0-17";"";"";"+0-2-1+3-5+5-3+3+0+0-2-1+3-5+5-3+3+0+0-2-1+3-5+5-3+3+0+0-2-1+3-5+5+0-5+5-2-1+3-5+5-3+3-5+5-2-1+3+0+0+0-2-1-2-2+4-2+5-3+3+0-2-1-2-2+4-2+3-1+3+0-5+2-4+2+3-1-4+2+3-1-2-2+4-2+5-3+3-5+3-1-2-2+4-2+5+0+0+0-5+3+2+0+0-5+3+2-2+2-2-1+1+2-5+3-1+3+0-2-1+3-5+3-1+3+0+0-2-1+3-5+5-2-1+3+0+0-2-1+3-5+3-1+3+0-2-1+3-5+2+3+0-2-1+3-5+2+3+0-2-1+3-5+3-1+3-2-1-2+2+3-5+2+3-2-1-2+2+3-5+5";"rddududurrddududurrddududurrddudurduddududududdurrrddddududurddddududurduduudduudddududududddudurrrduurrduududduududurddududurrddududdurrddududurdduduurdduduurddudududdduuduuddduudu"
"kjs_0064";"""Rissakka""";"Kantele- ja jouhikkosävelmät";"Tanssisävelmiä";"4-iskuiset säkeet";"Heikki Halonen/A. O. Väisänen";"1917";"29";"2/4";"g";"Lapinlahti";"Akkala";"Pohjois-Savo";"Itä-Suomen lääni";"";"soittotapa: Yhdysasentoinen, soitin: 5-kielisellä kanteleella, tempo: 132";"";"";"+4-4+4-5+1+2-3-2+7-4+4-4+4-5+1+2-3-2+3+0+0+4-2-3+3-2-3+7-4+0+0+4-2-3+3-2+4";"ududuuddudududuuddurrudduddudrruddudu"
"kjs_0065";"""Rissakka""";"Kantele- ja jouhikkosävelmät";"Tanssisävelmiä";"4-iskuiset säkeet";"Heikki Halonen/A. O. Väisänen";"1917";"29";"2/4";"g";"Lapinlahti";"Akkala";"Pohjois-Savo";"Itä-Suomen lääni";"";"soittotapa: Yhdysasentoinen, soitin: 5-kielisellä kanteleella, tempo: 132";"";"";"+4+0+0-7+2+1+2+0-2+4+0-7+2+1+2-2-1-2+3+4-7+5+2-5-2+3+4-7+5-2+2-2-1-2+3+4-7+5-2+2-2-1-2+3+4-7+5";"urrduuurdurduuuddduuduudduudududdduudududdduudu"
"kjs_0066";"""Ripatshka""";"Kantele- ja jouhikkosävelmät";"Tanssisävelmiä";"4-iskuiset säkeet";"Pesha Patronen/A. O. Väisänen";"1916";"30";"2/4";"G";"Korpiselkä(Korpiselka)";"Yläjärvi";"Laatokan Karjala";"Karjalan, Inkerin, ym. alueet";"";"soittotapa: Yhdysasentoinen, soitin: Useampikielisellä kanteleella";"Toinen ylennys merkki suluissa. Viittaisikohan neutraaliin kvarttiin";"";"+7-7+7-7+4+3-3+1+2-3-4+7-7+12-12+4+3-3-2+2+3-3+8-8-4+5+2-5-7+12-3+0+3-3+8-8-4+5+2-5-7+12-3-4+7-3-4+7-3-4+5+2-5-7+12-3-4+7-3-4+7-3-4+5+2-5-7+12-3-4+7-3+8-8+1+2-3-2-2+7-3+8-8+1+2-3-2+2+3-3-4+12-7-1+1+2-3-2+5-3+3-3-4+12-7-1+1+2-3-2+5-7+7-3-4+12-7-1+1+4-4-1-2-2+7-3-4+12-7-1+1+4-4-1-2+2+3-3+8-10-7+5+4+0+3-3+8-10-7+5+4-4+7-3-4+12-8-2+2+3-5+2+1+2-3+3-7+12-8-2+2+3-5+2+1+2-3+3-5+5-3+1+7-8-4-5+9+3-5+5-3+1+7-8-4-5+7+5-5+5-5+5-5+5-5+5-5+5-3+3-3+3-5+5-5+5-5+5-5+5-5+5-5+5-3+3-3+3-5+5-5-3+8-5-5+10-5-5+10-5-3+8-5-3+8-5+2+3-3-4+7-5+0+5-5+5-5+5-5+5-5+5-5+5-3+3-3+3-5+5-5+5-5+5-5+5-5+5-5+5-3+3-3+3-8+3+5-8+3+5-8+3+5-7+4+3-8+3+5-8+3+5-8+3+5-7+4+3-5-3+3-5+5-7+9-4+2-3+3-5+5-7+9-4+2+5-5+5-5+5-3+3-5+5-5+5-5+5-3+3-5+5-5-3+3+5-3-4+4+3-3-4+4+3-5-3+8-3-5+5+3-5-3+3+5-3-4+4+3-5+0+5-5+5-5+5-5+5-5-3+3+5-5+5-5+5-5+5-5+5-5-3+5-2+5";"ududuuduuddududuudduududduuddudrududduuddudduddudduuddudduddudduudduddududuudddududuudduuddudduuddududdudduuddududdudduudddduddudduuddduududduurududduududdudduuduuudududduuduuudududuuddduududuuddduudududududududududududududududududduddudduddudduduuddudrududududududududududududududududuuduuduuduuduuduuduuduuddudududududududuudududududududududduudduudduuddudduudduudduudrududududduudududududdudu"
"kjs_0067";"Maanitus";"Kantele- ja jouhikkosävelmät";"Tanssisävelmiä";"4-iskuiset säkeet";"Artjamei Kyyrönen/A. O. Väisänen";"1916";"31";"2/4";"G";"Suistamo";"Muuanto";"Laatokan Karjala";"Karjalan, Inkerin, ym. alueet";"";"soittotapa: Yhdysasentoinen, soitin: Useampikielisellä kanteleella";"13. tahdista ""Astunta""";"";"+3-3+1-1-2+2+3-3+1-1-2+2+1+2-3+1-1-2+2+1+2-3+1-1-2+3-1+0+1-1-2+3-1+0+1-1-2+5-3+0+1-1-2+5-3+0+1-1-2+2+1+2-3+1+2-3+1+2-3+1+2";"ududduududduuududduuududdudruddudruddudruddudrudduuuduuduuduu"
"kjs_0068";"Maanitus";"Kantele- ja jouhikkosävelmät";"Tanssisävelmiä";"4-iskuiset säkeet";"Timo Lipitshä/A. O. Väisänen";"1917";"32";"2/4";"G";"Suistamo";"Koitto";"Laatokan Karjala";"Karjalan, Inkerin, ym. alueet";"";"soittotapa: Yhdysasentoinen, soitin: Useampikielisellä kanteleella";"";"";"+3-2-1-2+2+3-2-1+0+3-2-1+0+3-2-1+1-1+1-1-2-2+5-1+1-1-2+5-2-1+1-1-2+5-2-1+1-1-2+2+3-2+2-3+3-2+2";"uddduuddruddruddududddududduddudduddudduudududu"
"kjs_0069";"Maanitus l. ""ribatshka""";"Kantele- ja jouhikkosävelmät";"Tanssisävelmiä";"4-iskuiset säkeet";"Teppana Jänis/A. O. Väisänen";"1916";"32";"2/4";"G";"Suistamo";"Maisu";"Laatokan Karjala";"Karjalan, Inkerin, ym. alueet";"";"soittotapa: Yhdysasentoinen, soitin: Useampikielisellä kanteleella, tempo: 144, äänitteet: ph. 139,143, prl. 61, 22-31";"Lopussa Tshiizhik";"";"+0-2-1+1+2-5+5-2-1+1+2-3+3+0-2-1+1+2-5+5-2-1+1+2-3+3+5-7-1+1+4-14+12-2-1+1+2-3+3+5-7-1+1+4-14+12-2-1-2+2+3-2-1+0+1+2-2-1-2+2+3-2-1+0+1+2-2-1-2+10-7+2-3+1+2-2-1-2+10-7+2-3+1+2-2-1-2+2+3-2-1+0+1+2-2-1-2+2+3-2-1+0+1+2-2-1-2+7-2-2-1+1+2-5+5-2-1+1+2+2-2-2-1+1+2-5+5-2-1+1+2+5-5-2-1+1+2-5+5-2-1+1+2-3+8-5-2-1+1+2-5+5-2-1+1+2-3+8-7-1+3-3-2+5-2-1+3+5-7-1+3-3-2+5-2-1+3+0+2-9+7-5+5-2-1+1+2-3+3+2-9+7-5+5-2-1+1+2-3+5-2-2+2-2-1+3+2-2-2+2-2-1+3+0-3+3-2-1+1-1-2-2+2+2+1-1-2+2+0-4+4+3-3+3-2-1+1-1-2-2+2+2+1-1-2+2+0-4+4+1+0+4-4-1+0+3-3-2+2+1-1+0-2-2+4-4+4+1+0+4-4-1+0+3-3-2+2+1-1+0-2-2+4+3";"rdduududduudurdduududduuduudduududduuduudduududdduuddruuddduuddruudddududuudddududuuddduuddruuddduuddruuddduddduududduuuddduududduuuddduududduududdduududduududduddudduuddudduddurudududduuduudududduududdudduudduddurdudduddduuuddurduududduddduuuddurduuruddrudduudrdduduuruddrudduudrdduu"
"kjs_0070";"Maanitus";"Kantele- ja jouhikkosävelmät";"Tanssisävelmiä";"4-iskuiset säkeet";"Maksima Kyyrönen/A. O. Väisänen";"1916";"33";"2/4";"G";"Suistamo";"Muuanto";"Laatokan Karjala";"Karjalan, Inkerin, ym. alueet";"";"soittotapa: Yhdysasentoinen, soitin: Useampikielisellä kanteleella, äänitteet: ph.155";"";"";"+12+0-2-1+3-5+3-1-2+5-2-1+3-5+3-1-2+5+5-5-3+1+2-3-2-7+10-1+1+2-3+3+5-5-3+1+2-3-2-7+10-1+1+2-3+0-9+7+5-3-2+3-1-2+2-9+7+5-3-2+3-1-2+2-9+10-1+1+2-3-2+0+3-1-2+2-9+10-1+1+2-3-2+0+3-1-2+2+1+2-3-2+3-1-2+2+1+2-3-2+3-1-2+2+1+2+5-10+0+3-1-2+2+1+2+5-10+0+3-1-2+10-7+2+5-10+0+3+7-10+10-7+2+5-10+0+3+7-10+5-2+2+5-10+3+2-5+5-2+2+5-10+3+2-5+2+1-1+1+2-3-2+0+3-1+1+2-3+0+1-1+1+2-3-2+0+5-3+1-1+1+2-3-2+0+3-1+1+2-3+0+1-1+1+2-3-2+0+5+5-7-1+1+2-3-2+0+3-1-2+10-7-1+1+2-3-2+0+3-1-2+3+0-1+1+2-3-2+0+3-1+1+2-3+1+0-1+1+2-3-2+0+3-1+1+2-3+0+8-7-1+1+7-8-2+0+3-1+1+2-3+0+8-7-1+1+7-8-2+0+3-1+1+2-3+3+5-7-1+1+4-5-2+0+3-1+1+2-3+3+5-7-1+1+4-5-2+0+3-1+1+2-3+0-4+5-1+1+2-3+1-3+3-1-2+2-4+5-1+1+2-3+1-3+3-1-2+0-5+5-5+2+3-2+2+0-5+5-5+2+3+5-5-5+5-7+7-5+5-3+3-2+2+0-5+5-5+2+3+5-5-5+5-7+7-5+5-3+3-2+2+0-5+5-5+2+3+5";"urddududduddududduudduuddduduuduudduuddduduudrduuddudduduudduddududuuddruddududuuddrudduuuddudduuuddudduuuudrudduuuudrudduduudruududuudruududuuduududuuduuduuduuddruduudruduuddrududuuddruduudruduuddruudduuddruddudduuddruddurduuddruduudurduuddruduudrudduuddruduudrudduuddruduuduudduuddruduuduudduuddruduudrduduudududdududuudududdrduduudurduduuuddududududurduduuuddududududurduduuu"
"kjs_0071";"Maanitus l. ""trepatshkansoitto""";"Kantele- ja jouhikkosävelmät";"Tanssisävelmiä";"4-iskuiset säkeet";"Iivana Lösönen/A. O. Väisänen";"1916";"34";"2/4";"G";"Suistamo";"Leppäsyrjä";"Laatokan Karjala";"Karjalan, Inkerin, ym. alueet";"";"soittotapa: Yhdysasentoinen, soitin: Useampikielisellä kanteleella, tempo: 152";"";"";"+12-12+12-12+12+0+0-2-1+0+1-3+2-2+5+0-2-1+0+1-3+2-2+2+0+1+2+0-2-3+2-2+2+0+1+2+0-2-3+2-2+5-2+2+2-2-2-3+2+0+3-2+2+2-2-2-3+2+0+5+0-4-1+0+1-3+2-2+7+0-4-1+0+1-3+2-2+3+2-2-1+0+1-3+2+0+1+2-2-1+0+1-3+5+0+2-2-2-3+2-2+5+2-2-2-3+2+1+4-4-1+3-5+5-3+3-2+4-4-1+3-5+5-3+3-12+12-5-7+12-5-7+0+5+4-9+12-5-7+12-5-7+0+12+0+0-2-1+0+1-3+0+0+0+7-4-1-2+5+0+0-2-1+0+1-3+0+0+0+7-4-1-2+5+2-9+5+4-2-2-1-2+0+0+5+0-2-1-2+5+2-9+5+4-2-2-1-2+0+0+5+0-2-1-2+5";"ududurrddrududurddrududuruurdduduruurddududuuddduruduudddururddrududurddrududuuddruduruuddruduruddduduuddduuuddududududdududududduddruududduddrurrddrudrrrudddurrddrudrrruddduuduuddddrrurddduuduuddddrrurdddu"
"kjs_0072";"""Brisahka""";"Kantele- ja jouhikkosävelmät";"Tanssisävelmiä";"4-iskuiset säkeet";"Mikko Röpeli/A. O. Väisänen";"1916";"35";"2/4";"G";"Korpiselkä(Korpiselka)";"Kitilänvaara";"Laatokan Karjala";"Karjalan, Inkerin, ym. alueet";"";"soittotapa: Yhdysasentoinen, soitin: Useampikielisellä kanteleella";"";"";"+5-8+3-5+5-3+3+0+5-8+3-5+5-3+3+0+5-7-1+1+2-3-2+5-3-4+4+3-3+3+5-7-1+1+2-3-2+5-3-4+4+3-3+3-2-1-2-2+4-2-7+5+4+3-2-1-2-2+4-2-7+9+3+5-8+1+2-5+5-3+3+0+5-8+1+2-5+5-3+3-2+7-7-1+1+2-3-2+5-3-4+4+3-3+1+7-7-1+1+2-3-2+5-3-4+4+3-3+3-2-1-2-2+4-2-7+5+4+3-2-1-2-2+4-2-7+9";"udududurudududurudduuddudduuduudduuddudduududdddudduuuddddudduuuduududuruduududududduuddudduuduudduuddudduududdddudduuudddduddu"
"kjs_0073";"Maanitus";"Kantele- ja jouhikkosävelmät";"Tanssisävelmiä";"4-iskuiset säkeet";"Iivana I. Härkönen/A. O. Väisänen";"1917";"35";"3/4, 2/4";"G";"Suistamo";"Äimäjärvi";"Laatokan Karjala";"Karjalan, Inkerin, ym. alueet";"";"soittotapa: Yhdysasentoinen, soitin: Useampikielisellä kanteleella";"terssi neutraali ja septimi pieni";"";"+3-1-2+5-5+3-1-2+5-3+8-7-5+5+2-3-2+0+2-2+2+8-7-5+5+2-3-2+0+2-2+2+8-7-5+5+4-5-2+0+5-5+2+8-7-5+5+4-5-2+0+5-5+2+5-5-4+5+2-2-3+0+5+0-3+5-5-4+5+2-2-3+0+5+0-3+3-2+4-4+7-7+2-5+5-5+2+3-2+4-4+7-7+2-5+5-5-7+10-1-2+2+3-5+5-5+2+3-12+10-1-2+2+3-5+5-5+5";"uddududdududduuddruduudduuddruduudduuddruduudduuddruduudduuddrurdudduuddrurdudududududuudududududdudduududuududduududu"
"kjs_0074";"Kisavirsi";"Kantele- ja jouhikkosävelmät";"Tanssisävelmiä";"4-iskuiset säkeet";"Jaakko Kul´l´u/A. O. Väisänen";"1917";"36";"2/4";"G";"Suojärvi";"Parkinselkä";"Laatokan Karjala";"Karjalan, Inkerin, ym. alueet";"";"soittotapa: Yhdysasentoinen, soitin: Useampikielisellä kanteleella, tempo: 104, äänitteet: prl. 58, 27-55";"miksolyydinen";"";"+0-2-1-2+3+2-3+3-2+2-3+3-5+5-3+3-2+2-2-1+3-3+3-3+3-3+0+3-2-1-2+2+3-5+5-3+3+0-2-1-2+2+3-5+3-1-2+2+3+0-2-1-2+2+3-5+3-1-2+5+0-3-2+2+1+2-3+3-2-1-2+2+3-2+2-2-1+3-5+5-3+3+0-2-1+3-5+5-3+3-2+2-2-1+3-5+3-1-2+2+3-12+12-5-7+12-5-7+10-1-2+2+3-12+12-5-7+12-5-7+12-3+3-5+5-12+7+5-12+7+3-1-2+2+3-5+0-2+2-4+4-2+7-5-4+4-2-2+4-2+7-5-4+4-2-2+4+5-2-1-2-4+9-5-5+10-5-7+12-5+2+3-9+4+5-5-5+5+5-5-7+7+5-5-2+4+3-3+1+4-5+3-5+5-3+3-2+2-2-1+3-5+5+0";"rddduudududududududdudududruddduududurddduududduurddduududdurdduuududdduududdududurddududududdududduududduddudduududduddudududuuduudduudrdudududduddududdudduudddduddudduduuduudduudduudduuduudududududdudur"
"kjs_0075";"Maanitus";"Kantele- ja jouhikkosävelmät";"Tanssisävelmiä";"4-iskuiset säkeet";"Iivana Shirgo/A. O. Väisänen";"1916";"37";"2/4";"g";"Impilahti";"Koivuselkä";"Laatokan Karjala";"Karjalan, Inkerin, ym. alueet";"";"soittotapa: Yhdysasentoinen, soitin: Useampikielisellä kanteleella, tempo: 138, äänitteet: ph. 134 a";"Lopussa Tshiizhik";"";"-2-2+2+2-4-1+5-2-2+4+0-2-2+2+2-4-1+5-2-2+4-2-3+3-2+2+2-4-1+5-2-2+4-4+2-3+3-2+2+2-4-1+5-2-2+4-4+0+5-3-2+2+2-2-3+3-2-1+1+5-3-2+2+2-2-3+3-2-1+5+5-7-2+2+2-5+5-2-2+2+2-4+4+5-7-2+2+2-5+5-2-2+2+2-4+4-4+2+2+0-2-3+3-2+0+2-2+4-2-2+4-4+2-3+3-2-1+6-13+12+0-2-3+3-2+0+2+3-13+12+0-2-3+3-2+0+2-9+12-3-2+2+2-4-1+5-2-2+2+2-11+12-3-2+2+2-4-1+5-2-2+2+2+0-5+1+2+2-5+5-2-2+2+2+0-5+1+2+2-5+5-2-2+2+2+0+5-7-2+2+2-5+5-2-2+4+0+5-7-2+2+2-5+5-2-2+4+0+0+0+0-2-2-1-2-2+4-7+1+2+2+2+1+2+2+0+0+0-2-2-1-2-2+4-7+1+2+2-5+12+0-2-2+4-2-3+3-2+4-4+4-2-2+4-2-3+3-2+4-4";"dduudduddurdduudduddudduduudduddudududuudduddudrudduuddudduudduuddudduudduududduuduudduududduududuurddudrududdudududdudurddudruudurddudrududduuddudduududduuddudduurduuududduurduuududduurudduududdurudduududdurrrrddddduduuuuuuurrrddddduduuudurdduddudududduddudud"
"kjs_0076";"";"Kantele- ja jouhikkosävelmät";"Tanssisävelmiä";"4-iskuiset säkeet";"Iivana Brelo/A. O. Väisänen";"1920";"38";"2/4";"G";"Suojärvi";"Hautavaara";"Laatokan Karjala";"Karjalan, Inkerin, ym. alueet";"";"soittotapa: Yhdysasentoinen, soitin: Useampikielisellä kanteleella";"Toinen ylennys merkki suluissa. Viittaisikohan neutraaliin kvarttiin";"";"+0-5+5-2-1+3-5+5-2-1+3-5+5-2-1+3-5+5-2-1+3+0+5-7-5+7-12+12-2-1+3+0+5-7-5+7-12+12-2-1+3+0+2-4+4-2-2-3+5-2-1+3+0+2-4+4-2-2-3+5-2-1+3-2+4-9+7-2+0-3+2+1+0+4-9+7-2+0-3+2+1+2+5-7-5+12-7+4-7+2+3-3+3+5-7-5+12-7+4-7+2+3-3-4+5+4-4-5+5+4-4+4-7+2+3-3-4+5+4-4-5+5+4-4+4-7+2+3-3+0+3-2-1+3-5+5-2-1+3-3+3-2-1+3-5+5-2-1+3-3+1-1+3-5+5-3+3-3+1-1+3-5+5-3+3+0+0-5+5-2-1+3+0+0-5+5-2-1+3+0-2-1+0-2+5-2-1+3+0-2-1+0-2+5-2-1+3-7+5-1-2-2+4-2+5-2-1+3-3-4+5-1-2-2+4-2+5-2-1+3-3-2+5-2-1+3-2-3+2+3-5+5-2-1+3-2-3+2+3-2-3+2+1-1-2+2+0+1-3+2+1-1-2+2+0+1+4-5+3-5+5-2-1+3-2+4-5+3-5+5-2-1+3-5+5-3-4+4+1-10+7-2+4-2+5-3-4+4+1-10+7-2+4-9+12-5-7+12-5-5+2+1+4-9+12-5-7+12-5-5+2+1+4-9+12-5-7+12-5-5+5-3+3-2+7-3-9+12-5-7+12-5-5+5-3+3-2+7-3+3";"rduddududdududdududduruddududduruddududdurududdduddurududdduddudududrduurududrduuuuddududuuduuddududuudduudduududuudduudduududuudruddududdududdududdududududududududurrduddurrduddurddrduddurddrduddududddududduddudddududdudduddudduududdudduudduudduruduudduruudududdududududdududduududududduududududdudduuududdudduuududduddudududdudduddudududu"
"kjs_0077";"Maanitus l. ""ribatshka""";"Kantele- ja jouhikkosävelmät";"Tanssisävelmiä";"4-iskuiset säkeet";"Vanja Trofimov/A. O. Väisänen";"1917";"39";"2/4, 3/4";"G";"Suojärvi";"Kuikkaniemi";"Laatokan Karjala";"Karjalan, Inkerin, ym. alueet";"";"soittotapa: Yhdysasentoinen, soitin: Useampikielisellä kanteleella, tempo: 132, äänitteet: prl.58, 0-17";"";"";"+0+0-5+5-2-1+3-2+7-8+0-2+5-2-1+3-2+7-8+0-2+5-2-1+3-2+7-8+0-2+5-2-1+3-2+7-8+0-2+5-2-1+3-2+4-4+7-8+0-2+5-2-1+3-2+4-4+7-8+0-2+5-2-1+3-2+4-4-5+5+7-7-5+5+7-7-5+5+7-7-5+5+7-7-1+0+1-1-2+2+3-2+4-4-5+5+7-7-5+5+7-7-5+5+7-7-5+5+7-7-1+0+1-1-2+2+3-7+5+4-4-5+5+4-4-5+5+4-4-5+5+4-4-5+5+4-4+2+0-2-1-2+2+3-7+5+4-4-5+5+4-4-5+5+4-4-5+5+4-4-5+5+4-4+2+0-2-1-2+2+3-7+4+8+0+0-10+2+3-3-4+4+8+0+0-10+2+3-3+0-4+2+2+1+4-5+5-5+5-5+5-5+5-4+4-9+5+4-2-2-1-2-7+7-7+7-7+7-7+7-7+5-1+0+3-5+0+5-7+0+7-2+0+2-3+0+3-5+0+5-7+0+7-2+0+2-3+0+3-5+0+5-7+12-12+12-12+12-2-1-2+5";"rrduddududrduddududrduddududrduddududrduddudududrduddudududrduddududduudduudduudduuddrudduududduudduudduudduuddrudduuduudduudduudduudduudurddduuduudduudduudduudduudurddduuduurrduudduurrduudrduuuududududududuudddddudududududrudrudrudrudrudrudrudrudrudrududududddu"
"kjs_0078";"";"Kantele- ja jouhikkosävelmät";"Tanssisävelmiä";"4-iskuiset säkeet";"Vaskan Jaakoi/A. O. Väisänen";"1919";"40";"2/4";"G";"Aunuksen Karjala";"Suurimäki";"Vienan Karjala";"Karjalan, Inkerin, ym. alueet";"";"soittotapa: Yhdysasentoinen, soitin: Useampikielisellä kanteleella";"miksolyydinen";"";"+2-2-1+1+2-5+5-2-1+1+2-2+2-2-1+1+2-5+5-2-1+1+2-5+0+2-2+0+2+0-2+0+2-2+0+2-4+7-2-1-2-2+4-2+0+2+0+3-2-1-2-2+4-2+0+5-2+4-4-1+1+2-5+5-2-1+1+2-2+4-4-1+1+2-5+5-2-1+1+2-5+0+2-2+0+2+0-2+0+2-2+0+2-4+9-4-1-2-2+4-2+0+2+0+5-4-1-2-2+4-2+0+5";"udduududduududduududduudrudrurdrudrududdddudruruddddudrududduududduududduududduudrudrurdrudrududdddudruruddddudru"
"kjs_0079";"""Brisatka""";"Kantele- ja jouhikkosävelmät";"Tanssisävelmiä";"4-iskuiset säkeet";"Hilppa Vornanen/A. O. Väisänen";"1916";"41";"2/4, 3/4";"G";"Korpiselkä(Korpiselka)";"Ristsalmi";"Laatokan Karjala";"Karjalan, Inkerin, ym. alueet";"";"soittotapa: Yhdysasentoinen, soitin: Useampikielisellä kanteleella";"";"";"+5+7-2+4-4-1+3-3-2-7+7+5-3+1+4-4-1+3-3-2-7+12+0-2-1+1+2-5-2+2+2+1+4-2-2-1+1+2-5-2+2+2+1+4-2-2-1+1+2-5-2+2+5-2+7-7-1+3-3-2-7+7-2+7-3+1+4-4-1+3-3-2-7+12+0-2-1+1+2-5-2+2+2+1+7-5-2-1+1+2-5-2+2+2+1+7-5-2-1+1+2-5-2+2+5";"uududduddduuduuddudddurdduudduuuuddduudduuuuddduudduududdudddududuuddudddurdduudduuuuddduudduuuuddduudduu"
"kjs_0080";"""Pläshshindyvirsi""";"Kantele- ja jouhikkosävelmät";"Tanssisävelmiä";"4-iskuiset säkeet";"Patshoin Stjoppi/A. O. Väisänen";"1919";"41";"2/4";"G";"Aunuksen Karjala";"Suurimäki";"Vienan Karjala";"Karjalan, Inkerin, ym. alueet";"";"soittotapa: Yhdysasentoinen, soitin: Useampikielisellä kanteleella";"";"";"+4-4-1+3-5+5-3+3-2+4-4-1+3-3-2+5-5+2+3-3-4+5+4-4-5+4+3-3-9+10-1-2-2+4+3-3-4+5+4-4-5+4+3-3-9+10-1-2-2+4+3-3+5-2-2-1+0-2+5-2-1+3+2-2-2+2+0+0+0+0+0+2-2-2-1-4+4-2-7+7+2-4+7-7+9-2+0-2-3+2+3-2+4-4-5+9-4-1-2+2+3-8-2+5-7+12-5-7+4+3-2+0-1+0+3-3+3-3+3-2-3+5-3+8-5-3+8-5-3+8-5-2+7-5-3+8-5-2+7-5-3+8-5-2+7-5-3+8-5-7+12-5-7+12-5-5+10-5-5+5-3-2+5+2-2-2+7-5-3+8-3+3-2-3+2+3-5-7+7+2-4+4-5+6-1-2+2-4+4+3-7+5+2-7+2-7+10+2-7+7-7+5+2-3-4+2-7+10+2-7+7-7+5+2-7+4-2-7+10+2-7+4+3-7+5+2-7+4-2-7+12-2+4-5+3-2-3+2+3-12+10-1-2+2+3-3-2+5-5+2+3-3-9+10-1-2+2+3-5+5-3+3-2+4-4-5+5+4-4-10+10-1-2+2+3-2+4-4-5+5+4-4-5+5+4-4-5+5+4-4-10+10-1-2-5+7+3-3+1+4-4-5+5+4-4-5+5+4-4-5+5+4-4-10+10-1-2+5";"uddududududdudduduudduudduudduddduudduudduudduddduududddrdudduuddurrrrruddddudduudududrdduududduddduuddududduudrdrudududdududduddudduddudduddudduddudduddudduddudduudduddududduudduudududduduuduududuududuudduduududuududduuduuduududdudududduududduudduduuddudduududududduuddudduududduudduudduudduddduuduudduudduudduudduddu"
"kjs_0081";"""Ruskoi-peli""";"Kantele- ja jouhikkosävelmät";"Tanssisävelmiä";"4-iskuiset säkeet";"Timo Lipitshä/A. O. Väisänen";"1917";"43";"2/4";"G";"Suistamo";"Koitto";"Laatokan Karjala";"Karjalan, Inkerin, ym. alueet";"";"soittotapa: Yhdysasentoinen, soitin: Useampikielisellä kanteleella";"";"";"+4-4-1+3-3-2+5-5-2+4+1+4-4-1+3-3-2+5-5-2+4+1+4-4-1+3-3-2+0+2+0+1+4-4-1+3-3-2+0+2+0-9+10-1-2-2+4-2+0-2+4-9+10-1-2-2+4-2+0-2+4-9+10-1-2-2+4-2+5-5+2+3-12+10-1-2-2+4-2+5-5+2+3-12+10-1-2-2+7-3-2+5-5-2+7-3+1+7-7-1+5-5-2+5-5+2+3+0+5-7-1+5-5-2+5-5+2+3+0+5-7-1+5-5-2+5-5+2+3+0";"udduddudduuudduddudduuudduddruruudduddrurdudddudrdududddudrdududddududuududddududuududdduddudduduuddudduduuruddudduduuruddudduduur"
"kjs_0082";"""Ristakka""";"Kantele- ja jouhikkosävelmät";"Tanssisävelmiä";"4-iskuiset säkeet";"Miinan Domi/A. O. Väisänen";"1917";"43";"2/4";"G";"Suistamo";"Koitto";"Laatokan Karjala";"Karjalan, Inkerin, ym. alueet";"";"soittotapa: Yhdysasentoinen, soitin: Useampikielisellä kanteleella";"";"";"+4-4-1+3-3-2-7+5+7-2+4-4-1+3-3-2-7+5+7+5-7-1+1+2-5+5-7+7+5-7-1+1+2-5+5-7+7-3+1-1+3-2-1-2+2+1-1+3-2-1-2+3+7-7-1+5-5-2+5-2-1+3-2+7-7-1+5-5-2+5-2-1+3-3+1+2-3+1-1-2+2+1+2-3+1-1-2-3+8-10+10-5-5+2+1+7-8+8-10+10-5-5+2+1+7-5+0+0-5+5-7+5+7-5+0+0-5+5-7+5+7-2+4-4-1+3-3-2-3+1+7-2+4-4-1+3-3-2-3+1+7-2+4-5+3-2-8+2+1+7-2+4-5+3-2-8+2+1+7-2+4-4-1+1+2-3-2-5+2+1+7-2+4-4-1+1+2-3-2-5+2+1+7-2+7-7-1+1+4-5-2-5+2+1+7-2+7-7-1+1+4-5-2-5+2+1+7+0-2-1+3-5-5+2+1+7+0-2-1+3-5-5+2+1+7-12+12";"udduddduududduddduuudduududuudduudududududdduududdduuddudduddududduddudduduududduuududddududduuudududduuudrrduduudrrduduududduddduududduddduudududduuudududduuududduuddduuududduuddduuududduuddduuududduuddduuurddudduuurddudduuudu"
"kjs_0083";"""Ripatshka""";"Kantele- ja jouhikkosävelmät";"Tanssisävelmiä";"4-iskuiset säkeet";"Pekka Happo/A. O. Väisänen";"1917";"44";"2/4";"G";"Suojärvi";"Vuondele";"Laatokan Karjala";"Karjalan, Inkerin, ym. alueet";"";"soittotapa: Yhdysasentoinen, soitin: Useampikielisellä kanteleella, tempo: 126, äänitteet: prl. 44, 24-35";"Toinen ylennys merkki suluissa. Viittaisikohan lyydiseen moodiin.";"";"+4-5-4+7-5-7+12-3-4+7-2+4-5-4+7-5-7+12-3-4+2+2-4+0+2-3+0+5-4+0+2-3+8-3-4+2-3+5-4+0+2+0+2-4+0+2-3+0+5-4+0+2-3+8-3-4+2-3+5-4+7-2+4-5-4+7-5-7+12-3-4+7-2+4-5-4+7-5-7+12-3-4+2+5-3-4+2-3+0+5-4+0+2-3+5-4+0+2-3+0+5-4+0+2+0+2-4+0+2-3+0+5-4+0+2-3+5-4+0+2-3+0+5-4+7";"uddudduddududduddudduudrudrudrududdududrurudrudrudrududdududududdudduddududduddudduuddudrudrududrudrudrurudrudrudrududrudrudu"
"kjs_0084";"""Ripatshka"" l. "" prishonkka""";"Kantele- ja jouhikkosävelmät";"Tanssisävelmiä";"4-iskuiset säkeet";"Mikko Patronen/A. O. Väisänen";"1916";"44";"2/4";"G";"Korpiselkä(Korpiselka)";"Yläjärvi";"Laatokan Karjala";"Karjalan, Inkerin, ym. alueet";"";"soittotapa: Yhdysasentoinen, soitin: Useampikielisellä kanteleella";"";"";"+7-7-1+3-5+5-3+3-7+5+7-7-1+3-3-2+5-3+3-3+1+4-5+3-5-7+12-3+3-2+7-7-5+4+3-5-7+12-3+3-2-5+9-2-2-1+3-5-7+12-3+3-3+1+4-4-5+4+3-12+7+2+3-7+5+4-4-5+4+3-5+5-3+3-7+5+4-4-5+4+3-5+5-3+3+5-7-1-2+2+3-5-7+12-3+3-8-2+5-5+5+5-3+3-12+2+2+8-5-7+12-3+3-5+0+0+0+0-3+3-2+4-2-2+2+0+0+0-3+3+2-2-2-5+7+2+1+2+2+3-10+2+3-12+7+2+1+2+2+3-10+2+5-9+5-1-4+4-2-7+7+2-4+4+5-9+5-1-4+4-2-7+7+2-4+4-2-3+3+0-5+5-3-4+7+2-4+4-2-3+3+0-5+5-3+3-3+3+2-4+4-2-3+3+0-5+5-3-4+7+2-4+4-2-3+3+0-5+5-3+3-3+3+2-9+7+2+1+2+2+3-10+2+3-12+7+2+1+2+2+3-10+2";"uddudududuudduddududuududdudududduuddududduddduddududuudduuduuuduudduudududuudduududuuddduuddududduduududuuuddududrrrrdududdurrrduuddduuuuuuduuduuuuuuduududdudduuduududdudduududdurdudduududdurdududuududdurdudduududdurdududuuduuuuuuduuduuuuuudu"
"kjs_0085";"""Tripatshka""";"Kantele- ja jouhikkosävelmät";"Tanssisävelmiä";"4-iskuiset säkeet";"Jeyssei Pyy/A. O. Väisänen";"1916";"45";"2/4";"?";"Korpiselkä(Korpiselka)";"Yläjärvi";"Laatokan Karjala";"Karjalan, Inkerin, ym. alueet";"";"soittotapa: Yhdysasentoinen, soitin: Useampikielisellä kanteleella";"";"";"+0-2+0-5+0+2+3+2+0-2+0-5+0+2+3+2+0-2+0-2-1-2+5-3+5+0-2+0-2-1-2+5-3-4+12-7-5+4+3-3-4+2+2+3-7+12-7-5+4+3-3-4+2+5-5-3-2+0+5-3+3+2+0-2+5-5+5-8+8-3+3-5+5-5+0+5-5-3+8-3+3-5+5-5+0+5-5-3+8-3+3+0-2-1-2+0+5-5+5-5+5-3+3+0-2-1-2+0+5-5+5-5+5-3+3-3";"rdrdruuurdrdruuurdrdddudurdrddduddudduudduuududduudduudddruduurdudududududruddudududruddudurdddrudududurdddrudududud"
"kjs_0086";"Maanitus";"Kantele- ja jouhikkosävelmät";"Tanssisävelmiä";"4-iskuiset säkeet";"Paavila Patronen/A. O. Väisänen";"1916";"46";"2/4";"G";"Korpiselkä(Korpiselka)";"Ägläjärvi";"Laatokan Karjala";"Karjalan, Inkerin, ym. alueet";"";"soittotapa: Yhdysasentoinen, soitin: Useampikielisellä kanteleella";"";"";"+5+4+3-3+0+3-3+0+1+2-5+5-3+3-3+0+3-3+0+1+2-5+5-3+5-5+0+3-3-4+5+2-5-7+12-3+0+5-5+0+3-3-4+5+2-5-7+12-3-4+7-3-4+9-5-4+5+2-5+5-3-4+7-3-4+9-5-4+5+2-5+5-3-4+11-7-4+7-3-4+5+2-5+5-7+11-7-4+7-3-4+5+2-5+5-3+3-3-4+5+4-4-1+1+2-5-7+12-3+0+3-3-4+5+4-4-1+1+2-5-7+12-3+1+4-4-5+7+2-4-1+1+2-3-4+7-5+5-5-7+12-3+1+2-3-4+5+2-2+4-4-5+7+2-4-1+1+2-3-4+7-5+5-5-7+12+0-5+5-5-7+12-5+5-3+3-5-3+3-5+5-5+5-3+8-3-4+5+2-5-7+0+7-5+5-5+5-3+5+3-2-1+1+2-5-7+12-12+2+5+5-3-4+7-12+12-12+2+5+5-3-4+7-5+5-3-9+12-5+5-7+7-3";"uuudrudruudududrudruudududrudduuddudrudrudduuddudduddudduududduddudduududduddudduudududdudduudududduudduuddudrudduudduudduduudduudduuddududduduudduududduudduuddududdurduddudududdududududduuddrudududuudduudduduuuddududuuuddududdududud"
"kjs_0087";"Maanitus";"Kantele- ja jouhikkosävelmät";"Tanssisävelmiä";"4-iskuiset säkeet";"Paavila Patronen/A. O. Väisänen";"1916";"47";"2/4";"G";"Korpiselkä(Korpiselka)";"Ägläjärvi";"Laatokan Karjala";"Karjalan, Inkerin, ym. alueet";"";"soittotapa: Yhdysasentoinen, soitin: Useampikielisellä kanteleella";"";"";"+7-7+12-12+7-3-4+9-5-4+5+2-5-7+12-3-4+7-3-4+9-5-4+5+2-5-7+12-3+0+3-3-4+7-2+2+2-4-5+9-5+1+2-3-4+5+2-5+5-5-7+12-3+3-3-4+7-2+2+2-4-5+9-5+1+2-3-4+5+2-5+5-5-7+12-3+3-3-4+5+2-2+4-4-5+7+2-5-4+7-3-4+5+2-5-7+9+3-3-2+5-3+3-3-4+5+2-2+4-4-5+7+2-5-4+7-3-4+5+2-5-7+9+3-3-2+5-5+5-12+2+5+5-3-4+7-5+5-5-7+12-5+5-7+7-5+5-5-7+2+5+2+3-2-1+1+2-5-7+7-5+5-5+5-3+8-5+2-4+7-5-7+7-5+5-5+5+0-3+5-2+5-5-7+2+5-3+8-3-4+5+2-5+0+5-5-7+2+5-3+8-3-4+5+2-5-2+7-3";"udududdudduuddudduddudduuddudrudduduudduduudduududdududduduudduduudduududdududduududduuddudduudduuddududduududduuddudduudduuddududuuuddududdududududduuuudduuddududududududdududurdududduududduudrudduududduuddud"
"kjs_0088";"""Ripatshka""";"Kantele- ja jouhikkosävelmät";"Tanssisävelmiä";"4-iskuiset säkeet";"Everik Rähkönen/A. Launis";"1905";"48";"2/4";"g";"Ilomantsi";"";"Pohjois-Karjala";"Oulun lääni";"";"soittotapa: Yhdysasentoinen, soitin: Useampikielisellä kanteleella, tempo: 120";"doorinen";"";"+19-3+1+4-4-1+1+2-3-2+2+3-3+1+4-4-1+1+2-3-2+2-4+4+3-3-4+4+8-7-5+4+3-3+0-4+4+3-3-4+4+8-7-5+4+3-3+0+0+1+2-3-2-3+5-4-12+0+16+1+2-3-2-3+5-4-12+0+12+2+2+1+4-2-2-1-4+2+2+1+4-2-2-1";"uduudduudduuduudduudduduudduudduudrduudduudduudrruuddduddruuuddduddruuuuudddduuuuddd"
"kjs_0089";"""Ripatshka"" l. "" prissahka""";"Kantele- ja jouhikkosävelmät";"Tanssisävelmiä";"4-iskuiset säkeet";"Iivana Shemeikka/A. Launis";"1905";"48";"2/4";"G";"Suistamo";"Muuanto";"Laatokan Karjala";"Karjalan, Inkerin, ym. alueet";"";"soittotapa: Yhdysasentoinen, soitin: Useampikielisellä kanteleella";"";"";"+16-4+5+7-7-1+1+2-3-2+2+0-4+5+7-7-1+1+2-3-2+2-4+4+3-3-4+4+8-7-5+4+3-3+0-4+4+3-3-4+4+8-7-5+4+3-3+0+0+1+2-3-2-3+5-4-12+0+16+1+2-3-2-3+5-4-12+0+12+2+2+1+4-2-2-1-4+2+2+1+4-2-2-1";"uduudduuddurduudduudduduudduudduudrduudduudduudrruuddduddruuuddduddruuuuudddduuuuddd"
"kjs_0090";"Maanitus";"Kantele- ja jouhikkosävelmät";"Tanssisävelmiä";"4-iskuiset säkeet";"Iivana Mishukka/A. O. Väisänen";"1916";"49";"2/4";"G";"Suistamo";"Leppäsyrjä";"Laatokan Karjala";"Karjalan, Inkerin, ym. alueet";"";"soittotapa: Yhdysasentoinen, soitin: Useampikielisellä kanteleella, tempo: 144-152, äänitteet: ph. 146 b";"Toinen ylennys merkki suluissa. Viittaisikohan lyydiseen moodiin.";"";"+0-2-1-2+2+3-2-1+1+2-3+1-3+3-1-2+5+0-2-1-2+2+3-2-1+1+2-3+1-3+3-1-2+2+0+1+4-5+3-2-3+2-2+2+0+1+4-5+3-2-3+2-2+2+3-3+3-2-3+2+1+2-3+0+3-3+3-2-3+2+1+2-3+3+2-4-1+1+2-3+1-3+3-1-2+5+2-4-1+1+2-3+1-3+3-1-2+5+4-6-1+1+2-3+1-3+3-1+0+3+4-6-1+1+2-3+1-3+3-1+0+3-3+5-5-4+4+3-3+1-3+2+0+3-3+5-5-4+4+3-3+1-3+2+0+3+2-4-1+1+2-3+1-3+2+3+0+2-4-1+1+2-3+1-3+2+3+0+0-2-1+1+2-3+1-1-2-2-1-2+5-7+7+5-5+0+0+2-2+5+0-2-1+1+2-3+1-1-2-2-1-2+5-7+7+5-5-7+0+12";"rddduudduudududdurddduudduudududduruududduduruududduduududduuudrududduuuduudduudududduudduudududduudduudududruudduudududrududduududurududduududuruudduududuurudduududuurrdduududdddduduudrrudurdduududdddduduuddru"
"kjs_0091";"""Ruskoi""";"Kantele- ja jouhikkosävelmät";"Tanssisävelmiä";"4-iskuiset säkeet";"Iivana Shemeikka/A. Launis";"1905";"49";"2/4";"G";"Suistamo";"Muuanto";"Laatokan Karjala";"Karjalan, Inkerin, ym. alueet";"";"soittotapa: Yhdysasentoinen, soitin: Useampikielisellä kanteleella";"";"";"+5+4-9+9-4+4+3-3-4+4+3-3+1-1-2+2-2-5+5+0-5+8-1-2-2+4-9+9-4+4+3-3-4+4+3-3+1-1-2+2-2-5+5+0-5+8-1-2+5-5+2+1+4-2-2-1-2+2-2-5+5+0-5+8-1-2+5-5+2+1+4-2-2-1-2+2-2-5+5+0-5+8-1-2-14+7+2+2+1-12+12-12+12+4-4+4+1-1-2-2-1-2+5-14+7+2+2+1-12+12-12+12+4-4+4+1-1-2-2-1-2+5";"uududuudduududduddurdudddududuudduududduddurdudduduuudddduddurdudduduuudddduddurduddduuuududuuduuddddduduuuududuuduudddddu"
"kjs_0092";"""Ruskoin peli""";"Kantele- ja jouhikkosävelmät";"Tanssisävelmiä";"4-iskuiset säkeet";"Jehki Jänönen/A. O. Väisänen";"1917";"50";"2/4";"G";"Suistamo";"Hodjala";"Laatokan Karjala";"Karjalan, Inkerin, ym. alueet";"";"soittotapa: Yhdysasentoinen, soitin: Useampikielisellä kanteleella";"";"";"+3-2-1+3-2-3+2-2+2+3-2-1+3-2-3+2-4+5+4-4-5+5+7-7-5+4+3-3-4+4+3-3-4+5+4-4-5+5+7-7-5+4+3-3+3-3+3-2-1+3-2-3+2+3-3+3-2-1+3-2-3+2-4+5+4-4-5+5+7-7-5+4+3-3-4+4+3-3-4+5+4-4-5+5+7-7-5+4+3-3+3";"uddudduduuddudduduudduudduudduudduudduudduudududdudduududdudduduudduudduudduudduudduudduudu"
"kjs_0093";"""Ruskoi""";"Kantele- ja jouhikkosävelmät";"Tanssisävelmiä";"4-iskuiset säkeet";"Teppana Jänis/A. O. Väisänen";"1916";"50";"2/4";"G";"Suistamo";"Maisu";"Laatokan Karjala";"Karjalan, Inkerin, ym. alueet";"";"soittotapa: Yhdysasentoinen, soitin: Useampikielisellä kanteleella";"";"";"-2+2-3+1-1-2-2+2+5-5-7+7+7-4+2-3-2+3+2-3+1-1-2-2+2+5-5-7+7+7-4+2-3-2+3+2-3+1-1-2-2+2+5-5-7+17-3-2-3-2+3+2-3+1-1-2-2+2+5-5-7+17-3-2-3-2+5";"dududdduudduududduududdduudduududduududdduuddudddduududdduudduddddu"
"kjs_0094";"""Tutshkovin polska""";"Kantele- ja jouhikkosävelmät";"Tanssisävelmiä";"4-iskuiset säkeet";"M. Timonen/K. Collan";"1854";"51";"2/4";"G";"Lieksa";"";"Pohjois-Karjala";"Oulun lääni";"";"soittotapa: Yhdysasentoinen, soitin: Useampikielisellä kanteleella";"";"";"-4+4-4+5-1-2-2+2+0-2+2+2-4+0+7-7+7-7+9-2-2-1-2+0-2+2+2-4+0+7-3-2+2+1-1-2-2+2+0-2+2+2-4+0+7-3-2+2+1-1-2-2+2+0-2+2+2-4+0";"dududddurduudrudududdddrduudrudduudddurduudrudduudddurduudr"
"kjs_0095";"""Tshiizik""";"Kantele- ja jouhikkosävelmät";"Tanssisävelmiä";"4-iskuiset säkeet";"Iivana Mishukka/A. O. Väisänen";"1916";"51";"2/4";"G";"Suistamo";"Leppäsyrjä";"Laatokan Karjala";"Karjalan, Inkerin, ym. alueet";"Tsiizik, tsiizik jakim bul, fantalkki votku pi?. Vuipiti rumkka, vuipiti vin, zasumiiloi golovi.";"soittotapa: Yhdysasentoinen, soitin: Useampikielisellä kanteleella, tempo: 126, äänitteet: prl.11, 30-34";"";"";"-3+1+2-3+1-1-2-2-1+3+0+0+3-1-2+5+0-3+1+2-3+1-1-2-2-1+3+0+0+3-1-2+5-2+4-2-2-1-2-2-1+3+0+0+3-1-2+5-2+4-2-2-1-2-2-1+3+0+0+3-1-2+5";"duududdddurruddurduududdddurruddududdddddurruddududdddddurruddu"
"kjs_0096";"Ristikontra";"Kantele- ja jouhikkosävelmät";"Tanssisävelmiä";"4-iskuiset säkeet";"Iivana Shemeikka/A. Launis";"1905";"51";"2/4";"G";"Suistamo";"Muuanto";"Laatokan Karjala";"Karjalan, Inkerin, ym. alueet";"";"soittotapa: Yhdysasentoinen, soitin: Useampikielisellä kanteleella";"";"";"+19-12+14-4+0+7-7-1+1+2-12+14-4+0+7-7-1+1-1-2+2+1+7-7-1+1+2-3-2+2+1+7-7-1+1+2";"ududrudduududruddudduuudduudduuudduu"
"kjs_0097";"";"Kantele- ja jouhikkosävelmät";"Tanssisävelmiä";"4-iskuiset säkeet";"/K. Collan";"1854";"52";"2/4";"g";"Pielisjärvi";"Sutila";"Pohjois-Karjala";"Oulun lääni";"";"soittotapa: Yhdysasentoinen, soitin: Useampikielisellä kanteleella";"doorinen, iskutus? nelonen tuntuu ykköseltä.";"";"-5-2+2+0-2-2-3+7+5-5-2+2+0-2-2-3+7+5-3-4+7-3-4+7-3-4+7-3-4+7-3-9+12-5-7+12-5-7+12-5-7+12-3-4+7-3-4+7-3-4+7-3-4+7-3-9+12-5-7+12-5-7+12-5-7+12-5-2+2+0-2-2-3+7+5-5-2+2+0-2-2-3+7+5-3-4+7-3-4+7-3-4+7-3-4+7-3-9+12-5-7+12-5-7+12-5-7+12-3-4+7-3-4+7-3-4+7-3-4+7-3-9+12-5-7+12-5-7+12-5-7+12";"ddurddduuddurddduuddudduddudduddudduddudduddudduddudduddudduddudduddurddduuddurddduudduddudduddudduddudduddudduddudduddudduddudduddu"
"kjs_0098";"""Ruskoi""-tanssi";"Kantele- ja jouhikkosävelmät";"Tanssisävelmiä";"4-iskuiset säkeet";"Iivana I. Härkönen/A. Launis";"1905";"52";"2/4";"G";"Suistamo";"Äimäjärvi";"Laatokan Karjala";"Karjalan, Inkerin, ym. alueet";"";"soittotapa: Yhdysasentoinen, soitin: Useampikielisellä kanteleella";"";"";"+12-3+3-3+3-3+3-2-1-2+2+3-3-2+0-7+7+2+3-3-2+5-3+3-3+3-3+3-2-1-2+2+3-3-2+0-7+7+2+3-3-2+5-3+0+0-2+0+2+0+3-2-1-2+2+0-2+0+2+0+3-2-1-2+2+0+3-12+9+1+2-3-2+0+2+0+3-12+9+1+2-3-2+0+5";"ududududdduuddrduuuddududududdduuddrduuuddudrrdrurudddurdruruddduruduuuddruruduuuddru"
"kjs_0099";"""Ruskoi-peli""";"Kantele- ja jouhikkosävelmät";"Tanssisävelmiä";"4-iskuiset säkeet";"Iivana I. Härkönen/A. O. Väisänen";"1917";"52";"2/4";"G";"Suistamo";"Äimäjärvi";"Laatokan Karjala";"Karjalan, Inkerin, ym. alueet";"";"soittotapa: Yhdysasentoinen, soitin: Useampikielisellä kanteleella";"terssi neutraali ja septimi pieni";"";"+12-12+12+0-4+4-4+4-2-2-1+1+4-4-1+0-7+7+3-2-1-2+3+4-4+4-4+4-2-2-1+1+4-4-1+0-7+7+3-2-1+5-2+7-7+7-3-4-2-1+1+4-4-1+0-7+7+3-2-1-2+7-2+7-7+7-3-4-2-1+1+4-4-1+0-7+7+3-2-1-2+7+0-2-2-1+1-3+3-1+0+1+0+4-2-2-1+1-3+3-1+0+1+0-1+5-5+5-12+10-2-1+1+4-4-1+5-5+5-12+10-2-1+5-5+0-5+5-7+10-2-1+1+4-4-1+0-5+5-7+10-2-1+5";"udurdududdduuddrduuddduudududdduuddrduuddudududddduuddrduudddudududddduuddrduudddurdddududrurudddududrurdudududduuddudududdudrdududduuddrdududdu"
"kjs_0100";"""Brisatka""";"Kantele- ja jouhikkosävelmät";"Tanssisävelmiä";"4-iskuiset säkeet";"Iivana Mishukka/A. O. Väisänen";"1916";"53";"2/4";"?";"Suistamo";"Leppäsyrjä";"Laatokan Karjala";"Karjalan, Inkerin, ym. alueet";"";"soittotapa: Yhdysasentoinen, soitin: Useampikielisellä kanteleella, tempo: 144, äänitteet: prl. 11, 34-40";"";"";"+0+0+0+0-2+0+4-2+0+0-5+5-2+0+4-2+0+0-5+5-2+0+4-2+0-7+2+5-2+0+4-2+0+0-2+0+4-2+0+0-5+5-2+0+4-2+0+0-5+5-2+0+4-2+0-7+2+5-2+0+4-2+0-7+12+0-7+2-3+1+4";"rrrrdrudrrdudrudrrdudrudrduudrudrrdrudrrdudrudrrdudrudrduudrudrdurduduu"
"kjs_0101";"""Brisatka""";"Kantele- ja jouhikkosävelmät";"Tanssisävelmiä";"4-iskuiset säkeet";"Vanja Trofimov/A. O. Väisänen";"1925";"54";"2/4";"G";"Suojärvi";"Kuikkaniemi";"Laatokan Karjala";"Karjalan, Inkerin, ym. alueet";"";"soittotapa: Yhdysasentoinen, soitin: Useampikielisellä kanteleella, tempo: 132";"";"";"-3-4+4-2-3+5-4+7-3-4+4-2-3+5-4+2-3+3-5+5-3+5-4+4-2-3+3-5+5-3+5-4+4+1-3+2-4+4-2-3+5-4+5-3+2-4+4-2-3+5-4+2-3+3-5+5-3+5-4+4-2-3+3-5+5+0+5+2-14+17-7-1-2+5-2+4-14+17-7-1-2+5+0-3-4+4-2-3+5-4+7-3-4+4-2-3+5-4+2-3+3-5+5-3+5-4+4-2-3+3-5+5-3+5-4+4+1-3+2-4+4-2-3+5-4+5-3+2-4+4-2-3+5-4+2-3+3-5+5-3+5-4+4-2-3+3-5+5+0+5-7+9-4-5+5+6-6-5+5+7-8-4+4+3-3-9+5+7-3-4+4+3-3-4+9-4-5+5+6-6-5+5+7-8-4+4+3-3-9+5+7-3-4+4+3-3-5+8-5-2+2+5-5-3+3+5-5-2+2+5-5-3+8-5-2+2+5-5-3+3+5-5-2+2+5-5-3+8-5-2+2+5-5-7+7+5-3+3";"dduddududduddududududududdudududuudududdududududdududududududduduruududddudududddurdduddududduddududududududdudududuudududdududududdududududududdudurududduudduudduudduudduuddudduudduudduudduudduuddudduudduudduuddudduudduudduuddudduudduudu"
"kjs_0102";"Lampaa ravia";"Kantele- ja jouhikkosävelmät";"Tanssisävelmiä";"4-iskuiset säkeet";"Antti Rantonen/A. O. Väisänen";"1925";"55";"2/4";"G";"Haapavesi";"Ainali";"Pohjois-Pohjanmaa";"Oulun lääni";"";"soittotapa: Yhdysasentoinen, soitin: 5-kielisellä kanteleella, tempo: 88-100";"";"";"-3+3-2-3+3+0-1-4+4-2+3-1+3-3+3-2-3+3+0-1-4+4-2+3-1+3-3-4+5-3+3+0-1-4+4-2+3-1+3-3-4+5-3+3+0-1-4+4-2+3-1+3-3-4+2+2+1-3+3+0-1-4+4-2+3-1+3-3-4+2+2+1-3+3+0-1-4+4-2+2+1+2-7";"duddurddududududdurddudududdudurddudududdudurddudududduuudurddudududduuudurdduduuud"
"kjs_0103";"Melkutus";"Kantele- ja jouhikkosävelmät";"Tanssisävelmiä";"4-iskuiset säkeet";"Antti Rantonen/A. O. Väisänen";"1925";"55";"2/4";"G";"Haapavesi";"Ainali";"Pohjois-Pohjanmaa";"Oulun lääni";"";"soittotapa: Yhdysasentoinen, soitin: 5-kielisellä kanteleella, tempo: 120";"";"";"+0+0+0-3-4+4+3-2-1-2+5+0-5+2-4+4+3-3-2+5+0-5+2-4+4+3-2-1-2+5+0-5+2-4+4-4+2+2+1+0+2-3+1-3+5+0-3+1+2+0+0-2-1+1-3+2-4+2+2+1+2-3+3-2-3+5+0-3+1+2+0+0-2-1+1-3+2-4";"rrrdduudddurduduuddurduduudddurdududuuurududurduurrddududuuuududdurduurrddudud"
"kjs_0104";"Melkutus";"Kantele- ja jouhikkosävelmät";"Tanssisävelmiä";"4-iskuiset säkeet";"Heikki Halonen/A. O. Väisänen";"1917";"55";"2/4";"g";"Lapinlahti";"Akkala";"Pohjois-Savo";"Itä-Suomen lääni";"";"soittotapa: Yhdysasentoinen, soitin: 5-kielisellä kanteleella, tempo: 88";"";"";"-5+1+4-7+7-4+2+2-4+4-5+1+4-7+7-4+4+0+0-4+4-7+7+0-2+2-4+4+0-4+4-7+7-4+4+0+0-2-2+4-5+1+4-7+7-4+2+2-4+4-4+4+0+0-2-2+4-5+1+4-7+7-4+2+2-4+4-4+4";"duududuududuududurrdudurdudurdududurrdduduududuududurrdduduududuududu"
"kjs_0105";"Lehmän tanssi";"Kantele- ja jouhikkosävelmät";"Tanssisävelmiä";"4-iskuiset säkeet";"Heikki Halonen/A. O. Väisänen";"1917";"56";"2/4";"g";"Lapinlahti";"Akkala";"Pohjois-Savo";"Itä-Suomen lääni";"";"soittotapa: Yhdysasentoinen, soitin: 5-kielisellä kanteleella, tempo: 126";"";"";"-4+2-2+2+2-4+4+0-2-2+4-4+4+0+0-4+2-2+2+2-4+4+0-2-2+4-4+4+0-4-1+1+2-3+1+2-2-1-2+3-1+1+2-2+4+0-4-1+1+2-3+1+2-2-1-2+3-1+1+2-2+4+0";"duduudurddudurrduduudurddudurdduuduuddduduudurdduuduuddduduudur"
"kjs_0106";"Karrhunpeijaispolska";"Kantele- ja jouhikkosävelmät";"Tanssisävelmiä";"4-iskuiset säkeet";"Antti Rantonen/A. O. Väisänen";"1925";"56";"2/4";"G";"Haapavesi";"Ainali";"Pohjois-Pohjanmaa";"Oulun lääni";"Sutiputi, sutiputi sukkaan kenkään, aamulla varhain vaatetta selkään.";"soittotapa: Yhdysasentoinen, soitin: 5-kielisellä kanteleella, tempo: 80";"";"";"-2-1-2-2+2+2+1+2-2-1+3-5+5-7+0+0+7-2-1-2-2+2+2+1+2-2-1+3-5+5-7+0+4-4+2+2-2-2+2+2+1+2-2-1+3-5+5-7+0+0+0+2+2-2-2+2+2+1+2-2-1+3-5+5-7+0+0";"dddduuuuddududrrudddduuuuddududruduudduuuuddududrrruudduuuuddududrr"
"kjs_0107";"Engelska l. sutiputi";"Kantele- ja jouhikkosävelmät";"Tanssisävelmiä";"4-iskuiset säkeet";"Antti Rantonen/A. O. Väisänen";"1925";"56";"2/4";"G";"Haapavesi";"Ainali";"Pohjois-Pohjanmaa";"Oulun lääni";"";"soittotapa: Yhdysasentoinen, soitin: 5-kielisellä kanteleella, tempo: 116";"";"";"+4+3-3-4+4+3-3-4+7+0+0-7+4+3-3-4+4+3-2-3+5+0+0-7+4+3-3-4+4+3-3-4+7+0+0-2+0+0+0-1-2-2+4-4+0+4+3-3-4+4+3-3-4+7+0+0-7+4+3-3-4+4+3-2-3+5+0+0-7+4+3-3-4+4+3-3-4+7+0+0-2+0+0+0-1-2-2+4-4+4+3-5+2+1+0-1-2+5+0-2-1-4+4+3-2-1-2-2+4+3-5+2+1+0-1-2+5+0+0-3+3-3-4+4+1-3+2-4+7-7+7-5+2+1+0-1-2+5+0-2-1-4+4+3-2-1-2-2+4+3-5+2+1+0-1-2+5+0+0-3+3-3-4+4+1-3+2-4+7-7";"uudduuddurrduudduuddurrduudduuddurrdrrrdddudruudduuddurrduudduuddurrduudduuddurrdrrrddduduuduurddurddduudddduuduurddurrdudduududududuurddurddduudddduuduurddurrdudduududud"
"kjs_0108";"Polkka";"Kantele- ja jouhikkosävelmät";"Tanssisävelmiä";"4-iskuiset säkeet";"Antti Rantonen/A. O. Väisänen";"1925";"57";"2/4";"G";"Haapavesi";"Ainali";"Pohjois-Pohjanmaa";"Oulun lääni";"";"soittotapa: Yhdysasentoinen, soitin: 5-kielisellä kanteleella, tempo: 116";"";"";"+4+3+0+0+0+0-2+2+0-7+2+2+3+0-3+1-3+5-5+2+1+0+0+0+0-1-2+0-2+2+2-4+2+2-2-2+0+0+4+3+0+0+0+0-2+2+0-7+2+2+3+0-3+1-3+5-5+2+1+0+0+0+0-1-2+0-2+2+2-4+2+2-2-2+0+0+4+3+0-3+0+0-2+5+0-5+3+0+0+0+0-1+3+0-7+4+3+0-3+0+0-2+5+0+0+0-2-1+1-3+2-4+7-7+0+4+3+0-3+0+0-2+5+0-5+3+0+0+0+0-1+3+0-7+4+3+0-3+0+0-2+5+0+0+0-2-1+1-3+2-4+7-7";"uurrrrdurduuurdududuurrrrddrduuduuddrruurrrrdurduuurdududuurrrrddrduuduuddrruurdrrdurdurrrrdurduurdrrdurrrddudududruurdrrdurdurrrrdurduurdrrdurrrddududud"
"kjs_0109";"""Hopvalssi""";"Kantele- ja jouhikkosävelmät";"Tanssisävelmiä";"4-iskuiset säkeet";"Juho Uimonen/A. O. Väisänen";"1916";"58";"2/4";"G";"Impilahti";"Huunukka";"Laatokan Karjala";"Karjalan, Inkerin, ym. alueet";"";"soittotapa: Yhdysasentoinen, soitin: Useampikielisellä kanteleella, tempo: 168";"miksolyydinen";"";"+0-7+2+2+1+2-3-9+12-7+2+2+1+2-3+3-7+2+2+1+2-3+3-3-4+2+2+1+2-3+3+2+1-3-2-1+3-12+9-2+5-12+12-2-1+3+0+2+1-3-2-1+3-12+9-2+5-12+12-2-1+3+0";"rduuuudduduuuududuuuududduuuuduuudddududududduruudddududududdur"
"kjs_0110";"Yhdeksän parin tanssi";"Kantele- ja jouhikkosävelmät";"Tanssisävelmiä";"4-iskuiset säkeet";"Juho Uimonen/A. O. Väisänen";"1916";"58";"2/4";"G";"Impilahti";"Huunukka";"Laatokan Karjala";"Karjalan, Inkerin, ym. alueet";"";"soittotapa: Yhdysasentoinen, soitin: Useampikielisellä kanteleella, tempo: 168";"miksolyydinen";"";"+9-4+4-9+12-2-1+1+2-12+9-4+4-9+12-2-1+1+2+2+1-3-2-1+3-12+9-2+5-12+12-2-1+3+0+2+1-3-2-1+3-12+9-2+5-12+12-2-1+3+0-12+12-7+5-10+10+2-2-1+3-12+12-7+5-10+10+2-2-1+3+2+1-3-2-1+3-12+9-2+5-12+12-2-1+3+0+2+1-3-2-1+3-12+9-2+5-12+12-2-1+3+0";"udududduududududduuuudddududududduruudddududududdurdududuuddudududuudduuudddududududduruudddududududdur"
"kjs_0111";"""Hof-falssi""";"Kantele- ja jouhikkosävelmät";"Tanssisävelmiä";"4-iskuiset säkeet";"Iivana Shirgo/A. O. Väisänen";"1916";"58";"2/4";"g";"Impilahti";"Koivuselkä";"Laatokan Karjala";"Karjalan, Inkerin, ym. alueet";"";"soittotapa: Yhdysasentoinen, soitin: Useampikielisellä kanteleella, tempo: 144-152, äänitteet: ph. 135 b";"terssi ja seksti neutraaleja";"";"+0-10+1+2+2-2-2+2+2+0-2-2-1+10-7+2-2-2+2+2+0+5-10+1+2+2-2-2+2+2+0-2-2-1+10-7+2-2-2+2+2-2+0+3+0-5+0+2+2+0-5+1+2+2-2-2+4+0-2+0+3+0-5+0+2+2+0-5+1+2+2-2-2+4+0-7+12-12+12-12+12-12+2+1+2+2-2-2+2+2+0-5+0+1+2+2+0+0-7+2+1+2+2-2-2+2+2+0-5+0+1+2+2+0-2+0+3-5+0+4+0-5+1+2+2-2-2-3+12-7+0+3-5+0+4+0-5+1+2+2-2-2-3+12-12+12-12+12-12+12";"rduuudduurdddududduuruduuudduurdddududduudrurdruurduuuddurdrurdruurduuuddurdudududuuuudduurdruuurrduuuudduurdruuurdrudrurduuudddudrudrurduuudddudududu"
"kjs_0112";"""hof-/fof-falssi""";"Kantele- ja jouhikkosävelmät";"Tanssisävelmiä";"4-iskuiset säkeet";"Teppana Jänis/A. O. Väisänen";"1916";"59";"2/4";"G";"Suistamo";"Maisu";"Laatokan Karjala";"Karjalan, Inkerin, ym. alueet";"";"soittotapa: Yhdysasentoinen, soitin: Useampikielisellä kanteleella, tempo: 152, äänitteet: ph 141 a";"muunnokset soitettu";"";"+0+0-5+2+1+2-2-1+1+2-3-4+2+2+1+4-4+2-3+3-7+2+2+1+2-2-1+1+2-3-4+2+2+1+4-2-3+3-5+2+1+2-2-1+1+2-3-4+2+2+1+4-4-1+1+2-3+3-5+2+1+2-2-1+1+2-3-4+2+2+1+4-4+2-2+0+4-4-1+0+3-3-2+2+1-1-2-2+4-4+4+1+0+4-2-2-1+0+1+2+0-3-2+2+1-1+0-2-2+4-4+4+1+0+7-5-2-1+0+8-5-3-2+2+1-1-2-2+4-4+4+1+0+4-4-1+0+3-3-2+2+1-1-2-2+4+3";"rrduuudduudduuuudududuuuudduudduuuudduduuudduudduuuudduududuuudduudduuuududruddrudduuddduduurudddruurdduudrdduduurudddruddduuddduduuruddrudduuddduu"
"kjs_0113";"""Saksan falssi""";"Kantele- ja jouhikkosävelmät";"Tanssisävelmiä";"4-iskuiset säkeet";"Teppana Jänis/A. O. Väisänen";"1916";"59";"2/4";"G";"Suistamo";"Maisu";"Laatokan Karjala";"Karjalan, Inkerin, ym. alueet";"";"soittotapa: Yhdysasentoinen, soitin: Useampikielisellä kanteleella";"muunnokset soitettu";"";"+0-2+5+0-3+0-2+5+0-5+0+2+1-1-2-2+0+0+4+0-2+5+0-3+0-2+5+0-5+0+2+1-1-2-2+0+7-3+1+4+0+0-2-2-1+0+1+2+0-5+0+2+1-1-2-2+0+7-3+1+4-4+4-2-2-1+0+1+2+0-5+0+2+1-1-2-2+0+0";"rdurdrdurdruudddrrurdurdrdurdruudddruduurrdddruurdruudddruduududddruurdruudddrr"
"kjs_0114";"""Vanha sod´essi""";"Kantele- ja jouhikkosävelmät";"Tanssisävelmiä";"4-iskuiset säkeet";"Teppana Jänis/A. O. Väisänen";"1916";"60";"2/4";"G";"Suistamo";"Suistamo";"Laatokan Karjala";"Karjalan, Inkerin, ym. alueet";"";"soittotapa: Yhdysasentoinen, soitin: Useampikielisellä kanteleella";"";"";"-3+3-3-4+0+4+3-3+3-3-4+0+2+0+2+1-1-2-2+4-4+4+3-3+3-3-4+0+4+3-3+3-3-4+0+2+0+2+1-1-2-2+4+3+0-3+1+4+0-2-2-1+0+1+2+0-5+0+2+1-1-2-2+4-4+0+4+1+4+0-2-2-1+0+1+2+0-5+0+2+1-1-2-2+4+3";"duddruududdruruuddduduududdruududdruruuddduurduurdddruurdruudddudruuurdddruurdruuddduu"
"kjs_0115";"Nyyhkytys";"Kantele- ja jouhikkosävelmät";"Tanssisävelmiä";"4-iskuiset säkeet";"Iivana Lösönen/A. O. Väisänen";"1916";"60";"2/4";"G";"Suistamo";"Suistamo";"Laatokan Karjala";"Karjalan, Inkerin, ym. alueet";"";"soittotapa: Yhdysasentoinen, soitin: Useampikielisellä kanteleella, tempo: 152";"";"";"-2-1-4+7+0-2-1+3-5+2+1+2+0-2-1-2+5+0-2-1-4+7+0-2-1+3-5+2+1+2+0-2-1-2+5-2+4-4-1+3-3-2+2-9+10-1-2-2+4+3-3+1+4-4-1+3-3-2+2-9+10-1-2-2-5+12";"dddurdduduuurdddurdddurdduduuurdddududduddududdduuduudduddududdddu"
"kjs_0116";"Melkkuri";"Kantele- ja jouhikkosävelmät";"Tanssisävelmiä";"4-iskuiset säkeet";"Pesha Patronen/A. O. Väisänen";"1916";"60";"2/4";"G";"Korpiselkä(Korpiselka)";"Yläjärvi";"Laatokan Karjala";"Karjalan, Inkerin, ym. alueet";"";"soittotapa: Yhdysasentoinen, soitin: Useampikielisellä kanteleella";"muunnokset soitettu";"";"-7-1+3-5-7+7-2+4+1+4-4-1+0-2-7+12+5-3-2-3-2-7+12-3+1+4-4+2-3-2-7+12+5-7-1+3-5-7+9+3+2-9+5-1+3-5-7+12+5-7-1+3-5-7+12+2-9+5-1+3-5-7+12";"ddudduduuuddrdduuddddduduududdduuddudduuudududduuddudduudududdu"
"kjs_0117";"""Potvalssi""";"Kantele- ja jouhikkosävelmät";"Tanssisävelmiä";"4-iskuiset säkeet";"Miinan Domi/A. O. Väisänen";"1917";"61";"2/4";"G";"Suistamo";"Koitto";"Laatokan Karjala";"Karjalan, Inkerin, ym. alueet";"";"soittotapa: Yhdysasentoinen, soitin: Useampikielisellä kanteleella";"miksolyydinen";"";"+0-7+10-1-4+0+0+4-2+0-7+10-1-4+0+0+4+1+4-4+4-4-1+3-3+3-3-2-4+4+7-4-1-2-2+7-3+1+4-4+4-4-1+3-3+3-3-2-4+4+7-4-1-2+5";"rduddrrudrduddrruuududdududdduudddduduududdududdduudddu"
"kjs_0118";"""Ristakondra""";"Kantele- ja jouhikkosävelmät";"Tanssisävelmiä";"4-iskuiset säkeet";"Iivana Mishukka/A. O. Väisänen";"1916";"61";"2/4";"G";"Suistamo";"Leppäsyrjä";"Laatokan Karjala";"Karjalan, Inkerin, ym. alueet";"";"soittotapa: Yhdysasentoinen, soitin: Useampikielisellä kanteleella, äänitteet: ph. 147 a, prl. 10, 33-43";"2 ensimmäistä kertausta "" käytäntö"", viimeinen kertaus  ""pyöritys"". Osa muunnoksista soitettu";"";"+12-5-7+7-7+7+5-2-1-4+0+4+0-9+7-7+7+5-2-1-4+0+0+2-7+7-7+7+5-3-4+4-4+4+1-10+7-7+7+5-3-4+4+3-2+4+0-2-2-1+1+2-2-1+1-1-2+5-2-1-2-2+4+3-3+1+4+0-2-2-1+1+2-2-1+1-1-2+5-12+10-1-2-2+4+3";"udduduudddrurduduudddrrududuudduduududuudduudurddduudduddudddduuduurddduudduddududdduu"
"kjs_0119";"Melkutus l. siiputus";"Kantele- ja jouhikkosävelmät";"Tanssisävelmiä";"4-iskuiset säkeet";"Iivana Mishukka/A. O. Väisänen";"1916";"62";"2/4";"G";"Suistamo";"Leppäsyrjä";"Laatokan Karjala";"Karjalan, Inkerin, ym. alueet";"";"soittotapa: Yhdysasentoinen, soitin: Useampikielisellä kanteleella, tempo: 126, äänitteet: prl. 11, 9-15";"muunnokset soitettu";"";"+0+3-1-2-2+4-4+4-9+12-12+10-1-2-2+4+3+0+0-2-1-2-2+4-4+4-2+0+3-1-2-2+4+3-2+4-4-8+8+4-4+2-12+9-4+4+3-3-4+5+4-4-5+5+4-4+2-12+9-4+4+3-3+1+4-4-8+8+4-4+2-12+9-4+7-3+1+4-4-8+8+4-4+2-3+3";"rudddududududdduurrddddududruddduududduudududuudduudduudududuuduudduududududuudduududu"
"kjs_0120";"""Fof-falssi""";"Kantele- ja jouhikkosävelmät";"Tanssisävelmiä";"4-iskuiset säkeet";"Iivana I. Härkönen/A. O. Väisänen";"1917";"62";"2/4";"G/g";"Suistamo";"Äimäjärvi";"Laatokan Karjala";"Karjalan, Inkerin, ym. alueet";"";"soittotapa: Yhdysasentoinen, soitin: Useampikielisellä kanteleella";"doorinen, neutraali terssi";"";"+0+5-2-2+4-4-3+7-4-1+0+5-2-2+4-4+4-2+7-7+7-7+4-2-4+4-5+1+2+2-2-2+4-4+4-2+7-7+7-7+4-2-4+4-5+1+2+2-2-2+4+0";"ruddudduddruddudududududduduuuddudududududduduuuddur"
"kjs_0121";"""Fotfalssi""";"Kantele- ja jouhikkosävelmät";"Tanssisävelmiä";"4-iskuiset säkeet";"Iivana I. Härkönen/A. Launis";"1905";"62";"2/4";"G";"Suistamo";"Äimäjärvi";"Laatokan Karjala";"Karjalan, Inkerin, ym. alueet";"";"soittotapa: Yhdysasentoinen, soitin: Useampikielisellä kanteleella";"";"";"+0+5-2-1+3-7+7-5+0+5-2-1+3-7+7-2+4-4+4-4+2-3-4+7-5+2+1+2-2-1+3-7+7-2+4-4+4-4+2-3-4+7-5+2+1+2-2-1+3-7+7";"ruddududruddudududududduduuuddudududududduduuuddudu"
"kjs_0122";"""Potvalssi""";"Kantele- ja jouhikkosävelmät";"Tanssisävelmiä";"4-iskuiset säkeet";"Iivana Shemeikka/A. Launis";"1905";"63";"2/4";"G";"Suistamo";"Muuanto";"Laatokan Karjala";"Karjalan, Inkerin, ym. alueet";"";"soittotapa: Yhdysasentoinen, soitin: Useampikielisellä kanteleella";"";"";"+5-5-7+10+2-7+0+2+5-5-7+10+2-7+0+5+4+3-7-1+1-1+3-2+4+3-7-1+1-1+3-12+10+4+3-7-1+1-1+3-2+4+3-7-1+1-1+3-12+12-3+0-4+4+3-3-2+5-5-7+12-3+0-4+4+3-3-2+5-5-7";"udduudruudduudruuuddududuuddududuuuddududuuddudududrduudduddudrduuddudd"
"kjs_0123";"""Potvalssi""";"Kantele- ja jouhikkosävelmät";"Tanssisävelmiä";"4-iskuiset säkeet";"Iivana Bogdanov/A. Launis";"1905";"63";"2/4";"G";"Harlu";"Läskelä";"Karjalan kannas";"Karjalan, Inkerin, ym. alueet";"";"soittotapa: Yhdysasentoinen, soitin: Useampikielisellä kanteleella";"";"";"+7+5+4-2-7+10-1+3-19+16-4+4-2-7+10-1+3-19+16-4+4-2-7+10-1+3-19+16-4+4-2-7+10-1+3-19+16+3+0-2+4-4+4-2-2+2-2+7-7+7-5-2+0+2-3+1+4-4+4-2-2+2-2+7-7+7-5-2+0+2-3+1+4-4+4-2-2+0+2-3+1+7-7+7-3-4+2";"uuuddududududdududududdududududdududuurdududdudududdruduududdudududdruduududdruduududdu"
"kjs_0124";"""Fof-falssi""";"Kantele- ja jouhikkosävelmät";"Tanssisävelmiä";"4-iskuiset säkeet";"Iivana Lösönen/A. O. Väisänen";"1916";"63";"2/4";"G";"Suistamo";"Leppäsyrjä";"Laatokan Karjala";"Karjalan, Inkerin, ym. alueet";"";"soittotapa: Yhdysasentoinen, soitin: Useampikielisellä kanteleella, tempo: 152";"loppu: ""pyörähytys"". Muunnokset soitettu";"";"-2-3+0+3-1+3+0-2-3+0+3+2+0-2-3+0+3-1+3+0-2-3+0+3-1+3+0-2-3+0+3+2+0+2-2-2+4-4+4-4-1+3+0-2-3+0+3+2+0-2+4-4+4-4+4-4-1+3+0-2-3+0+3-1+3+0-2+4-4+4-4+4-4-1+3+0-2-3+0+3-1+3+0-2+4-4+4-4+4-4-1+3+0-2-3+0+3+2+0";"ddrudurddruurddrudurddrudurddruuruddududdurddruurdudududdurddrudurdudududdurddrudurdudududdurddruur"
"kjs_0125";"Tanssi kuuden kesken";"Kantele- ja jouhikkosävelmät";"Tanssisävelmiä";"4-iskuiset säkeet";"Iivana Lösönen/A. O. Väisänen";"1916";"64";"2/4";"G";"Suistamo";"Leppäsyrjä";"Laatokan Karjala";"Karjalan, Inkerin, ym. alueet";"";"soittotapa: Yhdysasentoinen, soitin: Useampikielisellä kanteleella, tempo: 152";"";"";"+2+1-1-2-2+4+3-3-2+2+1-1-2-2+4+3-3-2+2+1-1-2-2+4+3-2+4-4-1+3-3-2+2+1-1-2-2+4+3-3+1+4-4-1+3-3-2+2+1-1-2+5-3+3";"uuddduudduuddduudduuddduududdudduuddduuduuddudduuddudu"
"kjs_0126";"Melkutus";"Kantele- ja jouhikkosävelmät";"Tanssisävelmiä";"4-iskuiset säkeet";"Miinan Domi/A. O. Väisänen";"1917";"64";"2/4";"G";"Suistamo";"Koitto";"Laatokan Karjala";"Karjalan, Inkerin, ym. alueet";"";"soittotapa: Yhdysasentoinen, soitin: Useampikielisellä kanteleella";"miksolyydinen. Käynti ensimmäinen kertaus, pyöritys toinen kertaus. Muunnokset soitettu";"";"+2+1+2-2-1-2-2+7-5+2+1+4-4-1-2-2+7-5+2+1+2-2-1-2-2+7-5+2+1+7-7-1-2-2+7-2+4-4+4-4-1+3-3+3-3-2+5-5+5-2-1-2-2+7-2+4-4+7-7-1+3-3+3-3-2+5-5+5-2-1-2+5";"uuudddduduuudddduduuudddduduuuddddudududdududdududdddudududdududdududddu"
"kjs_0127";"Melkutus";"Kantele- ja jouhikkosävelmät";"Tanssisävelmiä";"4-iskuiset säkeet";"Teppana Jänis/A. O. Väisänen";"1916";"65";"2/4";"G";"Suistamo";"Maisu";"Laatokan Karjala";"Karjalan, Inkerin, ym. alueet";"";"soittotapa: Yhdysasentoinen, soitin: Useampikielisellä kanteleella";"Osa muunnoksista soitettu";"";"+12-5+2+1-3+2+1+2-3-2+2+1-1-4+4+0-4+4-2+2+1-3+2+1+2-3-2+2+1-1-4+4+0-4+4+1+0+4-4-1+0+3-3-2+2+1-1-2+2+0-4+4+1+0+7-7-1+0+1+2+0+0-12+10-1-2+2+0+3";"uduuduuudduuddurduduuduuudduuddurduuruddrudduuddurduuruddruurrdudduru"
"kjs_0128";"Lippa";"Kantele- ja jouhikkosävelmät";"Tanssisävelmiä";"4-iskuiset säkeet";"Vanja Trofimov/A. O. Väisänen";"1925";"65";"2/4";"G";"Suojärvi";"Kuikkaniemi";"Laatokan Karjala";"Karjalan, Inkerin, ym. alueet";"";"soittotapa: Yhdysasentoinen, soitin: Useampikielisellä kanteleella, tempo: 92";"muunnokset soitettu";"";"+2+1-1+1+2-5+2+1-1-2-2+0+2+2+1-1+1+2-5+2+1-1-2+2+0+1+0+4+0-2-2-1+0-2+2+1-1-2-2+0+5-5+9+0-2-2-1+0-2+2+1-1-2-2+0";"uuduuduudddruuuduuduuddurururdddrduudddrudurdddrduudddr"
"kjs_0129";"Vanha valssi";"Kantele- ja jouhikkosävelmät";"Tanssisävelmiä";"4-iskuiset säkeet";"Iivana Mishukka/A. O. Väisänen";"1916";"65";"2/4";"G";"Suistamo";"Leppäsyrjä";"Laatokan Karjala";"Karjalan, Inkerin, ym. alueet";"";"soittotapa: Yhdysasentoinen, soitin: Useampikielisellä kanteleella, tempo: 120, äänitteet: prl. 9, 20-27";"muunnokset soitettu";"";"+12-5+2+1+2-2-1-2+2+3-5+2+1+2-2-1-2+2+0-2+2+1+2-2-1-2+2+3-5+2+1+2-2-1-2+2+0+3-3+1+4-4-1-2+2+3-3+3-3+3-3+1+4-4-1-2+5-3+3-3+3-3+1+4-4-1-2+2+3-3+3-3+3-3+1+4-4-1-2+5-3+3-3+3-3+1+2-2-1+1+2-2+4-4-5+5+7-7-1-2+2+3+0+2-4-5+5+7-7-1-2+2+3-2+4-4-5+5+7-7-1-2+2+3+0+2-4-5+5+7-7-1-2+2+3-2+4-4-5+5+7-7-1-2+5";"uduuuddduuduuudddurduuuddduuduuuddduruduuddduudududuudddudududuuddduudududuudddudududuudduududduuddduurudduuddduududduuddduurudduuddduududduudddu"
"kjs_0130";"Vanha valssi";"Kantele- ja jouhikkosävelmät";"Tanssisävelmiä";"4-iskuiset säkeet";"Teppana Jänis/A. O. Väisänen";"1916";"66";"2/4";"G/g";"Suistamo";"Maisu";"Laatokan Karjala";"Karjalan, Inkerin, ym. alueet";"";"soittotapa: Yhdysasentoinen, soitin: Useampikielisellä kanteleella, tempo: 152, äänitteet: ph.138 b, 141 b";"";"";"+2+1-3+2+3-3+3-3-2+2+1-3+2-2+2+3-3-2+2+1-3+2+3-3+3-3+1+4-4+7-3-2-2-1+1+2-3+1+4-4+4-2+0-2-1+1+2-3+1+4-4+7-3-2-2-1+1+2-3-4+12-7-5+5+7-7+4-2-2-1+1+2-3-7+15-7-8+8+7-7+4-2-2-1+1+2-3-4+12-7-5+5+7-7+4-2-2-1+1+2-3-7+12-12+12-2+0-2-1+1+2-3-7+12-12+12+0-2-2+2+2-2-2-1+1+2";"uuduududduududuudduuduududuududddduuduududrdduuduududddduuddudduududdduuddudduududdduuddudduududdduuddududrdduuddudurdduuddduu"
"kjs_0131";"Vanha valssi";"Kantele- ja jouhikkosävelmät";"Tanssisävelmiä";"4-iskuiset säkeet";"Iivana I. Härkönen/A. O. Väisänen";"1917";"66";"2/4";"G";"Suistamo";"Äimäjärvi";"Laatokan Karjala";"Karjalan, Inkerin, ym. alueet";"";"soittotapa: Yhdysasentoinen, soitin: Useampikielisellä kanteleella";"Doorinen, neutraali terssi. Käytäntö tahdit 3-5, pyöritys 6";"";"+12-2+2-2-2-1+5-2+2-2-2-1+5-5+1+4-5-7+10-2-1+1-1+1+4-2+2-2-2-1+5-2+7-7+7-7-2-1+5-4+2+4-4+4-4-2-1-2+7-2+7-7+7-7-2-1-2+7-2+4-4+4-4-2-1+5";"ududddududdduduuddudduduududddudududdduduududdddudududdddudududddu"
"kjs_0132";"Melkkuri";"Kantele- ja jouhikkosävelmät";"Tanssisävelmiä";"4-iskuiset säkeet";"Iivana Lösönen/A. O. Väisänen";"1916";"67";"2/4";"G";"Suistamo";"Leppäsyrjä";"Laatokan Karjala";"Karjalan, Inkerin, ym. alueet";"";"soittotapa: Yhdysasentoinen, soitin: Useampikielisellä kanteleella, tempo: 152";"Silputus tahdit 2-4, Pyöritys 5";"";"+0-3+1-1-2+5-3+3-3+3-3+1-1-2+5-3+3-3+3-3+1-1-2+5-3+1+4-4+4-2-2-1-2+5-3+1+4-4+4-2-2-1-2+5";"rduddududududdududududduduududddduduududdddu"
"kjs_0133";"""Letshka""";"Kantele- ja jouhikkosävelmät";"Tanssisävelmiä";"4-iskuiset säkeet";"Iivana Lösönen/A. O. Väisänen";"1916";"67";"2/4";"G";"Suistamo";"Leppäsyrjä";"Laatokan Karjala";"Karjalan, Inkerin, ym. alueet";"";"soittotapa: Yhdysasentoinen, soitin: Useampikielisellä kanteleella, tempo: 152";"muunnokset soitettu";"";"-7+7-2+4-2-7+7-2+4-2-7+7+5-2-1+3-5-7+7-2+4-2-7+7-2+4-2-7+7+5-2-1+3-2+0+4-4-1+0+3+0-5-7+7+5-2-1+3-2+0+4-4-1+0+3+0-5+2+1+2-2-1+3";"dududdududduudduddududdududduuddudruddrurdduuddudruddrurduuuddu"
"kjs_0134";"""Letshka""";"Kantele- ja jouhikkosävelmät";"Tanssisävelmiä";"4-iskuiset säkeet";"Iivana Mishukka/A. O. Väisänen";"1916";"67";"2/4";"G";"Suistamo";"Leppäsyrjä";"Laatokan Karjala";"Karjalan, Inkerin, ym. alueet";"";"soittotapa: Yhdysasentoinen, soitin: Useampikielisellä kanteleella, tempo: 120, äänitteet: prl. 9, 40-45";"muunnokset soitettu";"";"+12-5-7+7-2+4-2-7+7-2+4-2+0+5+0-2-1+3-3+0-2-2+4-2-7+7-2+4-2+0+5+0-2-1+0-4+0+4+1+0+4+0-5+0+3+0-5+0+5-2-1+3-3+0+1+4+0-5-9+9+3+0-5+0+5-2-1+3-2-10+10+4+0-5+0+3+0-5+0+5-2-1+3";"uddududdududrurddudrdduddududrurddrdruururdrurdruddudruurdduurdruddudduurdrurdruddu"
"kjs_0135";"""Letshka""";"Kantele- ja jouhikkosävelmät";"Tanssisävelmiä";"4-iskuiset säkeet";"Iivana Mishukka/A. O. Väisänen";"1916";"68";"2/4";"G";"Suistamo";"Leppäsyrjä";"Laatokan Karjala";"Karjalan, Inkerin, ym. alueet";"";"soittotapa: Yhdysasentoinen, soitin: Useampikielisellä kanteleella, tempo: 120";"muunnokset soitettu";"";"+12-5-7+7-2+4-2-7+7-2+4-2+0+5+0-2-1+3-5-7+7-2+4-2-7+7-2+4-2-7+7+5+0-2-1+3-2-8+8+4-4-1+0+3+0-5+0+5-2-1+3-2-8+8+4-4-1-9+9+3+0-5-7+7+5-2-1+3";"uddududdududrurdduddududdududduurddudduuddrurdruddudduuddduurdduuddu"
"kjs_0136";"""Letshka""";"Kantele- ja jouhikkosävelmät";"Tanssisävelmiä";"4-iskuiset säkeet";"Artjamei Kyyrönen/A. O. Väisänen";"1916";"68";"2/4";"G";"Suistamo";"Muuanto";"Laatokan Karjala";"Karjalan, Inkerin, ym. alueet";"Tiider letskoa, tiider letskoa, Kuokan Masan niskoa. Eigä pure eigä potkoa eigä vettä viskoa.";"soittotapa: Yhdysasentoinen, soitin: Useampikielisellä kanteleella";"muunnokset soitettu";"Kantele- ja jouhikkosävelmät: [1]";"+7+2-2-2+0+2+2-2-2+0+2+0+5-2-1-4+2+2-2-2+0+2+2-2-2+0+2+2+3-2-1-4+4+1+2-2-1-2-2+0+2+0+5-2-1-4+2+2+3-2-1-2-2+0+2+0+5-2-1-4";"uuddruuddruruddduuddruuddruuuddduuuddddruruddduuuddddruruddd"
"kjs_0137";"""Let´ska""";"Kantele- ja jouhikkosävelmät";"Tanssisävelmiä";"4-iskuiset säkeet";"Hilppa Vornanen/A. O. Väisänen";"1916";"69";"2/4";"G";"Korpiselkä(Korpiselka)";"Ristsalmi";"Laatokan Karjala";"Karjalan, Inkerin, ym. alueet";"Tiiter letska, tiiter letska, käygee, tytöt, letskaan! Eigä pure eigä potkoa eigä vettä viskoa.";"soittotapa: Yhdysasentoinen, soitin: Useampikielisellä kanteleella";"muunnokset soitettu";"Kantele- ja jouhikkosävelmät: [1]";"+2-7+7-2+0+2-7+7-2+0+2+2+1+2-2-1-4+2-7+7-2+0+2-7+7-2+0+2+2+1+2-2-1-4+5+0+4+0-5+0+3+0-5+2+1+2-2-1-4+5+0+4+0-2-3+0+3+0-5+2+1+2-2-1-4";"ududrududruuuudddududrududruuuudddururdrurduuudddururddrurduuuddd"
"kjs_0138";"""Letshka""";"Kantele- ja jouhikkosävelmät";"Tanssisävelmiä";"4-iskuiset säkeet";"Miinan Domi/A. O. Väisänen";"1917";"69";"2/4";"G";"Suistamo";"Koitto";"Laatokan Karjala";"Karjalan, Inkerin, ym. alueet";"";"soittotapa: Yhdysasentoinen, soitin: Useampikielisellä kanteleella";"Käynti ensimäinen kertaus, pyöritys toinen kertaus";"";"-7+7-2+0+4-2-7+7-2+0+4-2+2+1+2-2-1-4+2-7+7-2+0+4-2-7+7-2+0+4-2+2+1+2-2-1-4+5+0+4+0-4-1+1+2+0-5+0+5-2-1-2-2+0+5+2+2+0-4+2+0-2+2+0-5+0+5+0-2-1+0-4+0+5+0+4+0-4-1+1+2+0-5+0+5-2-1-4";"dudruddudruduuudddududruddudruduuudddururdduurdruddddruuurdurdurdrurddrdrururdduurdruddd"
"kjs_0139";"""Tiider letshka""";"Kantele- ja jouhikkosävelmät";"Tanssisävelmiä";"4-iskuiset säkeet";"Timo Lipitshä/A. O. Väisänen";"1917";"69";"2/4";"G";"Suistamo";"Koitto";"Laatokan Karjala";"Karjalan, Inkerin, ym. alueet";"";"soittotapa: Yhdysasentoinen, soitin: Useampikielisellä kanteleella";"muunnokset soitettu. Variaatio, 139var.mus";"";"-7+7-2+4-2-7+7-2+4-2-7+7+5+0-2-1+3-5-7+7-2+4-2-7+7-2+4-2+0+5-3+0+3-2-5+9-4-1+1+2-3-2+2+1+2-3-4+5-5+9-4-1+1+2-3-2+2+1+2-3-4";"dududdududduurdduddududdududrudruddudduudduuuddududduudduuudd"
"kjs_0140";"""Vanha letshka""";"Kantele- ja jouhikkosävelmät";"Tanssisävelmiä";"4-iskuiset säkeet";"Teppana Jänis/A. O. Väisänen";"1916";"70";"2/4";"G";"Suistamo";"Maisu";"Laatokan Karjala";"Karjalan, Inkerin, ym. alueet";"";"soittotapa: Yhdysasentoinen, soitin: Useampikielisellä kanteleella, tempo: 138, äänitteet: prl. 61, 9-11";"muunnokset soitettu";"";"+12-5-7+5+4-2-7+5+4+1+2-2-1-2-2+4-2+3-5+4-2+0-2+4+1+2-2-1-2+5-2+0+4+0-4+2+0-2+2-2-1-2-2+4+1+0+2+2+0-4+2+0-2+2-2-1-2+5";"udduudduuuuddddudududrduuudddudrurdurdudddduuruurdurdudddu"
"kjs_0141";"""Letshka""";"Kantele- ja jouhikkosävelmät";"Tanssisävelmiä";"4-iskuiset säkeet";"Teppana Jänis/A. O. Väisänen";"1916";"70";"2/4";"G";"Suistamo";"Maisu";"Laatokan Karjala";"Karjalan, Inkerin, ym. alueet";"";"soittotapa: Yhdysasentoinen, soitin: Useampikielisellä kanteleella, tempo: 138, äänitteet: ph. 141 c";"";"";"-7+7-2+0+2-7+7-2+0+2+0+5+0-2-1-4+2-7+7-2+0+2-7+7-2+0+2+0+5+0-2-1-4+5+0+4+0-5+0+3+0-5+2+1+2-3-4+4+1+0+4+0-5+0+3+0-5+2+1+2-3-4";"dudrududrururdddududrududrururdddururdrurduuudduururdrurduuudd"
"kjs_0142";"Hoirola";"Kantele- ja jouhikkosävelmät";"Tanssisävelmiä";"4-iskuiset säkeet";"Iivana Mishukka/A. O. Väisänen";"1916";"71";"2/4";"G";"Suistamo";"Leppäsyrjä";"Laatokan Karjala";"Karjalan, Inkerin, ym. alueet";"";"soittotapa: Yhdysasentoinen, soitin: Useampikielisellä kanteleella, tempo: 138, äänitteet: pr. 9, 0-11";"";"";"-5+3-1+3-3+1+2-2-1+3-5+5-5-5+2+1+4+3-5+3-1+3-3-9+10-1-2-2+4-2+5-5-5+2+1+4+3+5-5-2-3+3-1-4+2+5-5-5+2+1+4+3-12+14-2-2-1-2-2+4-2-3+3-5+2+1+4+3";"dududuuddududduuuudududdudddududduuuuudddudduudduuuududddddudduduuuu"
"kjs_0143";"Kynkkäkisa";"Kantele- ja jouhikkosävelmät";"Tanssisävelmiä";"4-iskuiset säkeet";"Iivana Lösönen/A. O. Väisänen";"1916";"71";"2/4";"G";"Suistamo";"Leppäsyrjä";"Laatokan Karjala";"Karjalan, Inkerin, ym. alueet";"";"soittotapa: Yhdysasentoinen, soitin: Useampikielisellä kanteleella, tempo: 152";"";"";"-1+3-5-7+5+4-2+0+3-1+3-5-7+12-2-1+3-5-7+5+4-2+0+3-1+3-5-7+12+0-2-1-2-2+4-2-7+5+4+3-2-1-2-2+4-2-7+5+4+3-2-1-2-2+4-2-7+12";"dudduudrududduddudduudrududdurddddudduuuddddudduuudddduddu"
"kjs_0144";"Kynkkäkisa l. viiden parin tolppa";"Kantele- ja jouhikkosävelmät";"Tanssisävelmiä";"4-iskuiset säkeet";"Iivana Mishukka/A. O. Väisänen";"1916";"71";"2/4";"G";"Suistamo";"Leppäsyrjä";"Laatokan Karjala";"Karjalan, Inkerin, ym. alueet";"";"soittotapa: Yhdysasentoinen, soitin: Useampikielisellä kanteleella, tempo: 152-160 (prl.: 144), äänitteet: prl. 9 51-55";"Käytäntö ensimmäinen kertaus, pyöritys toinen kertaus, muunnelmat soitettu.";"";"+12-5+2+1-1-2-2+2+2+1+4-2+0-5+3-1+0-2-2+2+2+1+4-2+0-5+2+1+2-5-2+2+2+1+4-4+2+0-5+2+1-1-2-2+2+2+1+4-2+0-5+3-1+0-2-2+2+2+1+4-2+0-5+2+1+2-5-2+2+2+1+4-4+2+0+0-2+4-2-2-1-2-2+2+2+1+2-2-1+1+2+0-2+4-2-2-1-2-2+2+2+1+2-2-1+1+2-2+4-2-2-1-2-2+2+2+1-3+2+1+2+0+0-2+4-2-2-1-2-2+4+1+2-2-1+1+2+0+0-2+4-2-2-1-2-2+2+2+1+2-2-1+1+2+0-2+4-2-2-1-2-2+2+2+1+2-2-1+1+2";"uduuddduuuudrdudrdduuuudrduuudduuuudurduuddduuuudrdudrdduuuudrduuudduuuudurrduddddduuuudduurduddddduuuudduududdddduuuduuurrduddddduuudduurrduddddduuuudduurduddddduuuudduu"
"kjs_0145";"";"Kantele- ja jouhikkosävelmät";"Tanssisävelmiä";"4-iskuiset säkeet";"/K. Collan";"1854";"72";"2/4";"G";"Lieksa";"Sutila";"Pohjois-Karjala";"Oulun lääni";"";"soittotapa: Yhdysasentoinen, soitin: Useampikielisellä kanteleella";"";"";"-7+12+0-3+3-3-4+0+2-7+12+0-5+5-3+0-2+3-3-2-1-4+5+7+0+0-5+3-3-2-1-4+5+7+0";"durduddrudurdudrdudddduurrdudddduur"
"kjs_0146";"""Ruohtalaisen falssi""";"Kantele- ja jouhikkosävelmät";"Tanssisävelmiä";"4-iskuiset säkeet";"Teppana Jänis/A. O. Väisänen";"1916";"72";"2/4";"G";"Suistamo";"Maisu";"Laatokan Karjala";"Karjalan, Inkerin, ym. alueet";"";"soittotapa: Yhdysasentoinen, soitin: Useampikielisellä kanteleella, tempo: 116, äänitteet: prl. 61, 11-16";"Osa muunnoksista soitettu";"";"+4-4+4-4-1+3-3+3-3-2+5-5-3+3-7+7-2+7-3-4+4+3-3+1+4-4+0+4-5+3-3-4+4+3-3-2+5-5-3+3-7+7-2+4-4+4+1-1-4+7-8-4+5+4+1-1-4+7-8-4+12";"ududdududduddudududduuduudrududduudduddudududuuddudduuudduddu"
"kjs_0147";"""Vanha Falshshi"" l. ""hotfalshshi""";"Kantele- ja jouhikkosävelmät";"Tanssisävelmiä";"4-iskuiset säkeet";"Timo Lipitshä/A. O. Väisänen";"1917";"73";"2/4";"G";"Suistamo";"Koitto";"Laatokan Karjala";"Karjalan, Inkerin, ym. alueet";"";"soittotapa: Yhdysasentoinen, soitin: Useampikielisellä kanteleella";"Marssinta tahdit 1-12, pyöritys loppu. Muunnokset soitettu";"";"+4-4+4-4-1+3-3+3-3-2+5-5+5-5-2+7-7+7-2+4-4+4-4-1+3-3+3-3-2+5-5+5-5-2+7+0-2+4-4-5+5+4-4-1+3-3-4+4+3-3-2+5-5-7+7+5-5-2+4+3-3-4+4+3-3-4+5+4-4-5+5+4-4-1+3-3-4+4+3-3-2+5-5-7+7+5-5-2+7-3-4+7-3+3-3+3+0-2-1-2-2+2+2-9+10-1-2-2+4+3-3+3-3+3-2-1-2-2+2+2-9+10-1-2-2+4+3";"ududdududdududdududududdududdududdurdudduuddudduuddudduudduudduudduudduuddudduuddudduudduddududurdddduududdduudududddduududdduu"
"kjs_0148";"""Marssin tapaista""";"Kantele- ja jouhikkosävelmät";"Tanssisävelmiä";"4-iskuiset säkeet";"Mikko Röpeli/A. O. Väisänen";"1916";"73";"2/4";"G";"Korpiselkä(Korpiselka)";"Kitilänvaara";"Laatokan Karjala";"Karjalan, Inkerin, ym. alueet";"";"soittotapa: Yhdysasentoinen, soitin: Useampikielisellä kanteleella";"";"";"+7-7-5+5+7-8+3-3-4+4+3-5+5-5-7+7+5-3+3-3-4+4+3-2+7-7-5+5+7-8+3-3-4+4+3-5+5-5-7+7+5-3-2+5-5-3+8-7+9-5+0+5-5-2+5-5-3+8-3+3-3-4+4+3-5+5-5-3+8-7+9-5+0+5-5-2+5-5-3+8-3+3-3-4+4+3-5+5-5+0+5-5+2+5-5-7+12-5-2+5-5+5-3";"udduududduududduududduududduududduududduudduddududrudduddududduududdududrudduddududduududruduudduddudud"
"kjs_0149";"""Pläshshimized soitanda""";"Kantele- ja jouhikkosävelmät";"Tanssisävelmiä";"4-iskuiset säkeet";"Tsertin Miikkula/A. O. Väisänen";"1919";"74";"2/4";"e";"Aunuksen Karjala";"Suurimäki";"Vienan Karjala";"Karjalan, Inkerin, ym. alueet";"";"soittotapa: Yhdysasentoinen, soitin: Useampikielisellä kanteleella, tempo: 152";"toisinto 149b A-duurissa, josta kirjoitettu vain 5 ensimmäistä tahtia.";"";"-12+9+2+1-3-5+5-5+8-3-5+3-7+12-5-7+9-5+8-3-5+7+1-3-5+5-5+8-3-5+3-7+12-5-7+9-5+8-3-5+7-7+8-1-7+7-7+8-1-7+5-5+8-3-5+5-5+8-3-5+3-7+12-5-7+7-7+12-5-7+9-5+8-3-5+5-5+8-3-5+7-11+12-3-5+8-5-7+12-3-5+8-1-11+12-3-5+8-5-7+12-3-5+8-5+5-5+5-5+5-3+3-5+5-5+5-5+5-3+3-5-7+12-5-7+12-5-7+12-3-5+8-5-7+12-5-7+12-5-7+12-3-5+8-1-7+8-3-5+8-5-7+12-5-7+12-3-5+8-3-5+8-1-7+8-3-5+8-5-7+12-5-7+12-3-5+8-3-5+8-1-2-2+5-5-7+9+3-1-2-2+5-5-7+9";"duuuddududdududdududduuddududdududdududdududdududdududdududdududdududdududdududdududdudduddudduddudduddudududududududududduddudduddudduddudduddudduddudduddudduddudduddudduddudduddudddudduuddduddu"
"kjs_0150";"Häämarssi";"Kantele- ja jouhikkosävelmät";"Tanssisävelmiä";"4-iskuiset säkeet";"Juhana Kiiskinen/A. Lähteenkorva";"16";"74";"2/4";"G";"Pielisjärvi";"Kylänlahti";"Pohjois-Karjala";"Oulun lääni";"";"soittotapa: Yhdysasentoinen, soitin: Useampikielisellä kanteleella";"muunnokset soitettu";"";"-2+2+2-2-2-1-2+5-2-1-9+9-2+0-5+2+3-3+1+7-12+12-12+14-2-2-1-2+5-2-1-9+9-2+0-5+2+0+3-2-5+4+3-3+0+0+3-7+4+3-3+1-5+5-5+4+3-3+0+0+3-7+4+3-3+1";"duuddddudddudrduuduudududdddudddudrdurudduudrruduudududuudrruduudu"
"kjs_0151";"Viistoista";"Kantele- ja jouhikkosävelmät";"Tanssisävelmiä";"4-iskuiset säkeet";"Teppana Jänis/A. O. Väisänen";"1916";"75";"2/4";"G";"Suistamo";"Maisu";"Laatokan Karjala";"Karjalan, Inkerin, ym. alueet";"";"soittotapa: Yhdysasentoinen, soitin: Useampikielisellä kanteleella, tempo: 126";"muunnokset soitettu";"";"-2-2-1-4+4+3-3+1-1-2+0+0-3+1+0+0+12-5-2-1+3-3+1+2-3+1-3+0+0-3+1+0+0+5+0+4+0-5+0+3+0-2-3+0+0-3+1+0+0+4+1+0+4+0-5+0+3+0-2-1-2+0+0-3+1+0+0";"dddduududdrrdurruddduduududrrdurrururdrurddrrdurruururdrurdddrrdurr"
"kjs_0152";"Viistoista";"Kantele- ja jouhikkosävelmät";"Tanssisävelmiä";"4-iskuiset säkeet";"Iivana Lösönen/A. O. Väisänen";"1916";"75";"2/4";"G";"Suistamo";"Leppäsyrjä";"Laatokan Karjala";"Karjalan, Inkerin, ym. alueet";"";"soittotapa: Yhdysasentoinen, soitin: Useampikielisellä kanteleella, tempo: 152";"Osa muunnoksista soitettu";"";"-2-2-1+0+0+0+1-3-7+7-7+7-2+2+2+5-2-2-1+0+0+0+1-3-7+7-7+7-2+2+5-2+0+4-2-2-1-2+5-2-1-2-7+7-2+2+2+1+0+4-2-2-1-2+5-2-1-2-7+7-2+2+2";"dddrrruddududuuudddrrruddududuudruddddudddduduuuruddddudddduduu"
"kjs_0153";"Viistoista";"Kantele- ja jouhikkosävelmät";"Tanssisävelmiä";"4-iskuiset säkeet";"Iivana Mishukka/A. O. Väisänen";"1916";"76";"2/4";"G";"Suistamo";"Leppäsyrjä";"Laatokan Karjala";"Karjalan, Inkerin, ym. alueet";"Viistoista nättiä likkaa oli sillä nuorel pojalla. Kuusitoista kuoltuansa itkisi haudan vierellä.";"soittotapa: Yhdysasentoinen, soitin: Useampikielisellä kanteleella, tempo: 120, äänitteet: prl. 9, 35-40";"";"Kantele- ja jouhikkosävelmät: [1]";"-5-2-1+0+1+2-3+3-2-1-2+0-2+0+7+5-5-2-1+0+1+2-3+1-1+3-5-2+4+3+5-5-2-1-2+2+0+1+4-2-5-5+2+1+0+7+2-2-2-1-2+2-2+2+1+4-2-5-5+2+1+4+3";"dddruududddrdruudddruudududduuudddduruuddduuruudddduduuuddduuuu"
"kjs_0154";"Viistoista";"Kantele- ja jouhikkosävelmät";"Tanssisävelmiä";"4-iskuiset säkeet";"Iivana Shirgo/A. O. Väisänen";"1916";"76";"2/4";"g";"Impilahti";"Koivuselkä";"Laatokan Karjala";"Karjalan, Inkerin, ym. alueet";"Viistoist nättii likkaa oli nuorel pojalla. Kuusitoist kuoltuansa itki hauan varrella.";"soittotapa: Yhdysasentoinen, soitin: Useampikielisellä kanteleella, tempo: 138";"terssi ja seksti neutraaleja, muunnokset soitettu";"Kantele- ja jouhikkosävelmät: [1]";"-5-2-2+4-4+0+2+2-5+3-2+0-1+1+4+0+5-5-2-2+4-4+0+2+2+0-2-2-1+1+4+0-4-3+3+2+3+0-1-4+2+2+0-5+1+2+2-4-3+3-3+3+2+3-5+0+2+2+0-5+0+1+2+2-4-3+3-3+3+2+3+0-1-4+2+2-5+3-2+0-1-2+7+0";"dddudruududrduurudddudruurddduurdduuurdduurduuudduduuudruurdruuudduduuurdduududrddur"
"kjs_0155";"Markan kisa";"Kantele- ja jouhikkosävelmät";"Tanssisävelmiä";"4-iskuiset säkeet";"Teppana Jänis/A. O. Väisänen";"1916";"77";"2/4";"G";"Suistamo";"Maisu";"Laatokan Karjala";"Karjalan, Inkerin, ym. alueet";"";"soittotapa: Yhdysasentoinen, soitin: Useampikielisellä kanteleella, tempo: 152, äänitteet: ph. 140 b";"muunnokset soitettu";"";"-2-5+0+3+2+0+2-4+2+0-5+0+3+2+0+2-4+2-3-2+0+3+2+2-4+2-5+0+3+2+0+2-4+2+0-5+0+3+2+0+2+0-4+2-5+0+3+2-5+3-1+3-5+0-3+1+4-2+3-1+0-2+0-2+4-2+3-1-9+9-2-7+9+3-5+3-1+3-3-2+0-3+5";"ddruurudurdruurududdruuududruurudurdruururdudruudududrduududrdrdududdudduudududdrdu"
"kjs_0156";"Markan peli";"Kantele- ja jouhikkosävelmät";"Tanssisävelmiä";"4-iskuiset säkeet";"Miinan Domi/A. O. Väisänen";"1917";"77";"2/4";"G";"Suistamo";"Koitto";"Laatokan Karjala";"Karjalan, Inkerin, ym. alueet";"";"soittotapa: Yhdysasentoinen, soitin: Useampikielisellä kanteleella";"muunnokset soitettu";"";"-2+0-5-7+10+2+0+2-4+2+0-5-7+10+2+2-2+0+2-4+2+0+2-4+2+0-5-7+2+1+2+2-7+10+2+0-2-8+1+2+0+2-7+10+2+0-2-8+1+9-5-7+10+2+0-2-8+1+2+0+4-2-7+10+2+0-10+1+2";"drdduurudurdduuudrudurudurdduuuuduurdduuruduurdduudduurdduurudduurduu"
"kjs_0157";"Markka";"Kantele- ja jouhikkosävelmät";"Tanssisävelmiä";"4-iskuiset säkeet";"Iivana Mishukka/A. O. Väisänen";"1916";"78";"2/4";"G";"Suistamo";"Leppäsyrjä";"Laatokan Karjala";"Karjalan, Inkerin, ym. alueet";"";"soittotapa: Yhdysasentoinen, soitin: Useampikielisellä kanteleella, tempo: 116, äänitteet: ph. 147 b";"";"";"+12+2-4-1-2-7+9+5-4+2-3-2-7+9+5-4-1-2-7+9+5+0-4+2-3-2-7+9-2+3-1+3-3-2-7+5+4-2+3-1+3-3-2-7+5+2+3-1+3-3-2-7+5+4-2+3-1+3-3-2-7+12";"uudddduududdduudddduurdudddudududdduudududdduuududdduudududddu"
"kjs_0158";"Markan kisa";"Kantele- ja jouhikkosävelmät";"Tanssisävelmiä";"4-iskuiset säkeet";"Iivana Lösönen/A. O. Väisänen";"1916";"78";"2/4";"G";"Suistamo";"Leppäsyrjä";"Laatokan Karjala";"Karjalan, Inkerin, ym. alueet";"";"soittotapa: Yhdysasentoinen, soitin: Useampikielisellä kanteleella, tempo: 152";"muunnokset soitettu";"";"-2-5+2+1+2+2-4+2+0-5+2+1+2+0+2-4+2+0-5+2+1+2-2+4-2-3-2-7+7+5-3+1+4-2-3-2-7+7+5";"dduuuudurduuurudurduuududddduuduudddduu"
"kjs_0159";"";"Kantele- ja jouhikkosävelmät";"Tanssisävelmiä";"4-iskuiset säkeet";"Mikko Patronen/A. O. Väisänen";"1916";"78";"2/4";"G";"Korpiselkä(Korpiselka)";"Yläjärvi";"Laatokan Karjala";"Karjalan, Inkerin, ym. alueet";"";"soittotapa: Yhdysasentoinen, soitin: Useampikielisellä kanteleella, äänitteet: prl. 61, 0-3";"muunnokset soitettu";"";"-5-3+1-3+3-1+3+5-3-2-3+1-3+2+8-5-3+1-3+3-1+3+5-3-2-3-2-7+9-9+10-1-2-2+0+4-2+0+0-5+5-7+12-3+3-5+2+1-1-2+2-2+2+3-5+2+1+4-4-1-2+2-2-2-1+3-2-1+3+0-5+5+0+2+1-1-2-2-1+3+0+0-2+7-3";"ddududuuddduduuddududuudddddududddrudrrdudududuudduduuduuuddduddduddurduruuddddurrdud"
"kjs_0160";"Hoilolan polkka, kolmen parin";"Kantele- ja jouhikkosävelmät";"Tanssisävelmiä";"4-iskuiset säkeet";"Teppana Jänis/A. O. Väisänen";"1916";"79";"2/4";"G";"Suistamo";"Maisu";"Laatokan Karjala";"Karjalan, Inkerin, ym. alueet";"";"soittotapa: Yhdysasentoinen, soitin: Useampikielisellä kanteleella, tempo: 152";"muunnokset soitettu";"";"+3-3+3-2-1-2-3+1+0+5+4-7+2+1+2+2-4+2+0-3+3-3+3-3+1-1-2-3+1+0+5+4-7+5-2+2+2-2+0+0+2+0-7+2+1+2+0-5+0+7+0-2+0+0+0+2-2-3+0+1+2+0-5+0+7+0-2+0";"ududddduruuduuuudurdudududdduruududuudrrurduuurdrurdrrruddruurdrurdr"
"kjs_0161";"Hoirola, kolmen parin";"Kantele- ja jouhikkosävelmät";"Tanssisävelmiä";"4-iskuiset säkeet";"Miinan Domi/A. O. Väisänen";"1917";"79";"2/4";"G";"Suistamo";"Koitto";"Laatokan Karjala";"Karjalan, Inkerin, ym. alueet";"";"soittotapa: Yhdysasentoinen, soitin: Useampikielisellä kanteleella";"""Pyöritys"" - toinen kertaus. Muunnokset soitettu.";"";"+12-3+3-3+3+0-2-1-2-2+0+9-2-3-9+10-1+5-2-3+3-3+3+0-2-1-2-2+0+9-2-3-9+10-1+5-2-3-7+8+4-2-2-1-2-2+2+2+1+4-2-3+3-12+10+4-2-2-1-2-2+2+2+1+4-2";"ududurddddrudddududdudurddddrudddududdduuddddduuuudduduuddddduuuud"
"kjs_0162";"Hoirola, kolmen parin";"Kantele- ja jouhikkosävelmät";"Tanssisävelmiä";"4-iskuiset säkeet";"Iivana Mishukka/A. O. Väisänen";"1916";"80";"2/4";"G";"Suistamo";"Leppäsyrjä";"Laatokan Karjala";"Karjalan, Inkerin, ym. alueet";"";"soittotapa: Yhdysasentoinen, soitin: Useampikielisellä kanteleella, tempo: 132, äänitteet: ph. 147 c, prl, 11-20";"""Pyöritys"" - toinen kertaus. Muunokset soitettu";"";"+3-3+3-3+3-2-1-2-2+0+9-2-5+2+1+2-3+1+2+0-3+3-5+5-3+3-2-1-2-2+4+1+7-5-2-1+1+2+2-2-2+4-4-5+5+7-7-1-2+2+3-7+5+4-4-5+5+0-1-2+2+3-2+4-4-5+5+7-7-1-2+5";"udududdddrudduuuduurdudududddduuuddduuuddudduuddduuduuddurdduududduudddu"
"kjs_0163";"Hoirola";"Kantele- ja jouhikkosävelmät";"Tanssisävelmiä";"4-iskuiset säkeet";"Iivana Mishukka/A. Launis";"1905";"80";"2/4";"G";"Suistamo";"Leppäsyrjä";"Laatokan Karjala";"Karjalan, Inkerin, ym. alueet";"";"soittotapa: Yhdysasentoinen, soitin: Useampikielisellä kanteleella";"";"";"+3-3+3-3+1-3+2-4+9-2-5+2+1+2-3+1+2+0-3+3-3+3-3+1-3+2-4+9-2-5+2+1+2-3+1+2+0-2+4-4+7-5-3+0+3-2+4-4+7-5-3+3+0";"udududududduuuduurdudududududduuuduurdududdrudududdur"
"kjs_0164";"Hoilola, kolmen parin";"Kantele- ja jouhikkosävelmät";"Tanssisävelmiä";"4-iskuiset säkeet";"Iivana Shirgo/A. O. Väisänen";"1916";"80";"2/4";"g";"Impilahti";"Koivuselkä";"Laatokan Karjala";"Karjalan, Inkerin, ym. alueet";"";"soittotapa: Yhdysasentoinen, soitin: Useampikielisellä kanteleella, tempo: 144, äänitteet: ph. 135 a";"terssi ja seksti neutraaleja. Muunnokset soitettu.";"";"-4+4-4+4+0-2-2-1+1-3+8-1-2-2+2+2+0-5+5-5+5-4+2-3+1-3+2+6-3+2+0+0+1+0+4-4-1-4+2+2+0-5+0+6+0-1-4+2+2+1+0+4+0-5-2-2+2+2-5+0+6+0-1-2-2+2+2-2+3+4-5-2-2+2+2-5+0+6+0-1-4+2+2";"dudurdddududdduurdududududuudurruruddduurdrurdduuururddduudrurddduuduuddduudrurdduu"
"kjs_0165";"Hoirola, kolmen parin";"Kantele- ja jouhikkosävelmät";"Tanssisävelmiä";"4-iskuiset säkeet";"Iivana Mishukka/A. Launis";"1905";"81";"2/4";"G";"Suistamo";"Muuanto";"Laatokan Karjala";"Karjalan, Inkerin, ym. alueet";"";"soittotapa: Yhdysasentoinen, soitin: Useampikielisellä kanteleella";"";"";"+12-7+4+3-2-1-2+5-7+4+3-2-1-2+7-4+4-4+2-3+3-3+5-4+7-7+2-3+3-3+5-4+4-4+2-3+3-3+5-4+7-7+2-3+3-3";"uduuddduduudddudududududududududududududududud"
"kjs_0166";"Hoirola l. hollola, kolmen parin";"Kantele- ja jouhikkosävelmät";"Tanssisävelmiä";"4-iskuiset säkeet";"Iivana Lösönen/A. O. Väisänen";"1916";"81";"2/4";"G";"Suistamo";"Leppäsyrjä";"Laatokan Karjala";"Karjalan, Inkerin, ym. alueet";"";"soittotapa: Yhdysasentoinen, soitin: Useampikielisellä kanteleella, tempo: 152";"";"";"+0+1+2+0-2-1-2+5-5-7+7-7+7-7+7+5-5+2-2+5-12+10+4-2-2-1-2+5-5-7+7-7+7-7+7+5-5+2";"ruurddduddududuudududuudddduddududuudu"
"kjs_0167";"Valssi";"Kantele- ja jouhikkosävelmät";"Tanssisävelmiä";"4-iskuiset säkeet";"Iivana I. Härkönen/A. Launis";"1905";"82";"2/4";"G";"Suistamo";"Äimäjärvi";"Laatokan Karjala";"Karjalan, Inkerin, ym. alueet";"";"soittotapa: Yhdysasentoinen, soitin: Useampikielisellä kanteleella";"";"";"-1-2+5-5+2+3-5+3-1-2+5-5+2+3-5+3-1-2+5-12+9+3-2+7-7+7-3-4-1-9+7+2+3-2+4-4+4-4-1-9+7+2+3-2+7-7+7-3-4-1-9+7+2+3-2+4-4+4-4-1-9+7+2+3";"dduduududduduududduduudududddduuudududdduuudududddduuudududdduuu"
"kjs_0168";"";"Kantele- ja jouhikkosävelmät";"Tanssisävelmiä";"4-iskuiset säkeet";"J. Riikonen/K. Collan";"1854";"82";"2/4";"G";"Pielisjärvi";"Lieksa";"Pohjois-Karjala";"Oulun lääni";"";"soittotapa: Yhdysasentoinen, soitin: Useampikielisellä kanteleella";"";"";"+2+2+1+2+5-3-4+4-2-2+0-3+2+3-5+5-7+0+2+2+1+2+5-3-4+4-2-2+0-3+2+3-5+5-7+5-3+0+2+1-1-4+0+2+2+1-3+0+2+1-1-4+0+5-3+0+2+1-1-4+0+2+2+1-3+0+2+1-1-4+0";"uuuuudduddrduududruuuuudduddrduudududruuddruuudruuddrudruuddruuudruuddr"
"kjs_0169";"Kiperä";"Kantele- ja jouhikkosävelmät";"Tanssisävelmiä";"4-iskuiset säkeet";"Teppana Jänis/A. O. Väisänen";"1916";"82";"2/4";"G";"Suistamo";"Maisu";"Laatokan Karjala";"Karjalan, Inkerin, ym. alueet";"Oulun likat ozatah, tahon jälgeh tanssitah. Kuobiossa tiijetä ei kogo tanssin mahtia.";"soittotapa: Yhdysasentoinen, soitin: Useampikielisellä kanteleella";"";"Kantele- ja jouhikkosävelmät: [1] [2]";"+12-3-9+10+2-3+1-3+0+0+2+1+4+0-5+0+0-9+10+2-3+1-3+0+0+2+1+4+0-5+0+3-2-1-2+3-1-2+2+3-3-2-7+2+2+1-5+9-4+4+1-1-2+3-1-2+2+3-3-2-7+2+2+1-5+9";"udduududrruuurdrrduududrruuurdrudddudduuddduuududuuddudduuddduuudu"
"kjs_0170";"Riivattu l. ""ristakondra""";"Kantele- ja jouhikkosävelmät";"Tanssisävelmiä";"4-iskuiset säkeet";"Teppana Jänis/A. O. Väisänen";"1916";"83";"2/4";"?";"Suistamo";"Maisu";"Laatokan Karjala";"Karjalan, Inkerin, ym. alueet";"";"soittotapa: Yhdysasentoinen, soitin: Useampikielisellä kanteleella, tempo: 144, äänitteet: ph. 140 c";"";"";"+2-2-1-2+3-1-2+2+1+2-2-1-2+3-1-4+4+1+2-2-1-2+3-1-2+2+1+2-2-1-2+3-1-4+4+1+4+3-3-2-3+1+2+0+2-4+7-3-2-3+1+2+0-2+4+3-5-3+3+0+2-4+7-3-2";"udddudduuudddudduuudddudduuudddudduuuuddduurududdduurduuddurududd"
"kjs_0171";"Vanha polkka";"Kantele- ja jouhikkosävelmät";"Tanssisävelmiä";"4-iskuiset säkeet";"Iivana Mishukka/A. O. Väisänen";"1916";"83";"2/4";"G";"Suistamo";"Leppäsyrjä";"Laatokan Karjala";"Karjalan, Inkerin, ym. alueet";"";"soittotapa: Yhdysasentoinen, soitin: Useampikielisellä kanteleella, tempo: 132 (prl.: 116), äänitteet: prl. 9, 45-51";"";"";"+0-3-4+0+4+0-2+0+2+1+0-1-2+2+1+4+0-2-3+3-3-4+0+4+0-2+0+2+1+4-4-1-2+2+1+4+0-2+0+0-3+3-3-4+0+4+0-2+0+2+1+0-1-2+2+1+4+0-2+0+0-3-4+0+4+0-2+0+2+1+0-1-2+2+1+4+0-2";"rddrurdruurdduuurdduddrurdruuuddduuurdrrduddrurdruurdduuurdrrddrurdruurdduuurd"
"kjs_0172";"Kiperä";"Kantele- ja jouhikkosävelmät";"Tanssisävelmiä";"4-iskuiset säkeet";"Iivana Lösönen/A. O. Väisänen";"1916";"83";"2/4";"G";"Suistamo";"Leppäsyrjä";"Laatokan Karjala";"Karjalan, Inkerin, ym. alueet";"Oulun ligat osatah, tahon jälgeh tanssitah, Kuobioss' ei tiijetä kogo tanssin mahtia.";"soittotapa: Yhdysasentoinen, soitin: Useampikielisellä kanteleella, tempo: 152";"";"Kantele- ja jouhikkosävelmät: [1] [2]";"+0+0-2+2+0-2-3+0+5+0-2+4-2-2-3+5+0+0-2+2+0-2-3+0+5+0-2+4-2-2-3+5+2+0-2-2-1-2+5+0-2+4-2-2-3+5-3+5+0-2-2-1-2+5+0-2+4-2-2-3+5-3+5+0-2-2-1-2+5+0-2+4-2-2-3+5";"rrdurddrurdudddurrdurddrurduddduurddddurdudddudurddddurdudddudurddddurdudddu"
"kjs_0173";"Oulun likat...";"Kantele- ja jouhikkosävelmät";"Tanssisävelmiä";"4-iskuiset säkeet";"Iivana Mishukka/A. Launis";"1905";"84";"2/4";"G";"Suistamo";"Leppäsyrjä";"Laatokan Karjala";"Karjalan, Inkerin, ym. alueet";"";"soittotapa: Yhdysasentoinen, soitin: Useampikielisellä kanteleella";"";"";"-5+1+4-2-2-1-2+5-3+1+2-2-1-2+5+2-4+4-2-2-1-2+5-3+3-2-1-2+5";"duudddduduuddduududdddududddu"
"kjs_0174";"Kiperä";"Kantele- ja jouhikkosävelmät";"Tanssisävelmiä";"4-iskuiset säkeet";"Iivana Mishukka/A. O. Väisänen";"1916";"84";"2/4";"G";"Suistamo";"Leppäsyrjä";"Laatokan Karjala";"Karjalan, Inkerin, ym. alueet";"Oulun likat ozataa, tahon jälgee tanssitaa. Kuobioss' ei tiijetä kogo tanssin mahtia.";"soittotapa: Yhdysasentoinen, soitin: Useampikielisellä kanteleella, tempo: 126, äänitteet: prl. 11, 0-9";"";"Kantele- ja jouhikkosävelmät: [1] [2]";"+12+2-4+4-2-2-1-2+5-3+3-2-1-2+5+2-4+2+2-2-2-1-2+0+5-3+1+2-2-1-2+5-2-1-2+3-1-2+5-3-2-7+2+2+1+2+2+3-2-1-2-7+10-1-2+5-3-2-7+2+2+1+2+5";"uududdddududdduuduuddddruduudddudddudduddduuuuuuddddudduddduuuuu"
"kjs_0175";"Lippaanpa liivini kiin";"Kantele- ja jouhikkosävelmät";"Tanssisävelmiä";"4-iskuiset säkeet";"Iivana Shemeikka/A. Launis";"1905";"84";"2/4";"G";"Suistamo";"Muuanto";"Laatokan Karjala";"Karjalan, Inkerin, ym. alueet";"";"soittotapa: Yhdysasentoinen, soitin: Useampikielisellä kanteleella";"";"";"+2-4+2-3-2+0+5-2+4-4+2+0-2+4-4+4-4+2+0-5+7-4+4-4+2+0";"ududdrududurdududurdududur"
"kjs_0176";"Kuutonen peli";"Kantele- ja jouhikkosävelmät";"Tanssisävelmiä";"4-iskuiset säkeet";"M. Timonen/K. Collan";"1854";"85";"2/4";"G";"Pielisjärvi";"Lieksa";"Pohjois-Karjala";"Oulun lääni";"";"soittotapa: Yhdysasentoinen, soitin: Useampikielisellä kanteleella";"";"";"+0-3-4+2+2-2-2-1-4+5+0+4+3-5+2-2-2-1-4+5+0-3+2+1+2+2-2-2-1-4+5+0-3+2+1+2+5-7";"rdduudddduruududdddurduuuuddddurduuuud"
"kjs_0177";"Polkka";"Kantele- ja jouhikkosävelmät";"Tanssisävelmiä";"4-iskuiset säkeet";"Helena Toivanen/E. Sivori";"1891";"85";"2/4";"G";"Pielisjärvi";"";"Pohjois-Karjala";"Oulun lääni";"";"soittotapa: Yhdysasentoinen, soitin: Useampikielisellä kanteleella";"";"";"+1+2-3-4+4-2-3+3-3-2+2+1-1-2+2+1+4+3-3+1+2-3-4+4-2-3+3-3-2+2+1-1-2+2+1+0+0+0-1-2+0+5-2-1+3+3-1-2-3+1+2+2-2-2-5+5-1-2+0+5-2-1+3-2+9-2-8+1+0+0";"uudduddudduudduuuuduudduddudduudduurrrddrudduuddduuuddduddruddududdurr"
"kjs_0178";"Neljänkesken tanssi";"Kantele- ja jouhikkosävelmät";"Tanssisävelmiä";"4-iskuiset säkeet";"Iivana I. Härkönen/A. Launis";"1905";"85";"2/4";"G";"Suistamo";"Äimäjärvi";"Laatokan Karjala";"Karjalan, Inkerin, ym. alueet";"";"soittotapa: Yhdysasentoinen, soitin: Useampikielisellä kanteleella";"";"";"-5+5-12+12+0-5+0+3+2-5+7-14+12+0-5+0+5-5+5-12+12+0-5+0+3+2-5+7-14+12+0-5+0+0+2+3-5+0+2+3-2-10+7+2+3-5+0+2+3-2-10";"dudurdruududurdrududurdruududurdrruudruudduuudruudd"
"kjs_0179";"Talonpojan polska";"Kantele- ja jouhikkosävelmät";"Tanssisävelmiä";"4-iskuiset säkeet";"J. Turunen/K. Collan";"1854";"86";"2/4";"G";"Tohmajärvi";"Uusikylä";"Pohjois-Karjala";"Oulun lääni";"";"soittotapa: Yhdysasentoinen, soitin: Useampikielisellä kanteleella";"";"";"-10+9-9+7-7+0+0+10-10+9-9+7-7+0+0+12-12+9-9+7-7+0+0+12-12+9-9+9-2-2-1+3+2+0-2";"dududrrudududrrudududrrudududdduurd"
"kjs_0180";"Venähen valssi";"Kantele- ja jouhikkosävelmät";"Tanssisävelmiä";"4-iskuiset säkeet";"Iivana Shemeikka/A. Launis";"1905";"86";"2/4";"G";"Suistamo";"Muuanto";"Laatokan Karjala";"Karjalan, Inkerin, ym. alueet";"";"soittotapa: Yhdysasentoinen, soitin: Useampikielisellä kanteleella";"";"";"-3-2+3-1+0+3-3-2+3-1+0+3-3+3-19+12+4+3-3-4+5+4-4-5+5+7-7+4-5-4+4+3-3-4+5+4-4-5+5+7-7+4-5";"ddudruddudrududuuudduudduududduudduudduudud"
"kjs_0181";"""Vanha falssi""";"Kantele- ja jouhikkosävelmät";"Tanssisävelmiä";"4-iskuiset säkeet";"Iivana Lösönen/A. O. Väisänen";"1916";"86";"3/4";"G";"Suistamo";"Leppäsyrjä";"Laatokan Karjala";"Karjalan, Inkerin, ym. alueet";"";"soittotapa: Yhdysasentoinen, soitin: Useampikielisellä kanteleella, tempo: 152";"""Marssitaan"" tahdit 1-2, ""pyöritään"" loppu";"";"+0+3-1-2+5-3-2+0+3-1-2+5-3-2+0+3-1-2+5+2+0-4-1-2+5+0-2+4-4+4-4+4-4-1-2+5+0-2+4-4+4-4+4-4-1-2+5";"rudduddrudduddrudduurdddurdudududddurdudududddu"
"kjs_0182";"""Vanha valssi""";"Kantele- ja jouhikkosävelmät";"Tanssisävelmiä";"4-iskuiset säkeet";"Miinan Domi/A. O. Väisänen";"1917";"87";"2/4, 3/4";"G";"Suistamo";"Koitto";"Laatokan Karjala";"Karjalan, Inkerin, ym. alueet";"";"soittotapa: Yhdysasentoinen, soitin: Useampikielisellä kanteleella";"";"";"+12-5-7+10-1-2-2+7-5-7+10-1-2-2+7-2+4-4+7-7-1-2-2+7-2+4-4+7-7-1-2+5";"udduddduddudddudududdddudududddu"
"kjs_0183";"Lippa";"Kantele- ja jouhikkosävelmät";"Tanssisävelmiä";"4-iskuiset säkeet";"Miinan Domi/A. O. Väisänen";"1917";"87";"3/4";"G";"Suistamo";"Koitto";"Laatokan Karjala";"Karjalan, Inkerin, ym. alueet";"Lippaan liivin kiin, kulin kuldani luoks. Kullallan on igävä eigä tule luoksi.";"soittotapa: Yhdysasentoinen, soitin: Useampikielisellä kanteleella";"";"Laulusävelmät: [1] [2] [3] Kantele- ja jouhikkosävelmät: [1]";"+4-4+4-4+2-3+3-2+2-2+4-4+4-4+2-3+3-2+2+0+2-2-2-1-2-2+2+2+1+4-2-3+3+2-2-2-1-2-2+2+2+1+4-2";"udududududududududuruddddduuuudduuddddduuuud"
"kjs_0184";"Lippa";"Kantele- ja jouhikkosävelmät";"Tanssisävelmiä";"4-iskuiset säkeet";"Iivana Lösönen/A. O. Väisänen";"1916";"87";"3/4";"G";"Suistamo";"Leppäsyrjä";"Laatokan Karjala";"Karjalan, Inkerin, ym. alueet";"";"soittotapa: Yhdysasentoinen, soitin: Useampikielisellä kanteleella";"";"";"+4-4+4-2-3+3-3+3-3+3-2+4-4+4-2-3+3-3+3-3+3-2+4-2-2-1-2+5-5+2+1-1+1-1-2+5-3+1+4-2-2-1-2+5-5+2+1-1+1-1-2+5";"ududdudududududdududududddduduududduduudddduduududdu"
"kjs_0185";"Lippa";"Kantele- ja jouhikkosävelmät";"Tanssisävelmiä";"4-iskuiset säkeet";"Timo Lipitshä/A. O. Väisänen";"1917";"87";"2/4, 3/4";"G";"Suistamo";"Koitto";"Laatokan Karjala";"Karjalan, Inkerin, ym. alueet";"";"soittotapa: Yhdysasentoinen, soitin: Useampikielisellä kanteleella";"";"";"-2+4-4+4-2-3+3-3-4+4+3-2+4-4+4-2-3+3-3-4+4+3-2+0+4-2-2+0+2-3-2-7+7+5+0-2-1-2-2+4+1-5+5+4-2-2+0+2-5-7+7+5-2-1-2-2+4+1+0+4-2-2+0+2-3-2-7+7+5+0-2-1-2+5";"dududdudduudududdudduudruddruddduurdddduuduuddrudduudddduuruddruddduurdddu"
"kjs_0186";"Lippa";"Kantele- ja jouhikkosävelmät";"Tanssisävelmiä";"4-iskuiset säkeet";"Teppana Jänis/A. O. Väisänen";"1916";"88";"3/4, 2/4";"G";"Suistamo";"Maisu";"Laatokan Karjala";"Karjalan, Inkerin, ym. alueet";"";"soittotapa: Yhdysasentoinen, soitin: Useampikielisellä kanteleella, tempo: 126, äänitteet: ph. 141 d";"muunnokset soitettu";"";"+3-3-4+5+0+4-4+4-2-3+3-3-4+4+1+0+4-4+4-2-3+3-3-4+4+1+0+0+4-2-2-1-2-2+2+2+1-3+2+1+2-3+1+0+2+2-2-2+0-1-2-2+2+2+1-1-2+2+1+2";"uddurududdudduurududdudduurruddddduuuduuuduruuddrddduuudduuu"
"kjs_0187";"Lippaan liivini kiin";"Kantele- ja jouhikkosävelmät";"Tanssisävelmiä";"4-iskuiset säkeet";"Iivana Mishukka/A. Launis";"1905";"88";"3/4, 2/4";"G";"Suistamo";"Leppäsyrjä";"Laatokan Karjala";"Karjalan, Inkerin, ym. alueet";"";"soittotapa: Yhdysasentoinen, soitin: Useampikielisellä kanteleella";"";"";"+3-3+3-3+1+0+4-4+4-4+2-3+3-3+3-3+1+0+4-4+4-4+2-3+5+0+0-2-2-1-2-2+2+2+1+2-2-1-2+5-3+5+0+0-2-2-1-2-2+2+2+1+2-2-1-2+5-3";"ududurudududududurudududurrddddduuuudddudurrddddduuuudddud"
"kjs_0188";"Lippa";"Kantele- ja jouhikkosävelmät";"Tanssisävelmiä";"4-iskuiset säkeet";"Iivana Mishukka/A. O. Väisänen";"1916";"89";"2/4, 3/4";"G";"Suistamo";"Leppäsyrjä";"Laatokan Karjala";"Karjalan, Inkerin, ym. alueet";"";"soittotapa: Yhdysasentoinen, soitin: Useampikielisellä kanteleella, tempo: 120, äänitteet: prl. 9 27-34";"muunnokset soitettu";"";"-3+3-3-4+4+1+0+4-4+4-2-3+3-3-4+4+1+0+4-4+4-4+2-3+3-3-4+4+1+0+4-4+4-2-3+3-3-4+4+1+0+4-4+4-4+2-3+3-3-4+4+1+4+0-2-2-1-2-2+2+2+1+2-2-1+1+2-3+5-4+4-2-2-1-2-2+2+2+1-3+2+0+1+2-3+5+0-2-2-1-2-2+2+2+1+2-2-1+1+2-3+5-4+4-2-2-1-2-2+2+2+1-3-2+2+5";"dudduurududdudduurududududduurududdudduurududududduuurddddduuuudduudududdddduuuduruudurddddduuuudduudududdddduuudduu"
"kjs_0189";"Vanha valssi";"Kantele- ja jouhikkosävelmät";"Tanssisävelmiä";"4-iskuiset säkeet";"Antti Rantonen/A. O. Väisänen";"1925";"89";"3/8";"G";"Haapavesi";"Ainali";"Pohjois-Pohjanmaa";"Oulun lääni";"";"soittotapa: Yhdysasentoinen, soitin: 5-kielisellä kanteleella, tempo: pisteellinen neljäosa = 80";"muunnokset soitettu";"";"-7+2+2+1+2-3+3-7+2+2+1+2-3+3-7+2+2+1+2-2-1-2+2-2-2+4+3-7+2+2+1+2-3+3-7+2+2+1+2-3+3-7+2+2+1+2-2-1-2+2-2-2+2+2+1-1-2+5-5+2+1-1-2+5-5+2+1-1-2+5-5+2+1-1-2+5-5+2+1-1-2+5-5+0+2+1-1-2+5-5+0+2+1-1-2+5-5+0+2+1-1-2+5";"duuuududuuuududuuuudddudduuduuuududuuuududuuuudddudduuudduduudduduudduduudduduuddudruuddudruuddudruuddu"
"kjs_0190";"Vanha valssi";"Kantele- ja jouhikkosävelmät";"Tanssisävelmiä";"4-iskuiset säkeet";"Antti Rantonen/A. O. Väisänen";"1925";"89";"3/8";"G";"Haapavesi";"Ainali";"Pohjois-Pohjanmaa";"Oulun lääni";"";"soittotapa: Yhdysasentoinen, soitin: 5-kielisellä kanteleella, tempo: pisteellinen neljäosa = 80";"";"";"-3-4+4+3+0+0-3-4+4+3+0-2+0+0-1+3-3-2+5-3-2-2+0+2+2+1+2-3-4+4+3+0+0-3-4+4+3+0-2+0+0-1+3-3-2+5-3-2-2+4+3+0-3-4+4+3+0-2+0+0-1-2+2-4+0+2+2+1+2+0-3-4+4+3+0-2+0+0-1-2+2-4+4+3-5+2+3+0-5+2+3+0-2-1+1+0-3-2+2+3-3-2+2+3+0-1-2+2";"dduurrdduurdrrduddudddruuuudduurrdduurdrrdudduddduurdduurdrrddudruuuurdduurdrrdduduuduurduurddurdduudduurddu"
"kjs_0191";"Valssi";"Kantele- ja jouhikkosävelmät";"Tanssisävelmiä";"4-iskuiset säkeet";"Heikki Halonen/A. O. Väisänen";"1917";"90";"3/8";"g";"Lapinlahti";"Akkala";"Pohjois-Savo";"Itä-Suomen lääni";"";"soittotapa: Yhdysasentoinen, soitin: 5-kielisellä kanteleella, tempo: kahdeksas osa = 200";"";"";"+0+0+0+0+0-4+2-2+2+2+0-4+4+0+0+0+0+0-4+2-2+2+2-4+4+0-4+4-4+4+0+0-4+4+0-2-2-1-2+0+3-3+3+4+0-4+4-4+4+0+0-4+4+0-2-2-1-2+3+4+0-2-2-1-2+0+3-3+3+4+0-2-2-1-2+0+3-3+3+4+0-2-2-1-2+0+3-3+3+4+0-2-2-1+5";"rrrrrduduurdurrrrrduduudurdudurrdurddddruduurdudurrdurdddduurddddruduurddddruduurddddruduurdddu"
"kjs_0192";"Valssi";"Kantele- ja jouhikkosävelmät";"Tanssisävelmiä";"4-iskuiset säkeet";"Heikki Halonen/A. O. Väisänen";"1917";"90";"3/8";"g";"Lapinlahti";"Akkala";"Pohjois-Savo";"Itä-Suomen lääni";"";"soittotapa: Yhdysasentoinen, soitin: 5-kielisellä kanteleella, tempo: kahdeksas osa = 208";"";"";"-7+2-2+2+5-7+3-3+3+4-5+3-3+3+2-7+3-3+3+4-7+2-2+2+5-7+3-3+3+4-5+3-3+3+2-7+3+2+2-4-3+3+2+2-4-3+3+2+2-2-3+3-2+4-4-3+3+2+2-4-3+3+2+2-4-3+3+2+2-2-3+3-2+4-4+2+2";"duduududuududuududuududuududuududuuduuudduuudduuuddududduuudduuudduuuddududuu"
"kjs_0193";"""Hippavalta""";"Kantele- ja jouhikkosävelmät";"Tanssisävelmiä";"4-iskuiset säkeet";"Antti Rantonen/A. O. Väisänen";"1925";"91";"3/4";"G";"Haapavesi";"Ainali";"Pohjois-Pohjanmaa";"Oulun lääni";"";"soittotapa: Yhdysasentoinen, soitin: 5-kielisellä kanteleella, tempo: pisteellinen puolinuotti on 72";"";"";"+4+3+0-2-1+3-2-3+2-4+2+3-1+3+0-3-4+5-3+2-4+4+3+0-2-1+3-2-3+2-4+2+3-1+3+0-3-4+5-3+2-4+2+2-4+2+2+1-3+3-1+3-3-4+2+2-4+2+2+1-3+3-1+3-3-4+2+2+1-3+5-2-1+1-3+2-4+2+2+1-3+5-3-4+2+2+1-3+5-7";"uurddudduduudurddududuurddudduduudurddududuuduuudududduuduuudududduuududdududuuududduuudud"
"kjs_0194";"Masurkka";"Kantele- ja jouhikkosävelmät";"Tanssisävelmiä";"4-iskuiset säkeet";"Antti Rantonen/A. O. Väisänen";"1925";"91";"3/4";"G";"Haapavesi";"Ainali";"Pohjois-Pohjanmaa";"Oulun lääni";"";"soittotapa: Yhdysasentoinen, soitin: 5-kielisellä kanteleella, tempo: 168";"muunnokset soitettu";"";"+4+3+0-7+4+3+0+0-2-3+0+2+3-3-4+0+0+4+3+0-7+4+3+0+0-2-3+0+2+3-3-4+4+1-3+0+2+3-3+1-3+0+2+3-3+1-3+0+2-2+0+5-3-4+4+0+1-3+0+2+3-3+1-3+0+2+3-3+1-3+0+2+0-2+5-3-4";"uurduurrddruuddrruurduurrddruudduudruududruududrudruddurudruududruududrurdudd"
"kjs_0195";"""Tilu tallaan""";"Kantele- ja jouhikkosävelmät";"Tanssisävelmiä";"4-iskuiset säkeet";"Heikki Halonen/A. O. Väisänen";"1917";"92";"3/4";"g";"Lapinlahti";"Akkala";"Pohjois-Savo";"Itä-Suomen lääni";"";"soittotapa: Yhdysasentoinen, soitin: 5-kielisellä kanteleella, tempo: 208";"";"";"-4-3+3+4-4-3+3+4-2-3+3+2-2-3+3+2-4-3+3+4-4-3+3+4-2-3+3+2-4-3+7-4-3+3-3+3+4-4-3+3-3+3+4-2-3+3-3+3+2-2-3+3-3+3+2-4-3+3-3+3+4-4-3+3-3+3+4-2-3+3-3+3+2-4-3";"dduudduudduudduudduudduudduuddudduduudduduudduduudduduudduduudduduudduduudd"
"kjs_0196";"""Tilu tallaan""";"Kantele- ja jouhikkosävelmät";"Tanssisävelmiä";"4-iskuiset säkeet";"Heikki Halonen/A. O. Väisänen";"1917";"92";"3/4";"g";"Lapinlahti";"Akkala";"Pohjois-Savo";"Itä-Suomen lääni";"";"soittotapa: Yhdysasentoinen, soitin: 5-kielisellä kanteleella, tempo: 208";"";"";"+3+4-4-3+3+4-4-3+2+3-3-2+2+3-3-2+3+4-4-3+3+4-4-3+2+3-3-2+3+4-7+3+4-4+4-4-3+3+4-4+4-4-3+2+3-3+3-3-2+2+3-3+3-3-2+3+4-4+4-4-3+3+4-4+4-4-3+2+3-3+3-3-2+3+4";"uudduudduudduudduudduudduudduuduududduududduududduududduududduududduududduu"
"kjs_0197";"Maaherran polska";"Kantele- ja jouhikkosävelmät";"Tanssisävelmiä";"3-iskuiset";"Antti Rantonen/A. O. Väisänen";"1925";"92";"3/4";"G";"Haapavesi";"Ainali";"Pohjois-Pohjanmaa";"Oulun lääni";"";"soittotapa: Yhdysasentoinen, soitin: 5-kielisellä kanteleella, tempo: 80";"";"";"+0+2+5+0-3+0+0-2-2+0+2+0+0+2+0+3+0-2+0+0+2+0-3+1-3+0+2-4+0+0+0+2+5+0-3+0+0-2-2+0+2+0+0+2+0+3+0-2+0+0+2+0-3+1-3+0+2-4+7-7+7+0-2+0+0-1+0+0+3+0-2-1+1-3+2-4+7+0-2+0+0-1+0+0+3+0-2-1+1-3+2";"ruurdrrddrurrururdrrurdudrudrrruurdrrddrurrururdrrurdudrududurdrrdrrurddududurdrrdrrurddudu"
"kjs_0198";"Kolmas hääpolska";"Kantele- ja jouhikkosävelmät";"Tanssisävelmiä";"3-iskuiset";"Antti Rantonen/A. O. Väisänen";"1925";"93";"3/4";"G";"Haapavesi";"Ainali";"Pohjois-Pohjanmaa";"Oulun lääni";"";"soittotapa: Yhdysasentoinen, soitin: 5-kielisellä kanteleella, tempo: 104";"";"";"+0-2-3-2+0+4+3+0-2-3+5+0-2+2+0-2-3-2+0+4+3-3+3-5+5-3-4+2+2-2+2+1+2+0-2-1+0+1-3+5+0+0-2-3-2+0+4+3+0-2-3+5+0-2+2+0-2-3-2+0+4+3-3+3-5+5-3-4+2+2-2+2+1+2+0-2-1+0+1-3+5+0-3+0+3+0-3+1-3+5-3+1-1-2+5+0-2+0-1+3+0-2-3-2+0+4";"rdddruurddurdurdddruudududduuduuurddrudurrdddruurddurdurdddruudududduuduuurddrudurdrurdudududdurdrdurdddru"
"kjs_0199";"Toinen hääpolska";"Kantele- ja jouhikkosävelmät";"Tanssisävelmiä";"3-iskuiset";"Antti Rantonen/A. O. Väisänen";"1925";"93";"3/4, 2/4";"G";"Haapavesi";"Ainali";"Pohjois-Pohjanmaa";"Oulun lääni";"";"soittotapa: Yhdysasentoinen, soitin: 5-kielisellä kanteleella, tempo: 104";"";"";"+2+2+1+2-2+2-3+3-5+2+1+2+0-2-1+1-3+2-4+2+2+1+2-2+2-3+3-5+2+1+2+0-2-1+1-3+2-4+0+4-2+0+3+0-1+3-3-4+0+4-2+0+3+0-1+3-3-4+2+2+1+2-2-1+3-3-2+5-7+7";"uuuudududuuurddududuuuudududuuurddududrudrurduddrudrurdudduuuudduddudu"
"kjs_0200";"Venäjän kirkon kellot";"Kantele- ja jouhikkosävelmät";"Tanssisävelmiä";"3-iskuiset";"Helena Toivanen/E. Sivori";"1891";"94";"3/4, 2/4";"G";"Pielisjärvi";"";"Pohjois-Karjala";"Oulun lääni";"";"soittotapa: Yhdysasentoinen, soitin: Useampikielisellä kanteleella";"";"";"+0+2+2-4+5-5+0+2+2-4+5+2+0+2+1-3+2-4+4-2-2-1+1+2+2-4+5-3+3-1-4+4-2-2-1+1+7-2-1+1+2-3+1-3+5+0+0-3-4+5-3+2-4+4-2-2-1+1+2+2-4+5-3+3-1-4+4-2-2-1+1+0+0";"ruududruuduuruudududdduuudududduddduudduududurrddudududdduuudududdudddurr"
"kjs_0201";"Kolmisatanen";"Kantele- ja jouhikkosävelmät";"Tanssisävelmiä";"3-iskuiset";"M. Timonen/K. Collan";"1854";"94";"3/8, 2/4";"G";"Pielisjärvi";"";"Pohjois-Karjala";"Oulun lääni";"";"soittotapa: Yhdysasentoinen, soitin: Useampikielisellä kanteleella";"";"";"-2+2-5+2+1-1+1-1-2-2+2-2+2+2-2+2+1-1+1-1-2-2+2+5-7+2+2-2+2+1-1+1-1-2-2+2+5-7+4-4-1+3-5+5-7+7-2+4-4-1+3-5+5-7+5+4-4-1+3-5+5-7+7-2+4-4-1+3-5+5-7";"duduududdduduuduududdduuduuduududdduududdududududdududuuddududududdudud"
"kjs_0202";"Suojärveläistä";"Kantele- ja jouhikkosävelmät";"Tanssisävelmiä";"4-iskuiset säkeet";"Grigo Bomba/A. O. Väisänen";"1917";"94";"2/4";"G";"Suojärvi";"Savihauta";"Laatokan Karjala";"Karjalan, Inkerin, ym. alueet";"";"soittotapa: Eroasentoinen, soitin: Useampikielisellä kanteleella";"Muunnokset soitettu. Säestys ei oikein tunnu passaavan kappaleeseen. Vaikuttaisi siltä kuin säestyksen G-sävet olisivat vaihtuneet vahingossa A:ksi. Tein Konventionaalisemman version: 202editoijan_versio.mus";"";"+0+1-1-2-7+12-12+12+2+2-2-2-12+17-17+17-1-2+0+2-2-2-12+16-2-2+0+2-2-3+0+0+1-1-2-7+12-12+12+2+2-2-2-12+17-17+17-1-2+0+2-2-2-12+16-2-2+0+2-2-3";"ruddduduuudddududdruddduddruddrruddduduuudddududdruddduddrudd"
"kjs_0203";"""Sodíesi""";"Kantele- ja jouhikkosävelmät";"Tanssisävelmiä";"4-iskuiset säkeet";"Grigo Bomba/A. O. Väisänen";"1917";"95";"2/4";"G";"Suojärvi";"Savihauta";"Laatokan Karjala";"Karjalan, Inkerin, ym. alueet";"";"soittotapa: Eroasentoinen, soitin: Useampikielisellä kanteleella";"tässäkään kappaleessa säestys ei ole kovin harmoninen";"";"-4-1+3-3-2+2-4+4+5+1-1-2";"ddudduduuudd"
"kjs_0204";"Kaputus";"Kantele- ja jouhikkosävelmät";"Tanssisävelmiä";"4-iskuiset säkeet";"Grigo Bomba/A. O. Väisänen";"1917";"95";"2/4";"G";"Suojärvi";"Savihauta";"Laatokan Karjala";"Karjalan, Inkerin, ym. alueet";"";"soittotapa: Eroasentoinen, soitin: Useampikielisellä kanteleella";"tässäkään kappaleessa säestys ei ole kovin harmoninen";"";"+2+2+5-2-3-2+0+2+1+2+0-3-2+0+2-4+0+2+2+5-2-3-2+0+2+1+2+0-3-2+0+2-2+2+3+2+2+1-5+0+0+0-3-2+0+2-2+2+3+2+2+1-5+0+0+0-3-2+0+2-4";"uuudddruuurddrudruuudddruuurddruduuuuudrrrddruduuuuudrrrddrud"
"kjs_0205";"Polkka";"Kantele- ja jouhikkosävelmät";"Tanssisävelmiä";"4-iskuiset säkeet";"Jaakko Lonkainen/A. O. Väisänen";"1916";"95";"2/4";"g";"Kitee";"Huikkola";"Pohjois-Karjala";"Oulun lääni";"";"soittotapa: Eroasentoinen, soitin: Useampikielisellä kanteleella";"säestyksessä on jätetty merkitsemättä edellisestä tahdista sidottu kahdeksasosa";"";"+7+0-4-3-5+13-1+0+3+2-5-7+7+0-4-3-5+13-1+0+3+2-5+1-1-2+0+2-4-15+12+3+0+2-2-3+0+8-1-2+0+2-4-15+12+3-1+3-2-3";"urdddudruuddurdddudruududdrudduuruddruddrudduududd"
"kjs_0206";"Polkka";"Kantele- ja jouhikkosävelmät";"Tanssisävelmiä";"4-iskuiset säkeet";"Jaakko Lonkainen/A. O. Väisänen";"1916";"96";"2/4";"g";"Kitee";"Huikkola";"Pohjois-Karjala";"Oulun lääni";"";"soittotapa: Eroasentoinen, soitin: Useampikielisellä kanteleella";"säestyksessä on jätetty merkitsemättä edellisestä tahdista sidottu kahdeksasosa";"";"+2+1+2+2-12+12-12+20-1-2-4+2-3-7+2+1+2+2-12+12-12+20-1-2-4+2-3-7+2+1+2+2+0+0+0+8-1-2-4+2-3+5+0-2-2-1-12+5+2+1+0+2-2-1-2+0+10+2-2-2-1-12+5+2+1+0+2-2-1-2";"uuuudududddudduuuudududddudduuuurrrudddudurdddduuurudddruudddduuuruddd"
"kjs_0207";"""Sodíesi""";"Kantele- ja jouhikkosävelmät";"Tanssisävelmiä";"4-iskuiset säkeet";"Iivana Mishukka/A. O. Väisänen";"1916";"96";"2/4";"G";"Suistamo";"Leppäsyrjä";"Laatokan Karjala";"Karjalan, Inkerin, ym. alueet";"";"soittotapa: Eroasentoinen, soitin: Useampikielisellä kanteleella";"";"";"+2+1-1-4-2+2+0-5+2+1+2+2-2-7+9+2+1-1-4-2+2+0-5+2+1+2+2-2-7+4+0-4+2+2+1+7-3-2+0+2+0-4-3-2+0+0+4+0-4+2+2+1+7-3-2+0+2+0-4-1-4+0+0";"uudddurduuuudduuudddurduuuuddurduuuuddrurdddrrurduuuuddrurdddrr"
"kjs_0208";"Lippa";"Kantele- ja jouhikkosävelmät";"Tanssisävelmiä";"4-iskuiset säkeet";"Vanja Trofimov/A. O. Väisänen";"1925";"97";"2/4";"G";"Suojärvi";"Kuikkaniemi";"Laatokan Karjala";"Karjalan, Inkerin, ym. alueet";"";"soittotapa: Eroasentoinen, soitin: Useampikielisellä kanteleella";"";"";"+1+0+2-3+1-1-2-2+4+1+0+2-3+1-1-2-2+5+4-16+14-2-1+0+0+1-1-2-2+0+5+4-16+14-2-1+0+0+1-1-2-2+0";"urududdduurududdduududdrrudddruududdrrudddr"
"kjs_0209";"Polkka";"Kantele- ja jouhikkosävelmät";"Tanssisävelmiä";"4-iskuiset säkeet";"Fedja Karhapää/A. O. Väisänen";"1922";"97";"2/4";"G";"Ilomantsi";"Sonkaja";"Pohjois-Karjala";"Oulun lääni";"";"soittotapa: Eroasentoinen, soitin: Useampikielisellä kanteleella";"";"";"+3-3+3+2+3-3+3-1+3-3+3+2-2-2+0-8+3-3+3+2+3-3+3-1+3-3+3+2-2-2+0+9+3-3+3-8+3-3+3-8+3-3+3+2-2-2+0+9+3-3+3-8+3-3+3-8+3-3+3+2-2-2+0-12+4+3-7+4+3-2+4+3-7+4+3-5+4+3-7+4+3+2-2-2+0+0-12+4+3-7+4+3-2+4+3-7+4+3-5+4+3-7+4+3+2-2-2+0+0+5+4+3-7+4+3-12+4+3-7+4+3-12+4+3-7+4+3+2-2-2+0+0+5+4+3-7+4+3-12+4+3-7+4+3-12+4+3-7+4+3+2-2-2+0+0-12+4+3-3+3-2+4+3-3+3-5+4+3-3+3+2-2-2+0-12+4+3-3+3-2+4+3-3+3-5+4+3-3+3+2-2-2+0+5+4+3-3+3-12+4+3-3+3-12+4+3-3+3+2-2-2+0+5+4+3-3+3-12+4+3-3+3-12+4+3-3+3+2-2-2+0";"uduuudududuuddrduduuudududuuddruudududududuuddruudududududuuddrduuduuduuduuduuduuuddrrduuduuduuduuduuduuuddrruuuduuduuduuduuduuuddrruuuduuduuduuduuduuuddrrduududuududuuduuddrduududuududuuduuddruuududuududuuduuddruuududuududuuduuddr"
"kjs_0210";"Polkka";"Kantele- ja jouhikkosävelmät";"Tanssisävelmiä";"4-iskuiset säkeet";"Antti Rantonen/A. O. Väisänen";"1925";"98";"2/4";"G";"Haapavesi";"Ainali";"Pohjois-Pohjanmaa";"Oulun lääni";"Ootkos kuullu meijän pässiä tijän kankaan laijalla, joll' on pitkät sarvet päässä, kilikilikello kaulalla?";"soittotapa: Eroasentoinen, soitin: Useampikielisellä kanteleella, tempo: 116";"";"";"+2+2+1+2-3+0+3-2-3+0+3-1-4+0+0+2+2+1+2-3+0+3-2-3+0+3-1-4+0+12+0-3+0-2-3+0+3-2-3+0+3-1-4+0+12+0-3+0-2-3+0+3-2-3+0+3-1-4+0";"uuuudruddruddrruuuudruddruddrurdrddruddruddrurdrddruddruddr"
"kjs_0211";"Polkka";"Kantele- ja jouhikkosävelmät";"Tanssisävelmiä";"4-iskuiset säkeet";"Antti Rantonen/A. O. Väisänen";"1925";"98";"2/4";"G";"Haapavesi";"Ainali";"Pohjois-Pohjanmaa";"Oulun lääni";"";"soittotapa: Eroasentoinen, soitin: Useampikielisellä kanteleella, tempo: 116";"";"";"+9-4+4-9+9+0-4+4+1+0-3+2+1+2-12+9-4+4-9+9+0-4+4+1+0-3-2+0+7-3+1-3-7+9+0-4+4+1+0-3+2+1+2+0-3+1-3-7+9+0-4+4+1+0-3-2+0";"ududurduurduuudududurduurddrududdurduurduuurduddurduurddr"
"kjs_0212";"Purppuri";"Kantele- ja jouhikkosävelmät";"Tanssisävelmiä";"4-iskuiset säkeet";"Antti Rantonen/A. O. Väisänen";"1925";"99";"2/4";"G";"Haapavesi";"Ainali";"Pohjois-Pohjanmaa";"Oulun lääni";"";"soittotapa: Eroasentoinen, soitin: Useampikielisellä kanteleella, tempo: 88";"";"";"-12+21-2-2-17+21+1+2-24+21-4+2-19+12-5+15+2-2-1-2+2+1+2+2-26+28-2+3-29+5+4+20-29+28-2+2-28+26-2+2-26+24-3+3-24+21-12+13+2-2-1-2+2+1+2+2-26+28-2+3-29+5+4";"duddduuududududuuddduuuudududuuududududududududuuddduuuudududuu"
"kjs_0213";"";"Kantele- ja jouhikkosävelmät";"Tanssisävelmiä";"4-iskuiset säkeet";"Tahvo Saastamoinen/P. J. Hannikainen";"1877";"100";"3/8";"G";"Nurmes";"Kuokkainen";"Pohjois-Karjala";"Oulun lääni";"";"soittotapa: Eroasentoinen, soitin: Useampikielisellä kanteleella";"";"";"+0+0+0+0+0+3-5+2+1-1-2-3+6-3-3+3+2-2+2-4-1-2+0+2+1+2+2-4-1-2+2+1+2-3-2-2+10-1-2+2-4+4+0+0+0+0+3-5+2+1-1-2-3+6-3-3+3+2-4-1-2+0+0+2+1+2+2-4-1-2+2+1+2-3-2-2+10-1-2+2-4";"rrrrruduudddudduududddruuuuddduuuddduddudurrrruduudddudduudddrruuuuddduuuddduddud"
"kjs_0214";"Saksalainen valssi";"Kantele- ja jouhikkosävelmät";"Tanssisävelmiä";"4-iskuiset säkeet";"Tahvo Saastamoinen/A. Lähteenkorva";"1877";"100";"3/8";"G";"Nurmes";"Kuokkainen";"Pohjois-Karjala";"Oulun lääni";"";"soittotapa: Eroasentoinen, soitin: Useampikielisellä kanteleella";"";"";"+0+0+0+0+0+0+3-3+1-6+6-6+5-2+2+0+0+0+0+0+0+3-3+1-6+6-6+5-2-2-3+3+2+2-5+0+1+2-5+8-1+0-4-3+3+2+2-5+0+1+2-5+8-1+0-4";"rrrrrrududududurrrrrrududududdduuudruududrdduuudruududrd"
"kjs_0215";"Valssi";"Kantele- ja jouhikkosävelmät";"Tanssisävelmiä";"4-iskuiset säkeet";"Jaakko Lonkainen/A. O. Väisänen";"1916";"101";"3/8";"g";"Kitee";"Huikkola";"Pohjois-Karjala";"Oulun lääni";"";"soittotapa: Eroasentoinen, soitin: Useampikielisellä kanteleella";"";"";"-12+12-3+3+5-15+15+4+0-5-14+14+1-1-2-12+12-2-12+12-3+3+5-15+15+4+0-5-14+14+1-1-2-12+12+8+0+0+0+4+0-5+0-4-3+2-14+14+1-1-2-12+12+8+0+0+0+4+0-5+0-4-3+2-14+14+1-1-2-12+12";"duduuduurdduudddudduduuduurdduuddduurrrurdrdduduuddduurrrurdrdduduudddu"
"kjs_0216";"Valssi";"Kantele- ja jouhikkosävelmät";"Tanssisävelmiä";"4-iskuiset säkeet";"Vanja Trofimov/A. O. Väisänen";"1925";"101";"5/8, 3/8";"G";"Suojärvi";"Kuikkaniemi";"Laatokan Karjala";"Karjalan, Inkerin, ym. alueet";"";"soittotapa: Eroasentoinen, soitin: Useampikielisellä kanteleella, tempo: 152";"Hitti ainesta!";"";"+1+4-2-3+3-3+0+8-1+0+0-4+4+3-2-5+5-8+1+4-2-3+3-3+0+8-1+0+0-4+4+3-2-5+5+0-1+1-3-4-12+12+4-4+6-4+5-5-3-16+16+3-3+5-5+3-5+0-7+7+3+4-2-3-4-12+16+12-9+7-7+5-3-4-12+12+4-4+6-4+5-5-3-16+16+12-12+10-2-1+1+2-2+0+0-1+1-3-4-12+12+4-4+6-4+5-5-3-16+16+3-3+5-5+3-5+0-7+7+3+4-2-3-4-12+16+12-9+7-7+5-3-4-12+12+4-4+6-4+5-5-3-16+16+12-12+10-2-1+1+2-2+0+0";"uuddudrudrrduudduduuddudrudrrduuddurduddduudududdduudududrduuudddduudududdduudududdduududduudrrduddduudududdduudududrduuudddduudududdduudududdduududduudrr"
"kjs_0217";"Valssi";"Kantele- ja jouhikkosävelmät";"Tanssisävelmiä";"4-iskuiset säkeet";"Jaakko Lonkainen/A. O. Väisänen";"1916";"102";"3/8";"g";"Kitee";"Huikkola";"Pohjois-Karjala";"Oulun lääni";"";"soittotapa: Eroasentoinen, soitin: Useampikielisellä kanteleella";"Muunnelma Emma-valssista";"";"+3+4+12+0+0-19+3+4+12-4-3-12+3+4+12+0+0-19+3+4+12-4-3-17+3+4+12+0+0-19+3+4+15-2-1-14+3+4+5+0+0+0-12+3+4+12+5+0-24+3+4+17-2-2-20+3+4+12+0+0-19+3+4+12-2-2-20+3+4+12+1+2-22+3+4+17-4-1-14+3+4+5+0+0+0-12+3+4+12+5+0-24+3+4+17-2-2-20+3+4+12+0+0-19+3+4+12-2-2-20+3+4+12+1+2+2-4-1-14+3+4+5+0+0+0";"uuurrduuuddduuurrduuuddduuurrduuuddduuurrrduuuurduuuddduuurrduuuddduuuuuduuuddduuurrrduuuurduuuddduuurrduuuddduuuuuuddduuurrr"
"kjs_0218";"Valssi";"Kantele- ja jouhikkosävelmät";"Tanssisävelmiä";"4-iskuiset säkeet";"Jaakko Lonkainen/A. O. Väisänen";"1916";"103";"3/8";"g";"Kitee";"Huikkola";"Pohjois-Karjala";"Oulun lääni";"";"soittotapa: Eroasentoinen, soitin: Useampikielisellä kanteleella";"";"";"+3+4+5+0+0-12+3+4+8-1-2-12+3+4+12+0+0-19+3+4+12+0+0-21+4+3+12+0+0-19+4+3+15-1-2-17+3+4+12+5+0-24+3+4+12+0+0-21+4+3+12+0+0-19+4+3+15-1-2-17+3+4+8+0+0-15+3+4+8-1-2-17+3+4+12+0+0-19+3+4+15-2-1-14+3+4+5+0+0+0-14+4+3+12+0+0-19+4+3+15-1-2-17+3+4+8+0+0-15+3+4+8-1-2-17+3+4+12+0+0-19+3+4+15-2-1-14+3+4+5+0+0+0";"uuurrduuuddduuurrduuurrduuurrduuuddduuuurduuurrduuurrduuuddduuurrduuuddduuurrduuuddduuurrrduuurrduuuddduuurrduuuddduuurrduuuddduuurrr"
"kjs_0219";"Valssi";"Kantele- ja jouhikkosävelmät";"Tanssisävelmiä";"4-iskuiset säkeet";"Antti Rantonen/A. O. Väisänen";"1925";"104";"3/8";"G";"Haapavesi";"Ainali";"Pohjois-Pohjanmaa";"Oulun lääni";"";"soittotapa: Eroasentoinen, soitin: Useampikielisellä kanteleella, tempo: pisteellinen neljäosa = 46";"";"";"-8+3+0-3+8+0-8+3+0-3+8+0-8+10+2-12+15+5-20+12+3-15+15+2-21+21+0+3+0-20+12+3-15+15+0+2-2-2-3-3+1-8+8+0+0-8+3+0-3+8+0-8+3+0-3+8+0-8+10+2-12+15+5-20+12+3-15+15+2-21+21+0+3+0-20+12+3-15+15+0+2-2-2-3-3+1-8+8+0+7+5+0+0-20+12+1+4+0+0-21+14+0+9+0+0-21+19-2+2-2";"durdurdurdurduuduuduuduudururduuduruddddudurrdurdurdurdurduuduuduuduudururduudurudddduduruurrduuurrdururrdudud"
"kjs_0220";"Masurkka";"Kantele- ja jouhikkosävelmät";"Tanssisävelmiä";"4-iskuiset säkeet";"Antti Rantonen/A. O. Väisänen";"1925";"105";"3/4";"G";"Haapavesi";"Ainali";"Pohjois-Pohjanmaa";"Oulun lääni";"";"soittotapa: Eroasentoinen, soitin: Useampikielisellä kanteleella, tempo: 168";"";"";"+0+0-3+0+0-4+0-5+0-2+0+9+0+0-3+0+0-4+0+2+2+1+0+7+0+0-3+0+0-4+0-5+0-2+0+9+0+0-3+0+0-4+0+2+2+1+0-8+3+0-2+4+0+2+3+0";"rrdrrdrdrdrurrdrrdruuururrdrrdrdrdrurrdrrdruuurdurduruur"
"kjs_0221";"Joutsenen polska";"Kantele- ja jouhikkosävelmät";"Tanssisävelmiä";"3-iskuiset";"Antti Rantonen/A. O. Väisänen";"1925";"106";"3/4";"G";"Haapavesi";"Ainali";"Pohjois-Pohjanmaa";"Oulun lääni";"";"soittotapa: Eroasentoinen, soitin: Useampikielisellä kanteleella, tempo: 80-88";"";"";"+4-9+0-2+2+5+4-9+0-2+2+5+2-2-5-2-3-3+3-2+12+2-2-3-2-15+15-3-4+4+1-3+3+2+2-4-3-3+1+4-2-3-4-3+20+2-2-3-2-15+15-3-4+4+1-3+3+2+2-4-3-3+1+4-2-2+12+2-2-3-2-15+15-3-4+4+1-3+3+2+2-4-3-3+1+4-2-3-4-3+20+2-2-3-2-15+15-3-4+4+1-3+3+2+2-4-3-3+1+4-2-2";"udrduuudrduuuddddduduuddddudduuduuuddduudddduuddddudduuduuuddduudduuddddudduuduuuddduudddduuddddudduuduuuddduudd"
"kjs_0222";"";"Kantele- ja jouhikkosävelmät";"Runosävelmien sukulaisia";"";"/K. Collan";"1854";"109";"2/4";"a";"Kesälahti";"Humuvaara";"Pohjois-Karjala";"Oulun lääni";"";", soitin: Jouhikko";"";"";"+2+1+2+2-2-2+2-3+0-2+2+1+2+2-2-2+2-5+0";"uuuuddudrduuuuddudr"
"kjs_0223";"";"Kantele- ja jouhikkosävelmät";"Runosävelmien sukulaisia";"";"/K. Collan";"1854";"109";"2/4";"a";"Kesälahti";"Humuvaara";"Pohjois-Karjala";"Oulun lääni";"";", soitin: Jouhikko";"";"";"-5+1+2+2-4-3+2+5-5+1+2+2-4+4-5+1+2+2-4-3+2+1+0-1+1-1-2+0";"duuudduuduuududuuudduurduddr"
"kjs_0224";"""Voi minuu, polone poiga""";"Kantele- ja jouhikkosävelmät";"Runosävelmien sukulaisia";"";"Feodor Pratshu/A. O. Väisänen";"1916";"109";"2/4";"G";"Impilahti";"Koirinoja";"Laatokan Karjala";"Karjalan, Inkerin, ym. alueet";"";", soitin: Jouhikko, tempo: 84, äänitteet: ph. 128 c";"";"";"+0+5-1-4+4-2+2+1+2-2-1-2+2+1-3+2-4+0+0+2+2+1-1-2-2+4-2+3+2-2-1-2+3+2-2-3+2-4+0+0+0+5+2+2-2+0-2-3+3+2+0-2-1-2+2-4+0+0+0+5+2+2-2+0-2-3+3+2+0-2-1-2+2-4+0+0+0";"rudduduuuddduududrruuuddduduuddduuddudrrruuudrdduurdddudrrruuudrdduurdddudrrr"
"kjs_0225";"Kakkuri";"Kantele- ja jouhikkosävelmät";"Laulusävelmiä";"";"Pekka Lamberg/A. O. Väisänen";"1926";"110";"2/4";"G";"Sortavala";"";"Laatokan Karjala";"Karjalan, Inkerin, ym. alueet";"";", soitin: Jouhikko";"";"";"+16+3-19+16+3+0-2-1+1-3+0-14+14+3-17+14+3+0-1-2+2-16+0+0+16+1+2+0+0+2-5+1+2+0+0-2-1-2+5-2-1-2-14+16-16+0+16+1+2+0+0+2-5+1+2+0+0-2-1-2+5-2-1-2-14+16-16";"uuduurddudrduuduurddudrruuurruduurrddduddddudruuurruduurrddduddddud"
"kjs_0226";"Laulu";"Kantele- ja jouhikkosävelmät";"Laulusävelmiä";"";"Feodor Pratshu/A. O. Väisänen";"1916";"110";"2/4";"a";"Impilahti";"Koirinoja";"Laatokan Karjala";"Karjalan, Inkerin, ym. alueet";"";", soitin: Jouhikko";"";"";"+0+0-5+0+0+1+0+2+2+0-2+0-2+0-1+5-7+7+0+0-5+0+0+1+0+2+2+0-2+0-2+0-1+5-7+3-1-2-2+0+2+2+1+0-1-2-2+0+2+0+0+3-1-2-2+0+2+2+1+0-1-2-2+0+2+0+0";"rrdrruruurdrdrdudurrdrruruurdrdrdududddruuurdddrurrudddruuurdddrurr"
"kjs_0227";"Kukkuu";"Kantele- ja jouhikkosävelmät";"Laulusävelmiä";"";"Juho Vaittinen/A. O. Väisänen";"1916";"110";"2/4";"G";"Impilahti";"Hunttila";"Laatokan Karjala";"Karjalan, Inkerin, ym. alueet";"";", soitin: Jouhikko";"";"";"+0+0-5+0+0+2+0+1+2+0-2+0-1+0+1-3+0+0+3-1-2-2+0+4+1+2+0-2+0-1-2-2+0+0+5-1-2-2+0+4+1+2+0-2+0-1-2-2+0+0";"rrdrruruurdrdrudrrudddruuurdrdddrrudddruuurdrdddrr"
"kjs_0228";"Laulu";"Kantele- ja jouhikkosävelmät";"Laulusävelmiä";"";"Feodor Pratshu/A. O. Väisänen";"1916";"111";"2/4";"a";"Impilahti";"Koirinoja";"Laatokan Karjala";"Karjalan, Inkerin, ym. alueet";"";", soitin: Jouhikko";"";"";"+0+0+0+0+7-2+0+0+2-2+0+2-2-2-3+2+1+4-2+0+2-2-2-3+2+1+0-5+4+1-1-2+0+7-2+0+2-2-2-3+2+1+0-5+4+1-1-2+0";"rrrrudrrudruddduuudruddduurduuddrudruddduurduuddr"
"kjs_0229";"Ralli";"Kantele- ja jouhikkosävelmät";"Laulusävelmiä";"";"Feodor Pratshu/A. O. Väisänen";"1916";"111";"2/4";"a";"Impilahti";"Koirinoja";"Laatokan Karjala";"Karjalan, Inkerin, ym. alueet";"";", soitin: Jouhikko, tempo: 152, äänitteet: ph. 129 b";"muunnokset soitettu.";"";"+0+0+3-1+0+1+4-2-5+0+5-2-1-2+2+3-2-3+0+0+0+3-1+0+1+4-2-5+5-2-3+2+3-2-3+5-5+0+2-2+2+1-1-2+2-4+2+2-2+2+3-2-3+5-5+0+2-2+2+1-1-2+5-7+2+2-2+2+3-2-3";"rrudruuddruddduuddrrrudruuddudduuddudruduudduduuduuddudruduudduduuduudd"
"kjs_0230";"Laulu";"Kantele- ja jouhikkosävelmät";"Laulusävelmiä";"";"Feodor Pratshu/A. O. Väisänen";"1916";"112";"2/4";"a";"Impilahti";"Koirinoja";"Laatokan Karjala";"Karjalan, Inkerin, ym. alueet";"";", soitin: Jouhikko, tempo: 126, äänitteet: ph. 129 a";"";"";"-3+3-2-1-4+4+3-2-3+5-3+3-2-1-4+4+3-2-3-2+4+3-2+2+2-2-3+1-3-2+5+2+0+2-2-3+3-2-3";"duddduuddududdduuddduuduuddudduuruddudd"
"kjs_0231";"";"Kantele- ja jouhikkosävelmät";"Laulusävelmiä";"";"Feodor Pratshu/A. O. Väisänen";"1916";"112";"2/4, 5/8";"G";"Impilahti";"Koirinoja";"Laatokan Karjala";"Karjalan, Inkerin, ym. alueet";"";", soitin: Jouhikko, tempo: 69, äänitteet: ph. 128 b";"";"";"+2+5-5+3+0-1-2-2+2+5+0+0-2-3+5-5+0+2+1+2-5+3+0-1-2-2+2+5-5+3+0-1-2-2+0+0+4+1-1-2+2+3-2-3+2-4+0+7+0+0-2-3+5-5+0+2+1+2-5+3+0-1-2-2+2+5-5+3+0-1-2-2+0";"uudurddduurrddudruuudurddduudurdddrruudduuddudrurrddudruuudurddduudurdddr"
"kjs_0232";"Laulu";"Kantele- ja jouhikkosävelmät";"Laulusävelmiä";"";"Feodor Pratshu/A. O. Väisänen";"1916";"112";"2/4";"G";"Impilahti";"Koirinoja";"Laatokan Karjala";"Karjalan, Inkerin, ym. alueet";"";", soitin: Jouhikko";"";"";"+0+0+5-1-2+0+5-2-1-2+0+5+0-2-1+0+1-3+0+0-2+0+5+0-3+3+4-2+0-2-1-2+0-2+0";"rruddrudddrurddrudrrdrurduudrdddrdr"
"kjs_0233";"Laulu";"Kantele- ja jouhikkosävelmät";"Laulusävelmiä";"";"Feodor Pratshu/A. O. Väisänen";"1916";"113";"2/4";"a";"Impilahti";"Koirinoja";"Laatokan Karjala";"Karjalan, Inkerin, ym. alueet";"";", soitin: Jouhikko, tempo: 88, äänitteet: ph. 131 c";"";"";"-2+2-7+5-2-1+1+2-2+4-2+0-2-1+1-3+0+0+7-2+2-7+5-2-1+1+2-2+4-2+0-2-1+1-3+0+0+0+2+1-1-2-2+2+3-1-2+3+2-5+3-1-2+3+2-3+3-2-3+0+0+0+2+1-1-2-2+2+3-1-2+3+2-5+3-1-2+3+2-3+3-2-3+0+0";"dududduududrddudrrudududduududrddudrrruuddduudduududduududdrrruuddduudduududduududdrr"
"kjs_0234";"Laulu";"Kantele- ja jouhikkosävelmät";"Laulusävelmiä";"";"Feodor Pratshu/A. O. Väisänen";"1916";"113";"2/4";"G";"Impilahti";"Koirinoja";"Laatokan Karjala";"Karjalan, Inkerin, ym. alueet";"";", soitin: Jouhikko, tempo: 84, äänitteet: ph. 128 a";"";"";"+0+0+2+2+3-2-1+1-3+3-1-2+2+1-3+2+1-3+0+0+2+1+2+0+0-3+1-3+2+3-3+1-3-2+0+2+2+1+0-1+1-3+3-1+0+1-3+3-3+0+0+0+0+2+1+2+0+0+0-2-3+2+3-3+0+1-3-2+0+0";"rruuuddududduuduudrruuurrduduududdruuurdududrududrrrruuurrrdduudruddrr"
"kjs_0235";"Kakkunashshi""";"Kantele- ja jouhikkosävelmät";"Laulusävelmiä";"";"Feodor Pratshu/A. O. Väisänen";"1916";"113";"2/4";"G";"Impilahti";"Koirinoja";"Laatokan Karjala";"Karjalan, Inkerin, ym. alueet";"";", soitin: Jouhikko";"";"";"+0-3+1-3+5+2+0-2+0-3-2-2+4+1+2-7+2+2+0-4+2+3+2-3+1-3-2+4+1+2-7+2+2+0-4+2+3+2-3+1-3-2";"rduduurdrddduuuduurduuududduuuduurduuududd"
"kjs_0236";"Pajatus";"Kantele- ja jouhikkosävelmät";"Laulusävelmiä";"";"Feodor Pratshu/A. O. Väisänen";"1916";"114";"2/4,  6/4,";"a";"Impilahti";"Koirinoja";"Laatokan Karjala";"Karjalan, Inkerin, ym. alueet";"";", soitin: Jouhikko, tempo: 144, äänitteet: ph. 131 b";"muunnokset soitettu";"";"+0+2+0-2+0+0-2+7-3+1-3+7-2-2-3+3-1+1-3+0+0+0+2-2+2-2+0+0-2+7-3+1+4+0-2-2-3+3+0+0-1-2";"rurdrrdudududddududrrrududrrduduurdddurrdd"
"kjs_0237";"Paimenen virsi";"Kantele- ja jouhikkosävelmät";"Laulusävelmiä";"";"Juho Villanen/A. O. Väisänen";"1912";"114";"2/4";"A";"Savonranta";"Vuokala";"Etelä-Savo";"Itä-Suomen lääni";"";", soitin: Jouhikko, äänitteet: ph. 52 a";"Osa muunnoksista soitettu";"";"-2+2-2-1-2+2-2-2+0+7-2+2-2-1-2+2-2-2+0+5+0+0-5+5-1-2+2+0-2-2+0+5+0+0-5+5-1-2+2+0-2-2+0+5-1-2+5-2-1+0+1-1-4+0+5-1-2+5-2-1+0+1-1-4+0+5+0+0-5+5-1+1+0-1-2-2+0+5+0+0-5+5-1+1+0-1-2-2+0";"duddduddrududdduddrurrduddurddrurrduddurddrudduddruddrudduddruddrurrdudurdddrurrdudurdddr"
"kjs_0238";"Paimenen soitto";"Kantele- ja jouhikkosävelmät";"Laulusävelmiä";"";"Juho Villanen/A. O. Väisänen";"1912";"115";"2/4";"A";"Savonranta";"Vuokala";"Etelä-Savo";"Itä-Suomen lääni";"";", soitin: Jouhikko, äänitteet: ph. 52 b";"Osa muunnoksista soitettu";"";"+0+7-2+2-3+0+1-3-2+7-2+2-3+0+1-3-2+5+0-5+5-1-4+4+1-1-4+0+5+0-5+5-1-4+4+1-1-4+0+7-3+3-3+0+0+0-4+0+7-3+3-3+0+0+0-4+0+5-1-4+4+0-4+5-1+0-4+0+5-1-4+4+0-4+5-1+0-4+0";"rududruddududruddurdudduuddrurdudduuddrududrrrdrududrrrdruddurdudrdruddurdudrdr"
"kjs_0239";"Sermin Maijan ralli";"Kantele- ja jouhikkosävelmät";"Laulusävelmiä";"";"Juho Villanen/A. O. Väisänen";"1912";"115";"2/4";"D";"Savonranta";"Vuokala";"Etelä-Savo";"Itä-Suomen lääni";"";", soitin: Jouhikko, äänitteet: ph. 52 d";"muunnoksia ei soitettu";"";"+0+5-5+0+5+0+0-1+1+2+0-3-2+0-2+0+0+5-5+0+5+0+0-1+1+2+0-3-2+0-2+0+7+0+0+0+0-7+0+5+0+0+0+0+0-5+0+5+0+2+0+0+0-7+0+7+0-3+0-2+0-2+0";"rudrurrduurddrdrrudrurrduurddrdrurrrrdrurrrrrdrururrrdrurdrdrdr"
"kjs_0240";"Rinkitanssilaulu";"Kantele- ja jouhikkosävelmät";"Tanssisävelmiä";"";"Juho Villanen/A. O. Väisänen";"1912";"116";"2/4";"d";"Savonranta";"Vuokala";"Etelä-Savo";"Itä-Suomen lääni";"";", soitin: Jouhikko, äänitteet: ph. 52 c";"";"";"+5+0+0+0-5+0+4+0+3+0+0+0+1-3+2-2-1+0+0+0-4+0+4+1+0-1-2-2+0+4+1+0+0+0-5+0+4+0+1+0+2+0+1-3+2-3+0+0+0+1-5+0+4+0+1-1-2-2+0";"urrrdrururrrududdrrrdruurdddruurrrdrurururududrrrudrurudddr"
"kjs_0241";"Maanitus";"Kantele- ja jouhikkosävelmät";"Tanssisävelmiä";"";"Juho Vaittinen/A. O. Väisänen";"1916";"117";"2/4";"";"Impilahti";"Hunttila";"Laatokan Karjala";"Karjalan, Inkerin, ym. alueet";"";", soitin: Jouhikko, tempo: 144, äänitteet: ph. 133 a";"";"";"+0+0+0+0+0+0+0-2+2-3+3+0+0-2+2-3+3+0+0+0-2+2+0+0+0-2+2-3+1-3+0+5+0-2+2-3+1+0-1-2+3+2+0-5+5-3+1+0-1-2+3+2+0-5+5-3+1+0-1-2+3+2+0-5+5-2-1+1+0-1-2+3+2+0-5+5-2-1+1+0-1-2+3+2+0-5+5-2-1+1+0-1-2+3+2+0-5+5-2-1+1+0-1-2+3+2+0-5+5-2-1+1+0-1-2+3+2+0-5+5-2-1+1+0-1-2+3+2+0-5+5-2-1+1+0-1-2+3+2+0-5+5-2-1+1+0-1-2+3+2+0-5+5-2-1+1+0-1-2+3+2+0-5+5-2-1+1+0-1-2+3+2+0-5+5-2-1+1+0-1-2+3+2+0-5+5-2-1+1+0-1-2+3+2+0-5+5-2-1+1+0-1-2+3+2+0-5+5-7+5-1+0+3+0-5+5";"rrrrrrrdudurrdudurrrdurrrdududrurdudurdduurdudurdduurdudurdduurduddurdduurduddurdduurduddurdduurduddurdduurduddurdduurduddurdduurduddurdduurduddurdduurduddurdduurduddurdduurduddurdduurduddurdduurduddurdduurdududrurdu"
"kjs_0242";"Maanitus";"Kantele- ja jouhikkosävelmät";"Tanssisävelmiä";"";"Juho Vaittinen/A. O. Väisänen";"1916";"119";"2/4";"";"Impilahti";"Hunttila";"Laatokan Karjala";"Karjalan, Inkerin, ym. alueet";"";", soitin: Jouhikko, tempo: 152, äänitteet: ph. 132 a";"";"";"+0-2+2-3+1-3+0+7-4-1+1-3+3-1+1-1-4+5+2-3-4+5-1+1-1+0+1+2-7+4+1-1+0+1+2-7+5+0+0+2-7+4+1+2-2-3+3+2-3-4+0+0+7+0+0+0+0-3+1-3+0+0+5+0-2-1+1-3+5+2-2-3+1-3+5-5+2+1-1-4+5+0+4-5-4+4+1+0+4-5+0+0-2+0+5-5+0+5+0-2+0-3+5+0+0+0-2+0-3+0+2+0+1+0+2+0-5+0-7+10-5+9-4+0-1+0-2+0+0+2+0+0+1-3+2+3-7+0+4+1+4+0+0-4+4+0-4-1-4+4+1+4-4+4+0-4-1+3+0-5+5-5+7-2-3+1-3+5-5+7-2-3+1-3+5+2-2-2-1+1-1-2+0+0+2+0+0+1+0+2+0-5+0+3+2+2-2-2+0-1+0-4+2-2";"rdududruddudududduuddududruuduudruudurruduuudduuddrrurrrrdudrrurdduduuddududuuddurudduurudrrdrudrurdrdurrrdrdrurururdrdududrdrdrrurruduudruuurrdurddduuudurddurdududdudududduduuddduddrrurrururdruuuddrdrdud"
"kjs_0243";"""Trepatshka""";"Kantele- ja jouhikkosävelmät";"Tanssisävelmiä";"";"Feodor Pratshu/A. O. Väisänen";"1916";"121";"2/4";"";"Impilahti";"Koirinoja";"Laatokan Karjala";"Karjalan, Inkerin, ym. alueet";"";", soitin: Jouhikko, tempo: 152-160, äänitteet: ph. 130 a";"";"";"-5+5+0-2+2-3+1+2+0+0-2+2-3+1+2+0+0+0+0+0+0-2+2-3+1+2+0+0+0-3+1-1-2+0+0+0+2+1+2+0+0+2-2-2-1-2+2-2+2+1-3+0+2-4+2+0+0+0+0+0+0+0+0+0+2+1+2+0+0+2-2-2-1-2+2-2+2+1-3+0+2-4+2+0+0+0+0+0+0+0+0+0+2+1+2+0+0+2-2-2-1-2+2-2+2+1-3+0+5-3-2-2+5+2+0+0+0-2+2-3+1+2+0+0+0-3+1+2+0+0+0-3+1-3+2-4+4+1+2-3+3-5+2-4+4+1+2-3+1-1-2+0+0+0+0+0+0+2+1+2+0+0+2-2-2-1-2+2-2+2+1-3+0+2-4+2+0+0+0+0+0+0+0+0+0+2+1+2+0+0+2-2-2-1-2+2-2+2+1-3+0+5-3-2+0-2";"durduduurrduduurrrrrrduduurrrduddrrruuurrudddduduudrudurrrrrrrrruuurrudddduduudrudurrrrrrrrruuurrudddduduudruddduurrrduduurrrduurrrdududuuudududuuududdrrrrrruuurrudddduduudrudurrrrrrrrruuurrudddduduudruddrd"
"kjs_0244";"""Rissantka""";"Kantele- ja jouhikkosävelmät";"Tanssisävelmiä";"";"Pekka Lamberg/A. O. Väisänen";"1926";"122";"2/4";"";"Sortavala";"";"Laatokan Karjala";"Karjalan, Inkerin, ym. alueet";"";", soitin: Jouhikko";"";"";"-3-9+14-2-3+1-3+3-1-16+21-2-3+1+0-3+3-1-16+21-2-3+1+0-3+3-1+3-5+5-3+3-3+3-2-3+3-1+3-5+5-3+3-2-3+3-1+3-5+5-3+3-2-3+3-1-16+14+2+0+1+2-2-3+3-1-16+14+2+0+1+2-2-3+3-1-16+14+2+3-2-3+3-1-2+2+3-2-3+3-1-2+2+0+1-3+3-1+3-3+3+0+0+2-2-3+1-3+3-1+3+0+0+2-2-3+1-3+3-1-16+14+2-2+2+1-3+3-1-16+14+2-2+2+1-3+3-1-16+14+2-2+2+1-1-2+3-1-16+14+2-2+2+1-1-2+3-1+3-5+5-3+3-2-3+3-1-16+14+5-3+3-2-3+3-1-16+0+14+2+0+1-1-2+3-1-16+0+14+2+0+1-1-2+3-1-2-14";"dduddududduddurdudduddurdudududududdududududdududududdudduuruuddudduuruuddudduuuddudduudduddurudududurruddududurruddududduuduududduuduududduuduuddudduuduuddududududdudduududduddruurudduddruurudduddd"
"kjs_0245";"""Tshiizhik""";"Kantele- ja jouhikkosävelmät";"Tanssisävelmiä";"";"Juho Vaittinen/A. O. Väisänen";"1916";"123";"2/4";"";"Impilahti";"Hunttila";"Laatokan Karjala";"Karjalan, Inkerin, ym. alueet";"";", soitin: Jouhikko, tempo: 144, äänitteet: ph. 132 c";"";"";"+7+0+0+0+0+0+0+0-2+0-1+0-2+0+0+0+3+0-1-2-2+5+2+0+0+2-2-3+1-3+0+0+3";"urrrrrrrdrdrdrrrurddduurruddudrru"
"kjs_0246";"""Tshiizhik""";"Kantele- ja jouhikkosävelmät";"Tanssisävelmiä";"";"Feodor Pratshu/A. O. Väisänen";"1916";"124";"2/4";"";"Impilahti";"Koirinoja";"Laatokan Karjala";"Karjalan, Inkerin, ym. alueet";"";", soitin: Jouhikko, tempo: 160, äänitteet: ph. 130 e";"";"";"-3+1+2-3+0+5-2-2-1-2-2+2+0+0+3-1-2+2-4+7-3+1+2-3+0+5-2-2-1-2-2+2+0+0+3-1-2+2-4+4+0+0+0+0+0+1-1-2-2+2-2+2+0+0+3-1-2+2-4+4+0+0+0+0+0+1-1-2-2+2-2+2+0+0+3-1-2+2-4";"duudrudddddurruddududuudrudddddurruddudurrrrrudddudurruddudurrrrrudddudurruddud"
"kjs_0247";"""Hof-falssi""";"Kantele- ja jouhikkosävelmät";"Tanssisävelmiä";"";"Juho Vaittinen/A. O. Väisänen";"1916";"124";"2/4";"";"Impilahti";"Hunttila";"Laatokan Karjala";"Karjalan, Inkerin, ym. alueet";"";", soitin: Jouhikko, tempo: 144, äänitteet: ph. 132 b";"";"";"+4+1+2+0+0+0-7+4+1+2+0+0+0+2+0+0-2-2-3+3-1-4+4+3+2+0+0-2+0+0-5+0+5-3-4+4+3+2+0+0-2+0+0-5+0+5-3-4+0+0";"uuurrrduuurrrurrdddudduuurrdrrdrudduuurrdrrdruddrr"
"kjs_0248";"""Hop-valssi""";"Kantele- ja jouhikkosävelmät";"Tanssisävelmiä";"";"Feodor Pratshu/A. O. Väisänen";"1916";"124";"2/4, 3/4";"";"Impilahti";"Koirinoja";"Laatokan Karjala";"Karjalan, Inkerin, ym. alueet";"";", soitin: Jouhikko, tempo: 152, äänitteet: ph. 130 d";"";"";"+4+1+2-2+2+2-5+1+2-2+2+2-2-3+1+2-2+2+2-2-5+2+1+2-7+7+0-2+4-4+2+0-3";"uuuduuduuduudduuduudduuudurdudurd"
"kjs_0249";"Hoppavalssi";"Kantele- ja jouhikkosävelmät";"Tanssisävelmiä";"";"Pekka Lamberg/A. O. Väisänen";"1926";"125";"2/4";"";"Sortavala";"";"Laatokan Karjala";"Karjalan, Inkerin, ym. alueet";"";", soitin: Jouhikko";"";"";"+7+2+1+2-2-1+1+2-3-9+7+2+1+2-2-1+1+2-2+0+4-2-2-1+0+3-2-1-2+2+1-1+0-2-7+9-9+10+0+4-2-2-1+0+3-2-1-2+2+1-1+0-2-7+9-9";"uuuudduudduuuudduudrudddruddduudrddudurudddruddduudrddud"
"kjs_0250";"Melkutus";"Kantele- ja jouhikkosävelmät";"Tanssisävelmiä";"";"Juho Vaittinen/A. O. Väisänen";"1916";"125";"2/4";"";"Impilahti";"Hunttila";"Laatokan Karjala";"Karjalan, Inkerin, ym. alueet";"";", soitin: Jouhikko";"";"";"+4+1-1+3-3+3-5+3-1+3+0-7+4+1-1+3-3+3-5+3-1+1+2+2+0-2+2+0+0-2+0+0+2+0-2+2+0+0-2+0+0";"uududududurduududududuuurdurrdrrurdurrdrr"
"kjs_0251";"Piilokisa";"Kantele- ja jouhikkosävelmät";"Tanssisävelmiä";"";"Juho Vaittinen/A. O. Väisänen";"1916";"125";"2/4";"";"Impilahti";"Hunttila";"Laatokan Karjala";"Karjalan, Inkerin, ym. alueet";"";", soitin: Jouhikko, tempo: 144, äänitteet: ph. 133 b";"";"";"+0+0+3-1+1+2-2-3+3-1-2+3+2-2-5+4+1-1+1+2+0-5+3-1+0+1+2+2+0-2+0+2+0-2+2+0+0-9+7-7+4-2+2+3-3+1-3+3-1+0+1+2+0-5+3-1+3-3+3-5+3-1-2+2+3+0+2+0-9+7+2+0-9+7";"rruduuddudduudduuduurdudruuurdrurdurrdududuudududruurdududududduururduurdu"
"kjs_0252";"Kiperä";"Kantele- ja jouhikkosävelmät";"Tanssisävelmiä";"";"Juho Vaittinen/A. O. Väisänen";"1916";"126";"2/4";"";"Impilahti";"Hunttila";"Laatokan Karjala";"Karjalan, Inkerin, ym. alueet";"";", soitin: Jouhikko";"";"";"+7-3+1-3+0+0+3+4-4+0+2-3-4+4+0+3-3+1-3+0+0+0+0+0+0+0+7-4+0+2-3+0+0-4+0+4+0+0+3-3+0+1-3+0+0+0+0+0+0+0+7-4+0+2-3+0+0-4+0+5+2-2-1";"ududrruudruddurududrrrrrrrudrudrrdrurrudrudrrrrrrrudrudrrdruudd"
"kjs_0253";"Kiperä";"Kantele- ja jouhikkosävelmät";"Tanssisävelmiä";"";"Feodor Pratshu/A. O. Väisänen";"1916";"127";"2/4";"";"Impilahti";"Koirinoja";"Laatokan Karjala";"Karjalan, Inkerin, ym. alueet";"";", soitin: Jouhikko, tempo: 152-160, äänitteet: ph. 130 b";"";"";"+7-3+1-3+0+0+0+5+2";"ududrrruu"
"kjs_0254";"""Letshka""";"Kantele- ja jouhikkosävelmät";"Tanssisävelmiä";"";"Feodor Pratshu/A. O. Väisänen";"1916";"127";"2/4";"";"Impilahti";"Koirinoja";"Laatokan Karjala";"Karjalan, Inkerin, ym. alueet";"";", soitin: Jouhikko, tempo: 160, äänitteet: ph. 129 c";"";"";"-2+4+0-4+4+0+0+1+2+0-7+4+0-4+4+0+0+1+2+0-2+2-2-1+3-7+5+0+0+4+0+0-5+1+0+2+0-5+0+5+0-2-1-2+0-2+2+2+1+0+4-2+0+0-5+0+0+5-2+0-1-2+0-2+2+2+1+0+4-2+0+0-5+0+0+5-2+0-1-2-2+2-2";"durdurruurdurdurruurduddudurrurrdururdrurdddrduuurudrrdrrudrddrduuurudrrdrrudrdddud"
"kjs_0255";"""Let´ska""";"Kantele- ja jouhikkosävelmät";"Tanssisävelmiä";"";"Juho Vaittinen/A. O. Väisänen";"1916";"128";"2/4";"";"Impilahti";"Hunttila";"Laatokan Karjala";"Karjalan, Inkerin, ym. alueet";"";", soitin: Jouhikko";"";"";"+2+2+0-4+4+1+2+0-3-4+2+2+0-4+4+1+2+0-3-4+5+4+0-2+0+0+0-3-4+5+4+0-2+0+0+0-3-4";"uurduuurdduurduuurdduurdrrrdduurdrrrdd"
"kjs_0256";"Hoilola";"Kantele- ja jouhikkosävelmät";"Tanssisävelmiä";"";"Feodor Pratshu/A. O. Väisänen";"1916";"128";"2/4";"";"Impilahti";"Koirinoja";"Laatokan Karjala";"Karjalan, Inkerin, ym. alueet";"";", soitin: Jouhikko, tempo: 144, äänitteet: ph. 130 c";"";"";"+5-5+0+3-1+0-4+4+1+2+0+0+0+0-5+2+1-1+0-4+4+1+2+0+0+0+0-5+2+1-1+0-4+4+1+2+0+0+0+0+2-5+1+2-3+1-3+3+0+2+0+0+0+0+2-5+1+2-3+1-3+3+0+2+0+0";"udrudrduuurrrrduudrduuurrrrduudrduuurrrruduududururrrruduududururr"
"kjs_0257";"Hoilola";"Kantele- ja jouhikkosävelmät";"Tanssisävelmiä";"";"Pekka Lamberg/A. O. Väisänen";"1926";"128";"2/4";"";"Sortavala";"";"Laatokan Karjala";"Karjalan, Inkerin, ym. alueet";"";", soitin: Jouhikko";"";"";"+0-2-3+3-1-9+0+7+2-2+2+1+4-2+0+0+0-2-3+3-1-9+0+7+2-2+2+1+4-2+0-5+3+2+0-2+0-1-9+0+7+2-2+2+1+2+0+0-5+3+2+0-2+0-1-9+0+7+2-2+2+1+2+0+0";"rdduddruuduuudrrrdduddruuduuudrduurdrddruuduuurrduurdrddruuduuurr"
"kjs_0258";"Piilotanssi";"Kantele- ja jouhikkosävelmät";"Tanssisävelmiä";"";"Feodor Pratshu/A. O. Väisänen";"1916";"129";"2/4";"";"Impilahti";"Koirinoja";"Laatokan Karjala";"Karjalan, Inkerin, ym. alueet";"";", soitin: Jouhikko, tempo: 160, äänitteet: ph. 129 d";"";"";"+5-1-4+0+4+1-1-4+0+0+5-1-4+0+4+1-1-4+0+0+9+0+0-4+2+0+0-3+1+0+2-3-4+0+0+0+9+0+0-4+2+0+0-3+1+0+2-3-4+0+0+4+1-1-4";"uddruuddrruddruuddrrurrdurrduruddrrrurrdurrduruddrruudd"
"kjs_0259";"Melkutus";"Kantele- ja jouhikkosävelmät";"Tanssisävelmiä";"";"Feodor Pratshu/A. O. Väisänen";"1916";"129";"2/4";"";"Impilahti";"Koirinoja";"Laatokan Karjala";"Karjalan, Inkerin, ym. alueet";"";", soitin: Jouhikko, tempo: 152-160, äänitteet: ph. 129 e";"";"";"+5+2-3+3-3+1+2-3+1-1+1+2-3+3-3+1+2-3+3-3+0+3+2-2-3+3+2+0-4+2-3-2+5+2-2-3+3+2+0-4+2-3-2+5+5-7+2-3+3-3+1+2-3+1-1+0+1+2-3+1-1+0+1+2-3+3-3+1+2-3+3-3+1+2-3-2+5+2-4+2-3-2+5+0+2+0-4+2-3-2+5+2-4+2-3-2+5+0+2+0-4+2-3-2";"uududuududuududuududruudduurdudduudduurdudduudududuududruududruududuududuudduududdururdudduududdururdudd"
"kjs_0260";"Nyyhkytys";"Kantele- ja jouhikkosävelmät";"Tanssisävelmiä";"";"Feodor Pratshu/A. O. Väisänen";"1916";"130";"2/4";"";"Impilahti";"Koirinoja";"Laatokan Karjala";"Karjalan, Inkerin, ym. alueet";"";", soitin: Jouhikko, tempo: 152-160, äänitteet: ph. 131 a";"";"";"+0-3+3+0-3-2+2+1+2-2-1+0+3+0-3+3+0-3-2+2+1+2-2-1+0+1+0+4-2+0-3-2+3+2-2-1+0-4+5+0+4-2+0-3-2+3+2-2-1+0-4";"rdurdduuuddrurdurdduuuddrurudrdduuddrdurudrdduuddrd"
"kjs_0261";"""Vikker´tanssi""";"Kantele- ja jouhikkosävelmät";"Tanssisävelmiä";"";"Feodor Pratshu/A. O. Väisänen";"1916";"130";"2/4";"";"Impilahti";"Koirinoja";"Laatokan Karjala";"Karjalan, Inkerin, ym. alueet";"";", soitin: Jouhikko";"";"";"+0+2-5+5-2-2-1+0+1-1+1+2+0+2-5+5-2-2-1+0+1-1+1-1+1-3+2+1-3-2+4+1-1+1-3+2+1-3-2+0";"rududddruduurududddrudududuudduududuuddr"
"kjs_0262";"Viipurilaista";"Kantele- ja jouhikkosävelmät";"Tanssisävelmiä";"";"Pekka Lamberg/A. O. Väisänen";"1926";"130";"2/4";"";"Sortavala";"";"Laatokan Karjala";"Karjalan, Inkerin, ym. alueet";"";", soitin: Jouhikko";"";"";"-3+1+2-3+1+2-3-9+9+1-3+2+1-3+2+1-1-9+7+5-3+1+2-3+1+2-3-9+9+1-3+2+1-3+2+1-1-2+3+4-2-3-9+9+1-3+2+1-3+0-7+0+10+4-2-3-9+9+1-3+2+1-3+0-7+0";"duuduudduuduuduudduuduuduudduuduuduudduuddduuduudrdruuddduuduudrdr"
"kjs_0263";"Lippa";"Kantele- ja jouhikkosävelmät";"Tanssisävelmiä";"";"Feodor Pratshu/A. O. Väisänen";"1916";"131";"3/4, 2/4";"";"Impilahti";"Koirinoja";"Laatokan Karjala";"Karjalan, Inkerin, ym. alueet";"";", soitin: Jouhikko, tempo: 152, äänitteet: ph. 131 d";"";"";"+0-3+1+0-1+3-5+3+2+0-3+1+0-1+3-5+3+2+0-3+1+0+0-1-2+2+1+0+2-3-4+0+4-2+3-1-2+2+1+0+2-3-4+0+0";"rdurduduurdurduduurdurrdduuruddrududduuruddrr"
"kjs_0264";"Lippa";"Kantele- ja jouhikkosävelmät";"Tanssisävelmiä";"";"Pekka Lamberg/A. O. Väisänen";"1926";"131";"3/4, 2/4";"";"Sortavala";"";"Laatokan Karjala";"Karjalan, Inkerin, ym. alueet";"";", soitin: Jouhikko";"";"";"+4-4+4+1-1-2-2-1+3-3+3+2-2-2-1+1+0+4-4+4+1-1-2-2-1+3-3+3+2-2-2-1+1+0+0+2+2-4-1-7+0+7+3-2-1-7+8-8+7+1+0+2+2-4-1-7+0+7+3-2-1-7+8-8";"uduudddduduuddduruduudddduduudddurruudddruuddduduuruudddruudddud"
"kjs_0265";"";"Kantele- ja jouhikkosävelmät";"Tanssisävelmiä";"";"/K. Collan";"1854";"131";"2/4";"";"Kesälahti";"Humuvaara";"Pohjois-Karjala";"Oulun lääni";"";", soitin: Jouhikko";"";"";"+2+2-4+2+0+2+1-3+2+0-4+2+2-2-2+0+0+0+2+2-4+2+0+2+1-3+2+0-4+2+2-2-2+0+0+7-2-1-4+2+0+2+1-3+2+0-4+2+0-3+1+0+0+7-2-1-4+2+0+2+1-3+2+0-4+2+0-3+1+0+0";"uuduruudurduuddrrruuduruudurduuddrruddduruudurdurdurruddduruudurdurdurr"
"kjs_0266";"";"Kantele- ja jouhikkosävelmät";"Tanssisävelmiä";"";"/K. Collan";"1854";"132";"2/4";"";"Kesälahti";"Humuvaara";"Pohjois-Karjala";"Oulun lääni";"";", soitin: Jouhikko";"";"";"+1-1-2+2+3-5+0+3-1-4+4+1-1-2+2+3-5+0+3-1-4+5-3+0+2+1+2-3+0+3-2-3+0+2+1+2-3+0";"udduudrudduudduudruddudruuudruddruuudr"
"kjs_0267";"Tolppatanssi";"Kantele- ja jouhikkosävelmät";"Tanssisävelmiä";"";"Juho Villanen/A. O. Väisänen";"1912";"132";"2/4";"";"Savonranta";"Vuokala";"Etelä-Savo";"Itä-Suomen lääni";"";", soitin: Jouhikko, äänitteet: ph. 51 a";"";"";"+0+4+0+1-1-4+0+7+0+0-2+0+2+0-7+0+4+0+1-1-4+0+7+0+0-2+0+2+0+0-5-2+5+0-1-4+4+0+1-1-2-2+0+5+0+0+0-5+0+5+0-1+0-2-2+0";"ruruddrurrdrurdruruddrurrdrurrddurddurudddrurrrdrurdrddr"
"kjs_0268";"Hyppyvalssi";"Kantele- ja jouhikkosävelmät";"Tanssisävelmiä";"";"Juho Villanen/A. O. Väisänen";"1912";"132";"2/4";"";"Savonranta";"Vuokala";"Etelä-Savo";"Itä-Suomen lääni";"";", soitin: Jouhikko, äänitteet: ph. 51 c";"";"";"-5+5-5+0+4+1+0+0+0-5+0+4+0+3+0+0+0-3+0+0+1-5+0+5-1-4+2+2+0-4+0+4+0+1+0+0+0-5+0+4+0+3+0+0+0-3+0+0+1-3-2+4+0-4+0+4+0-4+0+4+0+1+0+0+0-5+0+5+0+0+2+0+0+0-3+0+0+0-4+0+4+0-4+0+4+0-4+0+4+0+1+0+0+0-5+0+4+0+1+0+2+0-3+0+0+0-4+0+4+0-4+0+4+0+1+0+0+0-5+0+4+0-4+0+4+0-4+0+4-4+4+1+0-1-2+5+0+0+0-5+0+2+0-2-2+4+0-4+0+4+0-4+0+4+1-1+1+0+0-1-4+0";"dudruurrrdrururrrdrrudrudduurdrururrrdrururrrdrruddurdrurdrururrrdrurrurrrdrrrdrurdrurdrururrrdrurururdrrrdrurdrururrrdrurdrurdruduurddurrrdrurddurdrurdruudurrddr"
"kjs_0269";"Vanha valssi";"Kantele- ja jouhikkosävelmät";"Tanssisävelmiä";"";"Juho Villanen/A. O. Väisänen";"1912";"133";"3/8";"";"Savonranta";"Vuokala";"Etelä-Savo";"Itä-Suomen lääni";"";", soitin: Jouhikko, äänitteet: ph. 51 b";"";"";"+2+0+0+0-3+0+0+1-1-2-2+4+3+0+0-3+0+0+1-1-2-2+0+4+0-4+4+0+1-1-2-2+0+4+0-4+4+0+1-1-2-2";"urrrdrruddduurrdrrudddrurdurudddrurduruddd"
"kjs_0270";"Konevitsan kirkonkellojen soitto";"Kantele- ja jouhikkosävelmät";"Improvisaatioita";"Kirkonkellojen sävelmiä";"Antti Halonen/A. O. Väisänen";"1918";"135";"2/4";"";"Lapinlahti";"Akkala";"Pohjois-Savo";"Itä-Suomen lääni";"";"soittotapa: Yhdysasentoinen, soitin: 5-kielisellä kanteleella";"";"";"-7+3-3+3+4-7+3-3+3+4-4-3+3+4-4-3+3+4-7+3-3+3+4-5+3-3+3+2-5+3-3+3+2-2-3+3+2-2-3+3+2-5+3-3+3+2-7+3-3+3+4-7+3-3+3+4-4-3+3+4-4-3+3+4-7+3-3+3+4-5+3-3+3+2-5+3-3+3+2-2-3+3+2-2-3+3+2-5+3-3+3";"duduududuudduudduududuududuududuudduudduududuududuududuudduudduududuududuududuudduudduududu"
"kjs_0271";"";"Kantele- ja jouhikkosävelmät";"Runosävelmien sukulaisia";"4-iskuiset säkeet";"Antti Halonen/A. O. Väisänen";"1918";"135";"2/4";"";"Lapinlahti";"Akkala";"Pohjois-Savo";"Itä-Suomen lääni";"";"soittotapa: Yhdysasentoinen, soitin: 5-kielisellä kanteleella, kadenssi: Perussävelen täys- tai puolikadenssi";"";"";"-2-2+4-5+5-7+0+3+4-2-2+4-5+5-7+0+2+5-2-3+5-7+0+2+5-4+2-3+5-7+7";"ddududruuddududruuddudruudududu"
"kjs_0272";"""Paholaisen marssi""";"Kantele- ja jouhikkosävelmät";"Runosävelmien sukulaisia";"4-iskuiset säkeet";"J. Laitila/A. O. Väisänen";"1926";"136";"2/4";"";"Helsinki";"";"Uusimaa";"Etelä-Suomen lääni";"";"soittotapa: Yhdysasentoinen, soitin: 5-kielisellä kanteleella, kadenssi: Myös teräsävelen täyskadenssi";"";"";"+0-2-2+0-1+0+1+4+0+0+0-2-2+0-1+0+1+4+0-2+0+0+2+0+0-4+4+0-2+0+0+2+0+0-4+4+0-7+2+1+2+2-2-2-3+2+1-1-2+0+0+2+1+2+2-2-2-3+2+1-1-2+0";"rddrdruurrrddrdruurdrrurrdurdrrurrdurduuuuddduuddrruuuuddduuddr"
"kjs_0273";"";"Kantele- ja jouhikkosävelmät";"Runosävelmien sukulaisia";"4-iskuiset säkeet";"Antti Halonen/A. O. Väisänen";"1918";"136";"2/4";"";"Lapinlahti";"Akkala";"Pohjois-Savo";"Itä-Suomen lääni";"";"soittotapa: Yhdysasentoinen, soitin: 5-kielisellä kanteleella, kadenssi: Myös teräsävelen täyskadenssi";"";"";"-5+3-2-1-2+2+1-1+3-2+4+0+0-5+3-2-1-2+2+5-5+3-2+4+0+0-5+1+2+2-5-2+2+5-5+3-3+5+0+0-5+1+2+2-5-2+2+5-5+3-3+5+0";"duddduududurrduddduududurrduuudduududurrduuudduududur"
"kjs_0274";"";"Kantele- ja jouhikkosävelmät";"Runosävelmien sukulaisia";"4-iskuiset säkeet";"Antti Halonen/A. O. Väisänen";"1918";"136";"2/4";"";"Lapinlahti";"Akkala";"Pohjois-Savo";"Itä-Suomen lääni";"""Tie sinä hyvä tila, Kaarina kulta!"" ""Tien minä hyvän tilan kauniille poijalle.""";"soittotapa: Yhdysasentoinen, soitin: 5-kielisellä kanteleella, kadenssi: Myös teräsävelen täyskadenssi";"";"";"-5+1+2-2-1-2+7-5+1+4+0+0-5+1+2-2-1-2+7-5+1+4+0-2+2-5+3-2-1-2+7-5+1+4+0-2+2-5+3-2-1-2+7-5+1+4+0";"duuddduduurrduuddduduurdududdduduurdududdduduur"
"kjs_0275";"""Hyvä ilta, minun kyyhkysein""";"Kantele- ja jouhikkosävelmät";"Runosävelmien sukulaisia";"4-iskuiset säkeet";"Antti Halonen/A. O. Väisänen";"1918";"136";"3/4";"";"Lapinlahti";"Akkala";"Pohjois-Savo";"Itä-Suomen lääni";"";"soittotapa: Yhdysasentoinen, soitin: 5-kielisellä kanteleella";"";"";"+2+1-1+1+2+2-2+2-5+1+2+0+2+0+0-4+2+2-4+2+2-7+0+2+5-5-2+7+0+0-4+2+2-4+2+2-7+0+2+5-5-2+7+0";"uuduuududuururrduuduudruuddurrduuduudruuddur"
"kjs_0276";"";"Kantele- ja jouhikkosävelmät";"Runosävelmien sukulaisia";"5-iskuiset säkeet";"J. Laitila/A. O. Väisänen";"1926";"137";"2/4/+ 3/4";"";"Helsinki";"";"Uusimaa";"Etelä-Suomen lääni";"Kettu itki poikiansa kiven piällä kyykyllänsä, kahen kaupungin välillä, kahen kirkon kuuluvilla.";"soittotapa: Yhdysasentoinen, soitin: 5-kielisellä kanteleella";"";"";"+2+1+2+2-4-1+0+1+2-2+0-1+0+5+0-7+2+1+2+2-4-1+0+1+2-2+0-1+0+5+0";"uuuuddruudrdrurduuuuddruudrdrur"
"kjs_0277";"Venäläisen itku";"Kantele- ja jouhikkosävelmät";"Runosävelmien sukulaisia";"säkeiden pituus vaihtelee";"Antti Halonen/A. O. Väisänen";"1918";"137";"2/4, 3/4";"";"Lapinlahti";"Akkala";"Pohjois-Savo";"Itä-Suomen lääni";"";"soittotapa: Yhdysasentoinen, soitin: 5-kielisellä kanteleella";"";"";"+2+2-2-5+3+4+0+0-4+2+2-2-5+3+4+0+0-2+0+2-7+3+0+4+0-2+0+2-7+3+0+4+0-4+4-2+2-5-2+7+0-4+4-2+2-5-2+7+0-4-1-2+7+0+0+0-4-1-2+7+0+0+0";"uudduurrduudduurrdrudururdrudururdududdurdududdurdddurrrdddurrr"
"kjs_0278";"";"Kantele- ja jouhikkosävelmät";"Runosävelmien sukulaisia";"säkeiden pituus vaihtelee";"Antti Halonen/A. O. Väisänen";"1918";"137";"2/4";"";"Lapinlahti";"Akkala";"Pohjois-Savo";"Itä-Suomen lääni";"";"soittotapa: Yhdysasentoinen, soitin: 5-kielisellä kanteleella";"";"";"+1+2+2+0-5+0+1+2+2-2+2-5-2+7-5+1+2+2+0-5+0+1+2+2-2+2-5-2+7+0+0-2+2-2+2-5-2+7+0+0-2+2-2+2-5-2+7-5+5-7+5-2+4-7+2+0+5-7+5-2+4-7+2+0+5-5-2+5-2+4-7+2+0+5-5-2+5-2+4-7+2+0+5-5-2+7";"uuurdruuududduduuurdruuududdurrdududdurrdududdududududurudududuruddududuruddududuruddu"
"kjs_0279";"Lampaan ravia";"Kantele- ja jouhikkosävelmät";"Tanssisävelmiä";"4-iskuiset säkeet";"J. Laitila/A. O. Väisänen";"1926";"138";"2/4";"";"Helsinki";"";"Uusimaa";"Etelä-Suomen lääni";"";"soittotapa: Yhdysasentoinen, soitin: 5-kielisellä kanteleella, kadenssi: ei muista sävelmää tarkoin";"";"";"-2-2-1+5-2-5+2+5-2-2-1+5-2-5+2+5-2-2-1+5-7";"dddudduudddudduudddud"
"kjs_0280";"Satavuotinen sakka";"Kantele- ja jouhikkosävelmät";"Tanssisävelmiä";"3-iskuiset";"J. Laitila/A. O. Väisänen";"1926";"138";"3/4";"";"Helsinki";"";"Uusimaa";"Etelä-Suomen lääni";"";"soittotapa: Yhdysasentoinen, soitin: 5-kielisellä kanteleella";"";"";"+2+1+0-1+1-3+0+2+1+2+2+0-2+2+0-7+2+1+0-1+1-3+0+2+1+2+2+0-2+2+0-4+0+0-1+1-1+5-4+0+0+2-3+0+1+0+0+2-3+0+1+0-1+3+0-2+0-1+0+5-4+0+0+2-3+0+1+0+0+2-3+0+1+0-1+3+0-2+0-1+0+5";"uurdudruuuurdurduurdudruuuurdurdrrdududrrudrurrudrurdurdrdrudrrudrurrudrurdurdrdru"
