"ID";"Nimi";"Kokoelma";"Yleislaji";"Tyyppi";"Muistiinpanija";"Vuosi";"Sivu";"Tahtilaji";"Sävellaji";"Pitäjä";"Kylä";"Maakunta";"Lääni";"Sanat";"Kirjahuomiot";"Kommentit";"Samanlaisuus";"Intervalli";"Melodian suunta"
"kt1_0001";"Nuorten miesten speli";"Kansantanssit";"Nuotti-kirja";"";"Samuel Rinda-Nickola";"1809";"7";"3/4";"C";"-()";"";"";"";"";"";"Ensimmäiset 4 tahtia on G-duurissa";"";"+1-12+2+2+2+1+2-2-1+1+2+2-4+4+0+1-12+2+2+2+1+2-2-1+1-12+16+1-12+2+2+2+1+2-2-1+1+2+2-4+4+0+1-12+2+2+2+1+2-2-1+1-12+21+1-1-2+2-4+0+2+2+1-1+1-1-2-2-1-4+10-1-2+2-4+0+2+2+1-1+1-3+2-4+2+2+1+2-3+3+0-2-3+3+0-1-4+4+0-2-2-1+1-12+16+1-1-2+2-4+0+2+2+1-1+1-1-2-2-1-4+10-1-2+2-4+0+2+2+1-1+1-3+2-4+2+2+1+2-3+3+0-2-3+3+0-1-4+4+0-2-2-1+1-12+7+2+2+1+2+2-4-1-2+5-2-1-2-2+2+2+1+2+2+1-1-2-2-1+1+2-12+5+2+2+1+2+2-4-1-2+5-2-1-2-2+2+2+1+2+2+1-1-2-2-1+1+2-12+14+1-1-2+2-4+0+2+2+1-1+1-1-2-2-1-4+10-1-2+2-4+0+2+2+1-1+1-3+2-4+2+2+1+2-3+3+0-2-3+3+0-1-4+4+1-3-2-1+1-12";"uduuuuudduuuduruduuuuudduduuduuuuudduuuduruduuuuudduduuddudruuududdddduddudruuudududuuuudurddurddurddduduuddudruuududdddduddudruuudududuuuudurddurddurddduduuuuuudddudddduuuuuudddduuduuuuuudddudddduuuuuudddduuduuddudruuududdddduddudruuudududuuuudurddurdduudddud"
"kt1_0002";"";"Kansantanssit";"Nuotti-kirja";"";"Samuel Rinda-Nickola";"1809";"8";"3/4";"C";"-()";"";"";"";"";"";"";"";"+2+2+0+1+0+4-2-2+0-1+0-4+2+2+1+2+2+0-2-2+0+2+0+2-2+2+1+2-2-3+3-1-2-2-1+1+4-2+2+1+2-3-2-2+4-2-2-1+1-12+7+2+2+0+1+0+4-2-2+0-1+0-4+2+2+1+2+2+0-2-2+0+2+0+2-2+2+1+2-2-3+3-1-2-2-1+1+4-2+2+1+2-3-2-2+4-2-2-1+1-12+16-2+2+1+2+0-2+2-2-1-2+2-2-2+2+5+2-2-2-1+0-2-2+0+2+0+2-2+2+1+2-3-2+3-1-2-2-1+1+4-2+2+3-2-1-2-2+4-2-2-1+1-12+16-2+2+1+2+0-2+2-2-1-2+2-2-2+2+5+2-2-2-1+0-2-2+0+2+0+2-2+2+1+2-3-2+3-1-2-2-1+1+4-2+2+3-2-1-2-2+4-2-2-1+1-12";"uururuddrdrduuuuurddruruduuuddudddduuduuuddduddduduuururuddrdrduuuuurddruruduuuddudddduuduuudddudddududuuurdudddudduuudddrddruruduuuddudddduuduuddddudddududuuurdudddudduuudddrddruruduuuddudddduuduuddddudddud"
"kt1_0003";"";"Kansantanssit";"Nuotti-kirja";"";"Samuel Rinda-Nickola";"1809";"9";"3/4";"C";"-()";"";"";"";"";"";"";"";"+2+2+1+2+0-2+0-1+1+2+2-2-2-1+1-1+0+1-3+0+2-4+0-1+0-4+2-2+2+2-4+5+0+2-2-1-4+5+2+2+1-1+1-3+5+2-2-2-1+1-1-2+2-4+4-2-2-1+1-12+12+2+2+1+2+0-2+0-1+1+2+2-2-2-1+1-1+0+1-3+0+2-4+0-1+0-4+2-2+2+2-4+5+0+2-2-1-4+5+2+2+1-1+1-3+5+2-2-2-1+1-1-2+2-4+4-2-2-1+1-12+16-4+0+4+0+3-5-2-1-2-2+2+2+1+2+2-4+0-1-2+0+3-1-4+4-2-2-1+1-5-3-4+12+0-2-1-4+4+1+2+0+2+0+2+0-4+5-5+0-2-1-4+4+1+2+0+2+0+2+0-4+5+0+2+2-2-2-1+1+2+2+1-1-2+5+2-2-2-1+1-1-2+2-4+4-2-2-1+1-12+16-4+0+4+0+3-5-2-1-2-2+2+2+1+2+2-4+0-1-2+0+3-1-4+4-2-2-1+1-5-3-4+12+0-2-1-4+4+1+2+0+2+0+2+0-4+5-5+0-2-1-4+4+1+2+0+2+0+2+0-4+5+0+2+2-2-2-1+1+2+2+1-1-2+5+2-2-2-1+1-1-2+2-4+4-2-2-1+1-12";"uuuurdrduuudddudrudrudrdrduduuduruddduuuududuuddduddududdduduuuuurdrduuudddudrudrudrdrduduuduruddduuuududuuddduddududddududruruddddduuuuudrddruddudddudddurddduuurururdudrddduuurururduruuddduuuudduuddduddududddududruruddddduuuuudrddruddudddudddurddduuurururdudrddduuurururduruuddduuuudduuddduddududddud"
"kt1_0004";"Morsianspeli pijkains kansa";"Kansantanssit";"Nuotti-kirja";"";"Samuel Rinda-Nickola";"1809";"10";"3/4";"C";"-()";"";"";"";"";"";"";"";"+2+2+1+0-1+0-2-2-1-2+2-4+12-2+2+2+0-2+0-2-1-2+3-1-4+0+0+2+2+1+0-1+0-2-2-1-2+2-4+12-2+2+2+0-2+0-2-1-2+3-1-4+0+7-2+2-2-3+3-1-4+5-3+2+1-1+0-2-2-1+1+2+2+1-1-2-2+4-2-2-1+1-12+19-2+2-2-3+3-1-4+5-3+2+1-1+0-2-2-1+1+2+2+1-1-2-2+4-2-2-1+1-12";"uuurdrddddududuurdrddduddrruuurdrddddududuurdrddduddrududdudduduudrddduuuudddudddudududdudduduudrddduuuudddudddud"
"kt1_0005";"";"Kansantanssit";"Nuotti-kirja";"";"Samuel Rinda-Nickola";"1809";"10";"3/4";"F";"-()";"";"";"";"";"";"Menee g-mollissa";"";"+1+0-1+1+2+2+2+1-1+1+2-2-1+1-3-5+1+0-1+1+2+2+2+1-1+1+2-2-1+1-3-5+1+0-1+1+2+2+2+1-1+1+2-2-1+1-3-5+1+0-1+1+2+2+2+1-1+1+2-2-1+1-3-5+1+0-1+1+2+2-4+0-1-2+2+3-2-1+1+0-1-2+2+1-3+3-1-2-1+1-12+14+1+0-1+1+2+2-4+0-1-2+2+3-2-1+1+0-1-2+2+1-3+3-1-2-1+1-12";"urduuuuuduudduddurduuuuuduudduddurduuuuuduudduddurduuuuuduudduddurduuudrdduuddurdduududdduduurduuudrdduuddurdduududddud"
"kt1_0006";"";"Kansantanssit";"Nuotti-kirja";"";"Samuel Rinda-Nickola";"1809";"11";"3/4";"C";"-()";"";"";"";"";"";"";"";"+0+0-2+0+2+2+3-2-1-2-2+2-2-1-2-2-2+0-1-2-2+14+0+0-2+0+2+2+3-2-1-2-2-1+1+2+2+1+2-5+0+0-2+0+2+2+3-2-1-2-2+2-2-1-2-2-2+0-1-2-2+14+0+0-2+0+2+2+3-2-1-2-2-1+1+2+2+1+2-3+1-1-2+2-2-2-5+5+4-4-5+5+4-4-5+5+4-4+4+1-1-2+2-2-2-5+5+4-4-5+5+4-4-5+5+4-4+5-1+1+4-2+0-2-1-2-2-1+1+2+0+0-2+4+1-1-2+2-2-2-5+5+4-4-5+5+4-4-5+5+4-4+4+1-1-2+2-2-2-5+5+4-4-5+5+4-4-5+5+4-4+5-1+1+4-2+0-2-1-2-2-1+1+2+0+0-2";"rrdruuuddddudddddrdddurrdruuuddddduuuuudrrdruuuddddudddddrdddurrdruuuddddduuuuududduddduudduudduuduudduddduudduudduududuudrddddduurrduudduddduudduudduuduudduddduudduudduududuudrddddduurrd"
"kt1_0007";"Hullu Sakari";"Kansantanssit";"Nuotti-kirja";"";"Samuel Rinda-Nickola";"1809";"12";"3/4";"c";"-()";"";"";"";"";"Nämä 7. ja 8. ovat sama polkka, eri versiot.";"";"";"+5-9+0-1+0+9+1-5+2+2+3+1+0-1+1+2+2-2-2-1-2+0-1+1+2+1-1-2-1+0+0+1-9+0-1+0+9+1-5+2+2+3+1+0-1-2-1+1+5+0+2-4-1-2-1+1-12+7+5-9+0-1+0+9+1-5+2+2+3+1+0-1+1+2+2-2-2-1-2+0-1+1+2+1-1-2-1+0+0+1-9+0-1+0+9+1-5+2+2+3+1+0-1-2-1+1+5+0+2-4-1-2-1+1-12+17+2-4+0-1+1+4+0-2+0-2-1-2+2+1+2-2-1+1+2+2-2-2-1-2+0-1+1+2+1-1-2-1+0+0+1-9+0-1+0+9+1-5+2+2+3+1+0-1-2-1+1+5+0+2-4-1-2-1+1-12+17+2-4+0-1+1+4+0-2+0-2-1-2+2+1+2-2-1+1+2+2-2-2-1-2+0-1+1+2+1-1-2-1+0+0+1-9+0-1+0+9+1-5+2+2+3+1+0-1-2-1+1+5+0+2-4-1-2-1+1-12";"udrdruuduuuurduuuddddrduuudddrrudrdruuduuuurddduurudddduduudrdruuduuuurduuuddddrduuudddrrudrdruuduuuurddduurudddduduudrduurdrddduuudduuuddddrduuudddrrudrdruuduuuurddduurudddduduudrduurdrddduuudduuuddddrduuudddrrudrdruuduuuurddduuruddddud"
"kt1_0008";"Hullu Sakari";"Kansantanssit";"Nuotti-kirja";"";"Samuel Rinda-Nickola";"1809";"13";"3/4";"c";"-()";"";"";"";"";"Nämä 7. ja 8. ovat sama polkka, eri versiot. Irrallinen veto vindildä otetan aldilda muolla paitzi tahdit 9 ja 10";"";"";"+1-12+12-12+12+0+2-15+15-15+15+1-1+1+2+2-2-2-1-2+0-1+1+2+1-1-2+0-1-2-2+4+1-12+12-12+12+0+2-15+15-15+15+1-1+1+2-2+2+0+2-4-1-2+2-2+0-1+1-12+12-12+12+0+2-15+15-15+15+1-1+1+2+2-2-2-1-2+0-1+1+2+1-1-2+0-1-2-2+4+1-12+12-12+12+0+2-15+15-15+15+1-1+1+2-2+2+0+2-4-1-2+2-2+0+9-2-4+0+4+0+0-2-2+2-3+0+0+1-1+1+2+2-2-2-1-2+0-1+1+2+1-1-2+0-1-2+2+0+1-12+12-12+12+0+2-15+15-15+15+1-1+1+2-2+2+0+2-4-1-2+2-2+0+9-2-4+0+4+0+0-2-2+2-3+0+0+1-1+1+2+2-2-2-1-2+0-1+1+2+1-1-2+0-1-2+2+0+1-12+12-12+12+0+2-15+15-15+15+1-1+1+2-2+2+0+2-4-1-2+2-2+0";"ududurududuuduuuddddrduuuddrddduududurududuuduudurudddudrdududurududuuduuuddddrduuuddrddduududurududuuduudurudddudruddrurrddudrruduuuddddrduuuddrddurududurududuuduudurudddudruddrurrddudrruduuuddddrduuuddrddurududurududuuduudurudddudr"
"kt1_0009";"Pringar";"Kansantanssit";"Nuotti-kirja";"";"Samuel Rinda-Nickola";"1809";"14";"3/4";"C";"-()";"";"";"";"";"Nämä 9. ja 10. ovat sama laulu, eri sävellaji.";"";"";"+24+0+2+0-5+0+0-1-3-1-2+3-1+3-2-1-2-2-1+1-5-3-4+0+24+0+2+0-5+0+0-1-3-1-2+3-1+3-2-1-2-2-1+1-5-3-4+0+24+0+2+0-5+0+0-1-3-1-2+3-1+3-2-1-2-2-1+3-2-12+24+0+2+0-5+0+0-1-3-1-2+3-1+3-2-1-2-2-1+3-2+0+4+1-1-2-2+2+0+2+3-2-1-2+2+0+3+2-2-2-1+1+0+4+2-2-2-2+2-2-1-2+3-1+3-2-1-2-2-1+1-5-3-4+12+4+1-1-2-2+2+0+2+3-2-1-2+2+0+3+2-2-2-1+1+0+4+2-2-2-2+2-2-1-2+3-1+3-2-1-2-2-1+1-5-3-4+12+4+1-1-2-2+2+0+2+3-2-1-2+2+0+3+2-2-2-1+1+0+4+2-2-2-2+2-2-1-2+3-1+3-2-1-2-2-1+3-2+0+4+1-1-2-2+2+0+2+3-2-1-2+2+0+3+2-2-2-1+1+0+4+2-2-2-2+2-2-1-2+3-1+3-2-1-2-2-1+3-2";"ururdrrddddududddddudddrururdrrddddududddddudddrururdrrddddududdddduddururdrrddddududddddudruuddduruuddduruuddduruudddudddududdddduddduuuddduruuddduruuddduruudddudddududdddduddduuuddduruuddduruuddduruudddudddududddddudruuddduruuddduruuddduruudddudddududddddud"
"kt1_0010";"";"Kansantanssit";"Nuotti-kirja";"";"Samuel Rinda-Nickola";"1809";"15";"3/4";"G";"-()";"";"";"";"";"Nämä 9. ja 10. ovat sama laulu, eri sävellaji.";"";"";"+12+0-1+0-2+0+2+1-3-2+0-2-1+1+2-3+1-1-2-2-1+1+2-3+1-5-3-4+12+12+0-1+0-2+0+2+1-3-2+0-2-1+1+2-3+1-1-2-2-1+1+2-3+1-5-3-4+12+12+0-1+0-2+0+2+1-3-2+0-2-1+1+2-3+1-1-2+2+1-1-2-2-1+1-12+12+12+0-1+0-2+0+2+1-3-2+0-2-1+1+2-3+1-1-2+2+1-1-2-2-1+1-12+12+4+1-1-2-2+2+0+3+2-2-1-2+2+0+3+0-2-1+1+0+4+2-2-2-2+2+0+5+0-1-2+2+1-7-1-2-2-1+1-12+12+4+1-1-2-2+2+0+3+2-2-1-2+2+0+3+0-2-1+1+0+4+2-2-2-2+2+0+5+0-1-2+2+1-7-1-2-2-1+1-12";"urdrdruuddrdduududddduududdduurdrdruuddrdduududddduududdduurdrdruuddrdduududduudddduduurdrdruuddrdduududduudddduduuuddduruudddururdduruudddururdduuddddduduuuddduruudddururdduruudddururdduudddddud"
"kt1_0011";"";"Kansantanssit";"Nuotti-kirja";"";"Samuel Rinda-Nickola";"1809";"15";"3/4";"C";"-()";"";"";"";"";"Nämä 11. ja 12. ovat sama laulu.";"";"";"+1-17+17-17+17+0+4-4+4-4+4+1-1+1+2+0+2-2-2-1+1+0-1+0-2-3+1-17+17-17+17+0+4-4+4-4+4+1-1+1+2+0+2-2-2-1+1+0-1+0-2+3-1-2-19+0+0+22-1-2+3-1-2-2+4-2-2-1+1-12+11+1-17+17-17+17+0+4-4+4-4+4+1-1+1+2+0+2-2-2-1+1+0-1+0-2-3+1-17+17-17+17+0+4-4+4-4+4+1-1+1+2+0+2-2-2-1+1+0-1+0-2+3-1-2-19+0+0+22-1-2+3-1-2-2+4-2-2-1+1-12+14-3-4+4+1+2-3+1+0-1-2+2+1-3+2+1+2+5-2+2+0-5-3-4+4-2-2-1+0+1+5+2+2+0-4+0+2+2+1-1-2+2+1-3+0+2+1+0-1+1+2+0+2-2-2-1+1+0-1+0-2+3-1-2-19+0+0+22-1-2+3-1-2+2-2-2-1+1-12+14-3-4+4+1+2-3+1+0-1-2+2+1-3+2+1+2+5-2+2+0-5-3-4+4-2-2-1+0+1+5+2+2+0-4+0+2+2+1-1-2+2+1-3+0+2+1+0-1+1+2+0+2-2-2-1+1+0-1+0-2+3-1-2-19+0+0+22-1-2+3-1-2+2-2-2-1+1-12";"ududurududuuduurudddurdrddududurududuuduurudddurdrdudddrrudduddduddduduududurududuuduurudddurdrddududurududuuduurudddurdrdudddrruddudddudddududduuudurdduuduuuudurdddudddruuuurdruuudduudruurduurudddurdrdudddrrudduddudddududduuudurdduuduuuudurdddudddruuuurdruuudduudruurduurudddurdrdudddrrudduddudddud"
"kt1_0012";"";"Kansantanssit";"Nuotti-kirja";"";"Samuel Rinda-Nickola";"1809";"17";"3/4";"C";"-()";"";"";"";"";"Nämä 11. ja 12. ovat sama laulu.";"";"";"+0-5+2-2-2-1-4+17-1-2+0-2+0+2+2+1+2+0+0-5+5+2-2-2-1+1-1-2-2-1+1+0-5+2-2-2-1-4+17-1-2+0-2+0+2+2+1+2+0+0-5+5+2-2-2-1+1-1-2-2-1-4+4+3-3-4+4+3-3-4+4+3-3-4+2+2+1+0-1+1+0-5+4+3-3-4+4+3-3-4+4+3-3-4+2+2+1+0-1+1+0-5-2-1-2-2+2+2+1+2+10-1-2-2-1+1-12+12+0-5+2-2-2-1-4+17-1-2+0-2+0+2+2+1+2+0+0-5+5+2-2-2-1+1-1-2-2-1+1+0-5+2-2-2-1-4+17-1-2+0-2+0+2+2+1+2+0+0-5+5+2-2-2-1+1-1-2-2-1-4+4+3-3-4+4+3-3-4+4+3-3-4+2+2+1+0-1+1+0-5+4+3-3-4+4+3-3-4+4+3-3-4+2+2+1+0-1+1+0-5-2-1-2-2+2+2+1+2+10-1-2-2-1+1-12+14-3-4+0+2+2+1-3+0-4+0-1+1+2+2-2-2-1+0+0-4+2+2+1+2+2+2+1+2+3-1-2-2-1+1+0+2+2+1+2+0+0-2+2+2-2-2-1+1-1-2-2-1-4+4+3-3-4+4+3-3-4+4+3-3-4+2+2+1+0-1+1+0-5+4+3-3-4+4+3-3-4+4+3-3-4+2+2+1+0-1+1+0-5-2-1-2-2+2+2+1+2+10-1-2-2-1+1-12+14-3-4+0+2+2+1-3+0-4+0-1+1+2+2-2-2-1+0+0-4+2+2+1+2+2+2+1+2+3-1-2-2-1+1+0+2+2+1+2+0+0-2+2+2-2-2-1+1-1-2-2-1-4+4+3-3-4+4+3-3-4+4+3-3-4+2+2+1+0-1+1+0-5+4+3-3-4+4+3-3-4+4+3-3-4+2+2+1+0-1+1+0-5-2-1-2-2+2+2+1+2+10-1-2-2-1+1-12";"rdudddduddrdruuuurrduuddduddddurdudddduddrdruuuurrduuddduddddduudduudduudduuurdurduudduudduudduuurdurddddduuuuuddddudurdudddduddrdruuuurrduuddduddddurdudddduddrdruuuurrduuddduddddduudduudduudduuurdurduudduudduudduuurdurddddduuuuuddddududdruuudrdrduuudddrrduuuuuuuuudddduruuuurrduuddduddddduudduudduudduuurdurduudduudduudduuurdurddddduuuuuddddududdruuudrdrduuudddrrduuuuuuuuudddduruuuurrduuddduddddduudduudduudduuurdurduudduudduudduuurdurddddduuuuuddddud"
"kt1_0013";"Hendrikin Polska";"Kansantanssit";"Nuotti-kirja";"";"Samuel Rinda-Nickola";"1809";"18";"3/4";"C";"-()";"";"";"";"";"Ensimmäinen Rebrici spelatan lopuxi nijnkujn aluuxikin";"";"";"+2-5+2-4+5-1-2+2-2-2-1+1+2-3-4+0-5+2-4+5-3+2-4-1+1+2-7+7+2-2-2-1+1+2+2-4+2+2+1+2+0+2-2+0-2-1-2+2-4+5-3+2-4-1+1+2-3-4+9-2+2-4-1+1+2+2-4+2+2+1+2+0+2-2-2+6+1+2+2+0-2-2-1+1-12+17+2-5+2-4+5-1-2+2-2-2-1+1+2-3-4+0-5+2-4+5-3+2-4-1+1+2-7+7+2-2-2-1+1+2+2-4+2+2+1+2+0+2-2+0-2-1-2+2-4+5-3+2-4-1+1+2-3-4+9-2+2-4-1+1+2+2-4+2+2+1+2+0+2-2-2+6+1+2+2+0-2-2-1+1-12+16-2+2+1-1-4-1+5-2+2+1+2-2-1-2+2+1+2+0-2+2+2-2-2+2-3-2+2+1-3+2+0+1-1+0-2+2+1-1-4-1+5-2+2+1+2-2-1-2+2+1+2+0-2+2+2-2-2+2-3-2+2+1-3+2+0+1-1";"udududduddduuddrdudududduuduuddduuuduuuurudrdddudududduuddududduuuduuuurudduuuurddduduudududduddduuddrdudududduuduuddduuuduuuurudrdddudududduuddududduuuduuuurudduuuurdddududuuddduduuuddduuurduuddudduudurudrduuddduduuuddduuurduuddudduudurud"
"kt1_0014";"Vanha Harmaa";"Kansantanssit";"Nuotti-kirja";"";"Samuel Rinda-Nickola";"1809";"19";"3/4";"G";"-()";"";"";"";"";"Harmaapäiden speli, koska he nuorta miestä hyppyyttävät. Katso nro 49.";"";"";"+5-1+1+2+2-2+2+1-1-2+2-4+4+1-1+1+2-2-1-2-2-1+1-5-3-4+14+5+0-1+1+2+2-2+2+1-1-2+2-4+5+0-1-2+5-2-1-2-2+4-2-2-1+1-12+0+5-1+1+2+2-2+2+1-1-2+2-4+4+1-1+1+2-2-1-2-2-1+1-5-3-4+14+5+0-1+1+2+2-2+2+1-1-2+2-4+5+0-1-2+5-2-1-2-2+4-2-2-1+1-12+17-1+1-1-2-2+4+1+2-2-1-2-2-2+0-3+2+1+2+2-2-2-1+1-1+1+2-2-1+1+2+0-3+1-1-2+2+1+2+5-1+1+2-3+0+1-8-2+2+1-1-2+2-4+4-2-2-1+1-12+24-1+1-1-2-2+4+1+2-2-1-2-2-2+0-3+2+1+2+2-2-2-1+1-1+1+2-2-1+1+2+0-3+1-1-2+2+1+2+5-1+1+2-3+0+1-8-2+2+1-1-2+2-4+4-2-2-1+1-12";"uduuuduudduduuduuddddduddduurduuuduuddudurdduddddudddudruduuuduudduduuduuddddduddduurduuuduuddudurdduddddudddudududdduuudddddrduuuuddduduudduurdudduuuuduudrudduuddududddudududdduuudddddrduuuuddduduudduurdudduuuuduudrudduuddududddud"
"kt1_0015";"";"Kansantanssit";"Nuotti-kirja";"";"Samuel Rinda-Nickola";"1809";"20";"3/4";"Bb";"-()";"";"";"";"";"";"Menee c-mollissa";"";"-1+1+2+0+2+0+0+2-2+0-2+2-2-2-1+1-1+1+2+0+2+0+0-2+2+2-2+2-2-2-2+2-2-1+1-1+1+2+0+2+0+0+2-2+0-2+2-2-2-1+1-1+1+2+0+2+0+0-2+2+2-2+2-2-2-2+2-2-1+1+2-2-1-2+0-1+1+2+1-1-2+2+0+1+2-2+2+2-4-1-2+3-1-2-1+1-12+15+2-2-1-2+0-1+1+2+1-1-2+2+0+1+2-2+2+2-4-1-2+3-1-2-1+1-12";"duururrudrduddduduururrduududddudduduururrudrduddduduururrduududddudduudddrduuudduruuduuddduddduduudddrduuudduruuduudddudddud"
"kt1_0016";"Aleksanteri Könni";"Kansantanssit";"Nuotti-kirja";"";"Samuel Rinda-Nickola";"1809";"21";"3/4";"C";"-()";"";"";"";"";"";"";"";"+0-2+2-2-3+2+0+0-2-2-1+1+2-3-4+0+0+0-2+2-2-1+0-2-2-1+1+2-3-4+19+2+0-2-2+2+2+1+2-8+0+1+0+7+0-2+2-2-3+2+0+0-2-2-1+1+2-3-4+0+0+0-2+2-2-1+0-2-2-1+1+2-3-4+19+2+0-2-2+2+2+1+2-8+0+1+0-5+2-2-2+0-3+2+0-2-3+1+2+2+1+2+0-3+3+2-2-2+0-3+2+0-2-3+1+2+2+1+2+0+7+2+0-2-2+2+2+1+2-8+0+1+2+2+0-2-2-1+0+1-5+2-2-2+0-3+2+0-2-3+1+2+2+1+2+0-3+3+2-2-2+0-3+2+0-2-3+1+2+2+1+2+0+7+2+0-2-2+2+2+1+2-8+0+1+2+2+0-2-2-1+0+1";"rduddurrddduuddrrrduddrddduudduurdduuuudrururduddurrddduuddrrrduddrddduudduurdduuuudrurduddrdurdduuuuurduuddrdurdduuuuuruurdduuuudruuurdddrududdrdurdduuuuurduuddrdurdduuuuuruurdduuuudruuurdddru"
"kt1_0017";"Pakana Juha";"Kansantanssit";"Nuotti-kirja";"";"Samuel Rinda-Nickola";"1809";"22";"3/4";"Bb";"-()";"";"";"";"";"";"Menee c-mollissa";"";"+1+2+2+0-4+4+2-2-2+0-2+0-1+1-1-2+2-2-1-4+7+1+2-2+2+2+0-4+4+2-2-2-2+0-1-2+3-1-2-1+1-12+14+1+2+2+0-4+4+2-2-2+0-2+0-1+1-1-2+2-2-1-4+7+1+2-2+2+2+0-4+4+2-2-2-2+0-1-2+3-1-2-1+1-12+14+3-2+0-1-2+2+1+2-2-1-2-1+0+6+2-2-2+0-1-2+3-1-2-1+1-12+14+3-2+0-1-2+2+1+2-2-1-2-1+0+6+2-2-2+0-1-2+3-1-2-1+1-12";"uuurduuddrdrdudduddduuuduurduudddrdduddduduuuurduuddrdrdudduddduuuduurduudddrdduddduduudrdduuuddddruuddrdduddduduudrdduuuddddruuddrddudddud"
"kt1_0018";"Koskas Pijka Poijan tiellta";"Kansantanssit";"Nuotti-kirja";"";"Samuel Rinda-Nickola";"1809";"22";"3/4";"C";"-()";"";"";"";"";"Nämä 18. ja 19. ovat sama laulu, tämä on vanhempi nuotti.";"";"";"-5+0+0+5+0+2+2+0+1-1-2-2+0-1-4+7-2-1-2-2+2+2+1+2+2+1-1-2+2+1-1-2+0-2+0-5+0+0+5+0+2+2+0+1-1-2-2+0-1-4+7-2-1-2-2+2+2+1+2+2+1-1-2+2+1-1-2+0-2+7-3+1+2-3+0+1+2+2-2-2-1-2+2+1-1+1+2-2-1+1+2-2-1-2-2+4-2-2-1+1-12+19-3+1+2-3+0+1+2+2-2-2-1-2+2+1-1+1+2-2-1+1+2-2-1-2-2+4-2-2-1+1-12+11+1+2+0+0-2-1+1-1-2+3-1-2-2-2+0-1-2-2+0+19+0-2+0-1-2+2+1-1-2-2+0-1-2-2+12-2+0+2-3+0+1+2+2-2-2-1+1-3+0+2+1+0-1+1+2-2-1-2-2+4-2-2-1+1-12+11+1+2+0+0-2-1+1-1-2+3-1-2-2-2+0-1-2-2+0+19+0-2+0-1-2+2+1-1-2-2+0-1-2-2+12-2+0+2-3+0+1+2+2-2-2-1+1-3+0+2+1+0-1+1+2-2-1-2-2+4-2-2-1+1-12";"drruruurudddrddudddduuuuuudduuddrdrdrruruurudddrddudddduuuuuudduuddrduduudruuudddduuduudduuddddudddududuudruuudddduuduudduudddduddduduuurrddudduddddrdddrurdrdduudddrdddudrudruuudddudruurduudddduddduduuurrddudduddddrdddrurdrdduudddrdddudrudruuudddudruurduuddddudddud"
"kt1_0019";"";"Kansantanssit";"Nuotti-kirja";"";"Samuel Rinda-Nickola";"1809";"23";"3/4";"C";"-()";"";"";"";"";"Nämä 18. ja 19. ovat sama laulu.";"";"";"+1-5+0+2+2+1+2+1+2-2-1-2+0+0-1-4+4+3-3-4+4+3-3-4+4+3-3+6-2-1+1+0-1-2-1+1-5+0+2+2+1+2+1+2-2-1-2+0+0-1-4+4+3-3-4+4+3-3-4+4+3-3+6-2-1+1+0-1-2+7+0-2+2-5+1+4-2+2-2-3+1+0-1+1+4+0+2-2-2+2-4-1-2+3-1-2-1+1-12+19+0-2+2-5+1+4-2+2-2-3+1+0-1+1+4+0+2-2-2+2-4-1-2+3-1-2-1+1-12+14+1-5-2-1-2-2+0-1+0+1+16+0+1-1-2+2-4+0-1-2+3-1-2-1+0+1+7+0-2+2-5+1+4-2+2-2-3+1+0-1+1+4+0+2-2-2+2-4-1-2+3-1-2-1+1-12+14+1-5-2-1-2-2+0-1+0+1+16+0+1-1-2+2-4+0-1-2+3-1-2-1+0+1+7+0-2+2-5+1+4-2+2-2-3+1+0-1+1+4+0+2-2-2+2-4-1-2+3-1-2-1+1-12";"udruuuuuudddrrdduudduudduududdurdddudruuuuuudddrrdduudduudduududdurddurduduududdurduuruddudddudddudurduduududdurduurudduddduddduduudddddrdruuruddudrddudddruurduduududdurduurudduddduddduduudddddrdruuruddudrddudddruurduduududdurduuruddudddudddud"
"kt1_0020";"";"Kansantanssit";"Nuotti-kirja";"";"Samuel Rinda-Nickola";"1809";"24";"3/4";"Bb";"-()";"";"";"";"";"nro 22 on vähän samanlainen.";"Menee c-mollissa";"";"+5-1+1+2+1+0-1-2+2+1-1+1+2+2-2-2-1-2-1+1-1-2-2-2-2-1+1-1-2-1+1+2+0+1+2-2-1-2-1+1+2-3-4+12+2+2+1+3-1-2+2+1+6-2-2+0+2-8+1+2+1+2-2-1+0+1-3+3-1-2-1+1-12+7+5-1+1+2+1+0-1-2+2+1-1+1+2+2-2-2-1-2-1+1-1-2-2-2-2-1+1-1-2-1+1+2+0+1+2-2-1-2-1+1+2-3-4+12+2+2+1+3-1-2+2+1+6-2-2+0+2-8+1+2+1+2-2-1+0+1-3+3-1-2-1+1-12+14+1+2+0+2+0+2-2+0-2+0+2+0-2-2-1+0+1+0+2+2+2-2-2-2-1+3-2-1-2+0-1+1+2-2-1-4+7+1+2+0+2+0+2-2+0-2+0+2+0-2-2-1+0+1+0+2+2+2-2-2-2-1+3-2-1-2+0-1+1+2-2-1-4+7+1+2+2+0+2-2+0+2-2-2+0-2+0+2+2+0-2-2+2-2-1+1+0+2+2+2-2-2-2-1+3-2-1+1-1-2-1+1-12+14+1+2+2+0+2-2+0+2-2-2+0-2+0+2+2+0-2-2+2-2-1+1+0+2+2+2-2-2-2-1+3-2-1+1-1-2-1+1-12";"uduuurdduuduuudddddudddddduddduuruudddduudduuuuudduuuddruduuuuddrududdduduuduuurdduuduuudddddudddddduddduuruudddduudduuuuudduuuddruduuuuddrududdduduuururudrdrurdddruruuuddddudddrduuddduuururudrdrurdddruruuuddddudddrduuddduuuurudruddrdruurddudduruuuddddudduddduduuuurudruddrdruurddudduruuudddduddudddud"
"kt1_0021";"Närböläisten braa speli";"Kansantanssit";"Nuotti-kirja";"";"Samuel Rinda-Nickola";"1809";"26";"3/4";"C";"-()";"";"";"";"";"";"";"";"+5+0-5-2-1-2-2+2+2+1+2+0-2-1+1+2-3-9+19+2-2+2+1+2-2-1-2+2-4+0-1+1+2-2-1-2-2+2+2-4+5+0-5-2-1-2-2+2+2+1+2+0-2-1+1+2-3-9+19+2-2+2+1+2-2-1-2+2-4+0-1+1+2-2-1-2-2+2+2-4+5+0-5-2-1-2-2+2+2+1+2+0-2-1+1+2-3-9+19+2-2+2+1+2-2-1-2+2-4+4-2-2-1+1-12+7+5+0-5-2-1-2-2+2+2+1+2+0-2-1+1+2-3-9+19+2-2+2+1+2-2-1-2+2-4+4-2-2-1+1-12+16-2-2-1+1+2+2+0-2-2+4-2-2-1+1-10+2+0+1-3+0+2-4+4+1-1-2-2-1+1+2-3-4+21+1-1-2-2-1+1+2+2+0-2-2+0+2+2+1+2+0+2-2-2+2-5+2-4+4-2-2-1+1-12+16-2-2-1+1+2+2+0-2-2+4-2-2-1+1-10+2+0+1-3+0+2-4+4+1-1-2-2-1+1+2-3-4+21+1-1-2-2-1+1+2+2+0-2-2+0+2+2+1+2+0+2-2-2+2-5+2-4+4-2-2-1+1-12";"urddddduuuurdduudduuduuudddudrduudddduudurddddduuuurdduudduuduuudddudrduudddduudurddddduuuurdduudduuduuudddududdduduurddddduuuurdduudduuduuudddududddududdduuurddudddudurudruduudddduudduudddduuurddruuuuruddudududddududdduuurddudddudurudruduudddduudduudddduuurddruuuuruddudududddud"
"kt1_0022";"";"Kansantanssit";"Nuotti-kirja";"";"Samuel Rinda-Nickola";"1809";"27";"3/4";"Bb";"-()";"";"";"";"";"nro 20 on vähän samanlainen.";"Menee c-mollissa";"";"+5-1+1+2+1+0-1-2+2+1-1+1+2-2+0-1-2-1+1+2-3+0+0-4+5-1+1+2+1+0-1-2+2+1-1+1+2-2+0-1-2-1+1+2-3+0+0+3+3+0-2+2-2-1-2-1-2-2-2+0-2+16-2-2-1+1-1-2+5+0-2-1-2+0-1+0+0+0+3+3+0-2+2-2-1-2-1-2-2-2+0-2+16-2-2-1+1-1-2+5+0-2-1-2+0-1+0+0+0";"uduuurdduuduudrddduudrrduduuurdduuduudrddduudrruurdudddddddrduddduddurdddrdrrruurdudddddddrduddduddurdddrdrrr"
"kt1_0023";"Eliaxen speli";"Kansantanssit";"Nuotti-kirja";"";"Samuel Rinda-Nickola";"1809";"27";"3/4";"g";"-()";"";"";"";"";"Nro 31 lähes samanlainen.";"";"";"-1+1+2-2-5+0+5+4-2-2-1+1-5-2-3+1+4-2-2-1+3-2-1-2+3+0-1-2-1+1-12+24-1+1+2-2-5+0+5+4-2-2-1+1-5-2-3+1+4-2-2-1+3-2-1-2+3+0-1-2-1+1-12+15-1+1+2+2-2-2-1-2+12+3-10+2-2-2+0-1+1+2+2-2-2-1+1-3+3-1-2-1+1-12+15-1+1+2+2-2-2-1-2+12+3-10+2-2-2+0-1+1+2+2-2-2-1+1-3+3-1-2-1+1-12";"duuddruuddduddduudddudddurdddududuuddruuddduddduudddudddurdddududuuudddduududdrduuudddududddududuuudddduududdrduuudddududddud"
"kt1_0024";"";"Kansantanssit";"Nuotti-kirja";"";"Samuel Rinda-Nickola";"1809";"28";"3/4";"C";"-()";"";"";"";"";"";"Menee d-mollissa.";"";"+1+2+1-1-2-1+1+2+5+0-2+2-4-1-3+0+1+2+1-1-2-1+1+2+5-2+2+2-2-12+4+1+2+1-1-2-1+1+2+5+0-2+2-4-1-3+0+1+2+1-1-2-1+1+2+5-2+2+2-2-12+10+2-12+0+12+2-2-2-2+0+2-12+0+12+2-2-2-1+0+1+0-1-2+2+1+2-2-1-2-1+1+2-3+0+0+6+2-12+0+12+2-2-2-2+0+2-12+0+12+2-2-2-1+0+1+0-1-2+2+1+2-2-1-2-1+1+2-3+0+0+6+2-12+0+12+2-2-2-2+0+2-12+0+12+2-2-2-1+0+1+6-2-2-2-1-2+3-1-2-1+1-12+17+2-12+0+12+2-2-2-2+0+2-12+0+12+2-2-2-1+0+1+6-2-2-2-1-2+3-1-2-1+1-12";"uuuddduuurdudddruuuddduuuduudduuuuddduuurdudddruuuddduuuduudduudruudddrudruudddrurdduuudddduudrruudruudddrudruudddrurdduuudddduudrruudruudddrudruudddruuddddduddduduudruudddrudruudddruudddddudddud"
"kt1_0025";"";"Kansantanssit";"Nuotti-kirja";"";"Samuel Rinda-Nickola";"1809";"29";"3/4";"C";"-()";"";"";"";"";"";"";"";"+5-1+0+1+2+0+0+2+3+0-2+2-3+0-2-2-1+1+2-3+0+0+0-4+5-1+0+1+2+0+0+2+3+0-2+2-3+0-2-2-1+1+2-3+0+0+0-4-3-2+3-1-2+12+2-2+2+1-3+0+2-9-3-2+3-1-2+12+2-2+2+1-1+0+1+2+0-2+2-8+0+1+2+2+0-2-2-1+1-12+7-3-2+3-1-2+12+2-2+2+1-3+0+2-9-3-2+3-1-2+12+2-2+2+1-1+0+1+2+0-2+2-8+0+1+2+2+0-2-2-1+1-12";"udruurruurdudrddduudrrrdudruurruurdudrddduudrrrdddudduuduudrudddudduuduudruurdudruuurdddududdudduuduudrudddudduuduudruurdudruuurdddud"
"kt1_0026";"Kamari maija";"Kansantanssit";"Nuotti-kirja";"";"Samuel Rinda-Nickola";"1809";"29";"3/4";"C";"-()";"";"";"";"";"";"";"";"+2-2+2+1+2+0-3+0+3+2-2-2+2-2-1+0+0-2-2+2+2+1+0-3+0+3+2-2-3+2+0-4+0+2+2-2+2+1+2+0-3+0+3+2-2-2+2-2-1+0+0-2-2+2+2+1+0-3+0+3+2-2-3+2+0-4+0+0+2+2-2-2+0-1+0+1+0+2+0+2-2+2+3-2-1-2-2+0-1+1+2+2-2-2-1+0+0+1+0+2+2-2-2+0-1+0+1+0+2+0+2-2+2+3-2-1-2-2+0-1+1+2+2-2-2-1+0+0+1";"uduuurdruudduddrrdduuurdruuddurdruuduuurdruudduddrrdduuurdruuddurdrruuddrdrururuduuddddrduuudddrruruuddrdrururuduuddddrduuudddrru"
"kt1_0027";"Yxi kaunis papillinen polska";"Kansantanssit";"Nuotti-kirja";"";"Samuel Rinda-Nickola";"1809";"30";"3/4";"F";"-()";"";"";"";"";"";"";"";"+5+0-2+2-2-2-1+1+2+2+0-2+0+2+2+1+2+2-9-2-1-2+2+1+2-2-1-2-2-1-2-2+0+5+4-4-5+5+4-4-5+5+4-4+4+1-1-2+2-2-2+0-5+5+4-4-5+5+4-4-5+5+4-4+4+1-1-2+2-2-2+0+4+1-1+1+2+2-2+2+2+1-5-3+1-1-2-2-1+3+2+0+5+0-2+2-2-2-1+1+2+2+0-2+0+2+2+1+2+2-9-2-1-2+2+1+2-2-1-2-2-1-2-2+0+5+4-4-5+5+4-4-5+5+4-4+4+1-1-2+2-2-2+0-5+5+4-4-5+5+4-4-5+5+4-4+4+1-1-2+2-2-2+0+4+1-1+1+2+2-2+2+2+1-5-3+1-1-2-2-1+3+2+7+5+0-2+2-2-2-1+1+2+2+0-2-3+1+5-1-2-2-1-2-2-2+2+2+0-2+0-2-3+0+5+4-4-5+5+4-4-5+5+4-4+4+1-1-2+2-2-2+0-5+5+4-4-5+5+4-4-5+5+4-4+4+1-1-2+2-2-2+0+4+1-1+5-2+0-2-1-4+4+1-1-2-2-1+3+0-2+4+5+0-2+2-2-2-1+1+2+2+0-2-3+1+5-1-2-2-1-2-2-2+2+2+0-2+0-2-3+0+5+4-4-5+5+4-4-5+5+4-4+4+1-1-2+2-2-2+0-5+5+4-4-5+5+4-4-5+5+4-4+4+1-1-2+2-2-2+0+4+1-1+5-2+0-2-1-4+4+1-1-2-2-1+3+0-2-1+1+4+1-1-2-2+2+0+8+0-8+0-2-2+2+9+0-9+0-2-1+1+4-2-2-1-2-2-1-2-2+0+5+4-4-5+5+4-4-5+5+4-4+4+1-1-2+2-2-2+0-5+5+4-4-5+5+4-4-5+5+4-4+4+1-1-2+2-2-2+0+4+1-1+1+2+2-2+2+2+1-5-3+1-1-2-2-1+3+0+2+2+1+4+1-1-2-2+2+0+8+0-8+0-2-2+2+9+0-9+0-2-1+1+4-2-2-1-2-2-1-2-2+0+5+4-4-5+5+4-4-5+5+4-4+4+1-1-2+2-2-2+0-5+5+4-4-5+5+4-4-5+5+4-4+4+1-1-2+2-2-2+0+4+1-1+1+2+2-2+2+2+1-5-3+1-1-2-2-1+3+0+2";"urduddduuurdruuuuudddduuudddddddruudduudduuduudduddrduudduudduuduudduddruuduuuduuuddudddduururduddduuurdruuuuudddduuudddddddruudduudduuduudduddrduudduudduuduudduddruuduuuduuuddudddduuuurduddduuurdduuddddddduurdrddruudduudduuduudduddrduudduudduuduudduddruududrddduuddddurduurduddduuurdduuddddddduurdrddruudduudduuduudduddrduudduudduuduudduddruududrddduuddddurdduuudddururdrdduurdrdduuddddddddruudduudduuduudduddrduudduudduuduudduddruuduuuduuuddudddduruuuuudddururdrdduurdrdduuddddddddruudduudduuduudduddrduudduudduuduudduddruuduuuduuuddudddduru"
"kt1_0028";"";"Kansantanssit";"Nuotti-kirja";"";"Samuel Rinda-Nickola";"1809";"32";"3/4";"C";"-()";"";"";"";"";"";"";"";"+5+4-4+4+3-3+3+4+1-8+0+1-1+0-4+4+3-2-1-2+2+1-1-2-2+0-1-2-2+0+5+4-4+4+3-3+3+4+1-8+0+1-1+0-4+4+3-2-1-2+2+1-1-2-2+0-1-2-2+0+5+4-4+4+3-3+3+4+1-8+0+1-1+0-4+4+3-2-1+0+1-3+2+1+0+0-10+5+4-4+4+3-3+3+4+1-8+0+1-1+0-4+4+3-2-1+0+1-3+2+1+0+0+9-2-1+1+2-2-1-2-2-2-1+0-4+2+0+3-1-4+5-1+1+2-2-1+1-3+12-2-1+1+2-2-1-2-2-2-1+0-4+2+0+3-1-4+5-1+1+2-2-1+1-3+10-1+1+2-2-1-2-2-2-1+0-4+2+0+3-1-4+4+1-3+2+1+0+0+7-1+1+2-2-1-2-2-2-1+0-4+2+0+3-1-4+4+1-3+2+1+0+0";"uuduuduuudrudrduuddduudddrdddruuduuduuudrudrduuddduudddrdddruuduuduuudrudrduuddruduurrduuduuduuudrudrduuddruduurrudduuddddddrdurudduduuddududduuddddddrdurudduduuddududuuddddddrdurudduuduurruduuddddddrdurudduuduurr"
"kt1_0029";"Matts Näsi";"Kansantanssit";"Nuotti-kirja";"";"Samuel Rinda-Nickola";"1809";"33";"3/4";"C";"-()";"";"";"";"";"";"";"";"+2+0-3+1-1+1-3+0+3+2+0-3+1-1+1-3+0-5+3+0-3+2-2+2-4+0+2+3+0-3+2-2+2-4+0+10+2+0-3+1-1+1-3+0+3+2+0-3+1-1+1-3+0-5+3+0-3+2-2+2-4+0+2+3+0-3+2-2+2-4+0-5+5+0+2-2+2+3+0-1-2-2+5+0-3+2+0+0-2-2+0+2-2+2+3+0-1-2-2+5+0-3+2+0+0-2+5+0+2-2+2+1+2+0-8+1-3+2-4+0+0-5+5+0+2-2+2+3+0-1-2-2+5+0-3+2+0+0-2-2+0+2-2+2+3+0-1-2-2+5+0-3+2+0+0-2+5+0+2-2+2+1+2+0-8+1-3+2-4+0+0-5+2-2+2-4+4-4+4-5-4+14+3+0-3+2+0-4+2+0-7+2-2+2-4+4-4+4-5-4+14+3+0-3+2+0-4+2+0+5+0+2-2+2+1+2+0-8+1-3+2-4+0+0-5+2-2+2-4+4-4+4-5-4+14+3+0-3+2+0-4+2+0-7+2-2+2-4+4-4+4-5-4+14+3+0-3+2+0-4+2+0+5+0+2-2+2+1+2+0-8+1-3+2-4+0+0";"urdududruurdududrdurdududruurdududruurdududruurdududrdurdududruurdududrduruduurdddurdurrddruduurdddurdurrduruduuurdududrrduruduurdddurdurrddruduurdddurdurrduruduuurdududrrdududududduurdurdurdududududduurdurdururuduuurdududrrdududududduurdurdurdududududduurdurdururuduuurdududrr"
"kt1_0030";"";"";"";"";"";"";"";"";"";"-()";"";"";"";"";"";"";"";"";""
"kt1_0031";"Elia";"Kansantanssit";"Nuotti-kirja";"";"Samuel Rinda-Nickola";"1809";"36";"3/4";"g";"-()";"";"";"";"";"Nro 23 lähes samanlainen.";"";"";"+1+0+2-2+0+2-2+0+0+2-2+0+3-1-2-1+1-5+0+1-1-2-2-1+1-3+3-1-2-1+1-12+23+1+0+2-2+0+2-2+0+0+2-2+0+3-1-2-1+1-5+0+1-1-2-2-1+1-3+3-1-2-1+1-12+15+0-1-2+2+1-1-2+2+1+0+4+0+0-2-2-1+0+1-1+0+1-3+2+1+2-2-1-2-1+1+2-2-1+0+0+3+1-1-2+2+1-1-2+2+1+0+4+0+0-2-2-1+0+1+0-1-2-1+1+12+0+0+3-1-2-1+3-2-9+0-1-2+2+1-1-2+2+1+0+4+0+0-2-2-1+0+1-1+0+1-3+2+1+2-2-1-2-1+1+2-2-1+0+0+3+1-1-2+2+1-1-2+2+1+0+4+0+0-2-2-1+0+1+0-1-2-1+1+12+0+0+3-1-2-1+3-2";"urudrudrrudrudddudruddddududdduduurudrudrrudrudddudruddddududddudurdduudduururrdddrudruduuudddduuddrruudduudduururrdddrurddduurruddduddrdduudduururrdddrudruduuudddduuddrruudduudduururrdddrurddduurrudddud"
"kt1_0032";"Elia";"Kansantanssit";"Nuotti-kirja";"";"Samuel Rinda-Nickola";"1809";"37";"3/4";"C";"-()";"";"";"";"";"";"";"";"-2-12+0+0+0+12+5+2+2+1-1-2+2-4+5+0+2-2-1-2+2+0+0-2-2-1+1+2-3-4+2-2-12+0+0+0+12+5+2+2+1-1-2+2-4+5+0+2-2-1-2+2-4+4-2-2-1+1-12+9-2-12+0+0+0+12+5+2+2+1-1-2+2-4+5+0+2-2-1-2+2+0+0-2-2-1+1+2-3-4+2-2-12+0+0+0+12+5+2+2+1-1-2+2-4+5+0+2-2-1-2+2-4+4-2-2-1+1-12+17-1-4+2+2+3-2-3+0+2+1-1+3-10+5-2+0-1-2+2+1-1-2-2+0+2+2+1+2+2+1+0-1+3-3-4+2+3-3-3+0+1+0+5-1-4+2+2+3-2-3+0+2+1-1+3-10+5-2+0-1-2+2+1-1-2-2+0+2+2+1+2+2+1+0-1+3-3-4+2+3-3-3+0+1+0";"ddrrruuuuuddudurudddurrddduudduddrrruuuuuddudurudddududddududdrrruuuuuddudurudddurrddduudduddrrruuuuuddudurudddududddududduuuddruudududrdduudddruuuuuurdudduuddrurudduuuddruudududrdduudddruuuuuurdudduuddrur"
"kt1_0033";"";"Kansantanssit";"Nuotti-kirja";"";"Samuel Rinda-Nickola";"1809";"38";"3/4";"C";"-()";"";"";"";"";"";"";"";"+4+3-7+0+4+3+5-1+1+2-3+3+2+0-2+2+3-2-1-2-2-1+1+2+2-2-2-1-2-2-2-1-2-2+4+3-7+0+4+3+5-1+1+2-3+3+2+0-2+2+3-2-1+0-2-2+4-2-2-1+1-12+0+4+3-7+0+4+3+5-1+1+2-3+3+2+0-2+2+3-2-1-2-2-1+1+2+2-2-2-1-2-2-2-1-2-2+4+3-7+0+4+3+5-1+1+2-3+3+2+0-2+2+3-2-1+0-2-2+4-2-2-1+1-12+7+4+3-3-4+4+3-3-4+4+3-3-4+12+0-2-1+0+1-10+4+3-3-4+4+3-3-4+4+3-3-4+10+0-1-2+0+2-16+4+3-7+0+4+3+5-1+1+2-3+3+2+0-2+2+3-2-1+0-2-2+4-2-2-1+1-12+7+4+3-3-4+4+3-3-4+4+3-3-4+12+0-2-1+0+1-10+4+3-3-4+4+3-3-4+4+3-3-4+10+0-1-2+0+2-16+4+3-7+0+4+3+5-1+1+2-3+3+2+0-2+2+3-2-1+0-2-2+4-2-2-1+1-12";"uudruuuduuduurduuddddduuuddddddddduudruuuduuduurduuddrddudddudruudruuuduuduurduuddddduuuddddddddduudruuuduuduurduuddrdduddduduuudduudduuddurddruduudduudduuddurddruduudruuuduuduurduuddrdduddduduuudduudduuddurddruduudduudduuddurddruduudruuuduuduurduuddrddudddud"
"kt1_0034";"Lijsan bolsk";"Kansantanssit";"Nuotti-kirja";"";"Samuel Rinda-Nickola";"1809";"39";"3/4";"C";"-()";"";"";"";"";"";"";"";"+2+2+1+0+0-3+2+3-3-4+2-2-5+2+0+1+0+0-3+2+3-3-4+2-2+7+2+2+1+0+0-3+2+3-3-4+2-2-5+2+0+1+0+0-3+2+3-3-4+2-2+17-1+0+0-2+2+0+1+0-1+1-1-2+0+5+0-2-1-2+2+1+0-1+1-1-2+0+5-5+2-2-2+0-1-4+2-2-1+0+1+10-1+0+0-2+2+0+1+0-1+1-1-2+0+5+0-2-1-2+2+1+0-1+1-1-2+0+5-5+2-2-2+0-1-4+2-2-1+0+1";"uuurrduudduddururrduudduduuuurrduudduddururrduuddududrrdururduddrurddduurduddrududdrdduddruudrrdururduddrurddduurduddrududdrdduddru"
"kt1_0035";"Kahman Antti";"Kansantanssit";"Nuotti-kirja";"";"Samuel Rinda-Nickola";"1809";"39";"3/4";"C";"-()";"";"";"";"";"";"Menee d-mollissa.";"";"-1+1+2-2-5+2+2+1-1+1+2-2-5+2+2+4+2-2-1-2-1-2+2-4+5-1+1+2-2-5+2+2+1-1+1+2-2-5+2+2-4+5+5-2-1+1-3+2-2-1+1-12+12-1+1+2-2-5+2+2+1-1+1+2-2-5+2+2+4+2-2-1-2-1-2+2-4+5-1+1+2-2-5+2+2+1-1+1+2-2-5+2+2-4+5+5-2-1+1-3+2-2-1+1-12+14+1+0-1-2-1+1+2+0-2-1-2+2-4+7+0+1-1-2-1+1+2+1-1-2-1-2+2-4+0+8+2-2-1+1-3+2-2-1-2+2-4+0+8+2-2-1+1-3+3-1-2-1+1-12+14+1+0-1-2-1+1+2+0-2-1-2+2-4+7+0+1-1-2-1+1+2+1-1-2-1-2+2-4+0+8+2-2-1+1-3+2-2-1-2+2-4+0+8+2-2-1+1-3+3-1-2-1+1-12";"duudduuuduudduuuudddddududuudduuuduudduuduuddududdududuudduuuduudduuuudddddududuudduuuduudduuduuddududduduurddduurddduduruddduuuddddudruuddududddudruuddududdduduurddduurddduduruddduuuddddudruuddududddudruuddududddud"
"kt1_0036";"";"Kansantanssit";"Nuotti-kirja";"";"Samuel Rinda-Nickola";"1809";"40";"3/4";"C";"-()";"";"";"";"";"";"";"";"+1+4-2-2-1+1-5-3-4+19+2-2-2-1-2+0-2-1+3-2-1+1+4-2-2-1+1-5-3-4+19+2-2-2-1-2+0-2-1+3-2+7-2+2+2-2+0-2-1-2+1-1-2-1+1-5-4-3+19-2+2+2-2+0-2-1-2+1-1-2-1+3-2+7-2+2+2-2+0-2-1-2+1-1-2-1+1-5-4-3+19-2+2+2-2+0-2-1-2+1-1-2-1+3-2";"uuddduddduuddddrddudduuddduddduuddddrddududuudrddduddduddduduudrdddudddududuudrddduddduddduduudrdddudddud"
"kt1_0037";"";"Kansantanssit";"Nuotti-kirja";"";"Samuel Rinda-Nickola";"1809";"41";"3/4";"G";"-()";"";"";"";"";"";"";"";"-2-3+0-2+0-2-1+1+2-3+0-4-5+5+0-1+1+2+2+2+1-1+5-2-2-1+0+1+5-1+1-3+0+0-2-2-1+1+2-2-1-4-5+5+0-1+1+2+2+2+1-1+5-2-2-1+0+1+7-2-3+0-2+0-2-1+1+2-3+0-4-5+5+0-1+1+2+2+2+1-1+5-2-2-1+0+1+5-1+1-3+0+0-2-2-1+1+2-2-1-4-5+5+0-1+1+2+2+2+1-1+5-2-2-1+0+1-3+3+0-2-1+0+1-3+3+0-1-2+0+2+0+3+0-2-1+0+1-3+3+0-1-2+0+2-4+2+2+1+2+2+2+1-8+0+1-3+2-4+0+0+4+3+0-2-1+0+1-3+3+0-1-2+0+2+0+3+0-2-1+0+1-3+3+0-1-2+0+2-4+2+2+1+2+2+2+1-8+0+1-3+2-4+0+0";"ddrdrdduudrddurduuuuududddruududrrddduuddddurduuuuududddruuddrdrdduudrddurduuuuududddruududrrddduuddddurduuuuududddrudurddrudurddrururddrudurddruduuuuuuudrududrruurddrudurddrururddrudurddruduuuuuuudrududrr"
"kt1_0038";"";"Kansantanssit";"Nuotti-kirja";"";"Samuel Rinda-Nickola";"1809";"41";"3/4";"G";"-()";"";"";"";"";"";"";"";"+1-5+2+3-1+1+2-3+1+0-5+2+0+3-1+1+2-3+1-5+2-4-1-4+4-2-2-1+1-5-3-4+23+1-5+2+3-1+1+2-3+1+0-5+2+0+3-1+1+2-3+1-5+2-4-1-4+4-2-2-1+0+0+1+11+1-5+2+3-1+1+2-3+1+0-5+2+0+3-1+1+2-3+1-5+2-4-1-4+4-2-2-1+1-5-3-4+23+1-5+2+3-1+1+2-3+1+0-5+2+0+3-1+1+2-3+1-5+2-4-1-4+4-2-2-1+0+0+1+0+2+2+1+2+0-1+1+2+2+1-5+0-2-1+0+1-3+2+1+0+0-1+1+4-4+0-1-2+0+2-4+2+2+1+2+0-1+1+2+2+1-5+0-2-1+0+1-3+2+1+0+0-1+1+4-4+0-1-2+0+2+7+1-5+2+3-1+1+2-3+1+0-5+2+0+3-1+1+2-3+1-5+2-4-1-4+4-2-2-1+0+0+1+0+2+2+1+2+0-1+1+2+2+1-5+0-2-1+0+1-3+2+1+0+0-1+1+4-4+0-1-2+0+2-4+2+2+1+2+0-1+1+2+2+1-5+0-2-1+0+1-3+2+1+0+0-1+1+4-4+0-1-2+0+2+7+1-5+2+3-1+1+2-3+1+0-5+2+0+3-1+1+2-3+1-5+2-4-1-4+4-2-2-1+0+0+1";"uduuduudurduruduudududdduddduddduuduuduudurduruduudududddudddrruuuduuduudurduruduudududdduddduddduuduuduudurduruduudududddudddrruruuuurduuuudrddruduurrduudrddruduuuurduuuudrddruduurrduudrddruuuduuduudurduruduudududddudddrruruuuurduuuudrddruduurrduudrddruduuuurduuuudrddruduurrduudrddruuuduuduudurduruduudududddudddrru"
"kt1_0039";"";"Kansantanssit";"Nuotti-kirja";"";"Samuel Rinda-Nickola";"1809";"43";"3/4";"C";"-()";"";"";"";"";"";"Menee d-mollissa, välillä A-duurissa.";"";"+4+1+0+2+1+0-1-2+3-1-2-1+0+1-5+0+4+0+1+2+1+0-1-2+3-1-2-1+0+1-5+4+1+0+2+1+0-1-2+3-1-2-1+0+1-5+0+4+0+1+2+1+0-1-2+3-1-2-1+0+1-5+24+0-1-3+3+1-24+24+0-1-3+3+1+0-1+1+2-2-1-3+0-1-2-1+1+2+1+0-1-2-1+1-12-5+24+0-1-3+3+1-24+24+0-1-3+3+1+0-1+1+2-2-1-3+0-1-2-1+1+2+1+0-1-2-1+1-12+7+0-1+1+2+0+2+0-2+2+1-1-2+2-4+0-1+1+2+2-4+4-2-2-1+1-5-3-4+12+0-1+1+2+0+2+0-2+2+1-1-2+2-4+0-1+1+2+2-4+4-2-2-1+0+0+1+0+2+2+1+2+2-2-2+2+1+3-3+3+1-5+1-3+3-1-2-1+4-1-2-1+1-12+7+0-1+1+2+0+2+0-2+2+1-1-2+2-4+0-1+1+2+2-4+4-2-2-1+1-5-3-4+12+0-1+1+2+0+2+0-2+2+1-1-2+2-4+0-1+1+2+2-4+4-2-2-1+0+0+1+0+2+2+1+2+2-2-2+2+1+3-3+3+1-5+1-3+3-1-2-1+4-1-2-1+1-12";"uuruurddudddrudruruuurddudddruduuruurddudddrudruruuurddudddrudurdduudurdduurduudddrddduuurddduddurdduudurdduurduudddrddduuurdddudurduururduuddudrduuududddudddurduururduuddudrduuududddrruruuuuudduuuduudududddudddudurduururduuddudrduuududddudddurduururduuddudrduuududddrruruuuuudduuuduudududddudddud"
"kt1_0040";"";"Kansantanssit";"Nuotti-kirja";"";"Samuel Rinda-Nickola";"1809";"44";"3/4";"C";"-()";"";"";"";"";"Nämä 40. ja 41. ovat sama laulu, eri sävellaji.";"";"";"+2+2-2-2+0-1-2+2+1-1-2+0-2-2-1+1+2+2-2-2-1+1+2+2-2+0-2+0-1+0+8+2+2-2-2+0-1-2+2+1-1-2+0-2-2-1+1+2+2-2-2-1+1+2+2-2+0-2+0-1+0+3-2+2+2-2+2+3-1+1-3-2-2+2+2+0+2-4+0+0-2+2+2-2+2+3-1+1-3-2-2+2+2+0+2-4+0+0+2+2+1+2+2+1-1-2-2+4-2-2-1+1-12+7-2+2+2-2+2+3-1+1-3-2-2+2+2+0+2-4+0+0-2+2+2-2+2+3-1+1-3-2-2+2+2+0+2-4+0+0+2+2+1+2+2+1-1-2-2+4-2-2-1+1-12";"uuddrdduuddrddduuuddduuudrdrdruuuddrdduuddrddduuuddduuudrdrdruduuduududdduurudrrduuduududdduurudrruuuuuudddudddududuuduududdduurudrrduuduududdduurudrruuuuuudddudddud"
"kt1_0041";"";"Kansantanssit";"Nuotti-kirja";"";"Samuel Rinda-Nickola";"1809";"45";"3/4";"F";"-()";"";"";"";"";"Nämä 40. ja 41. ovat sama laulu, eri sävellaji.";"";"";"-1+1+4-2-2-1+1+2+2-4-1-2+0-2+0-2-1+1+2+2-2-2-1+1+2+2-2+0-2+0-1+0+8-1+1+4-2-2-1+1+2+2-4-1-2+0-2+0-2-1+1+2+2-2-2-1+1+2+2-2+0-2+0-1+0+3-2+2+2-2+2+3-1+1-3-2-2+2+2+0+2-4+0+0-2+2+2-2+2+3-1+1-3-2-2+2+2+0+2-4+0+0+2+2+1+2+2+1-1-2-2+4-2-2-1+0+3-2-5-2+2+2-2+2+3-1+1-3-2-2+2+2+0+2-4+0+0-2+2+2-2+2+3-1+1-3-2-2+2+2+0+2-4+0+0+2+2+1+2+2+1-1-2-2+4-2-2-1+0+3-2";"duuddduuudddrdrdduuuddduuudrdrdruduuddduuudddrdrdduuuddduuudrdrdruduuduududdduurudrrduuduududdduurudrruuuuuudddudddruddduuduududdduurudrrduuduududdduurudrruuuuuudddudddrud"
"kt1_0042";"";"Kansantanssit";"Nuotti-kirja";"";"Samuel Rinda-Nickola";"1809";"45";"3/4";"D";"-()";"";"";"";"";"";"";"";"-1-2+2+0+1+0+2+2-2-2-1+1-1-2-2+4-2-4+4-4+4+3-1-2-2+0-2-1-2+2-4+0+4+1-1-2-2+2-3+0+3+0+15+0-1-2+2+1-1-2+2-4+4-2-2-1+1-12+12-1-2+2+0+1+0+2+2-2-2-1+1-1-2-2+4-2-4+4-4+4+3-1-2-2+0-2-1-2+2-4+0+4+1-1-2-2+2-3+0+3+0+15+0-1-2+2+1-1-2+2-4+4-2-2-1+1-12+19-2-1+1+2+0+2-4+0-1-2+2+1+2-2-1+1+2-2-1-2-2+0-1-2-2+0-2-1-2+2+0+0+0+3-2-1-2+0+0+0+0+0+15+0-1-2+2+1-1-2+2-4+4-2-2-1+1-12+19-2-1+1+2+0+2-4+0-1-2+2+1+2-2-1+1+2-2-1-2-2+0-1-2-2+0-2-1-2+2+0+0+0+3-2-1-2+0+0+0+0+0+15+0-1-2+2+1-1-2+2-4+4-2-2-1+1-12";"ddururuudddudddudduduudddrdddudruudddudrururdduuddududddududdururuudddudddudduduudddrdddudruudddudrururdduuddududddududduurudrdduuudduuddddrdddrdddurrrudddrrrrrurdduuddududddududduurudrdduuudduuddddrdddrdddurrrudddrrrrrurdduuddududddud"
"kt1_0043";"";"Kansantanssit";"Nuotti-kirja";"";"Samuel Rinda-Nickola";"1809";"46";"3/4";"D";"-()";"";"";"";"";"";"";"";"-2-2-1+1-5-3-4+16-2-2-1+1-5-3-4+16-2+2+1+2-2-1-2-2+2+2+0-2-2-1+1-12+16-2-2-1+1-5-3-4+16-2-2-1+1-5-3-4+16-2+2+1+2-2-1-2-2+2+2+0-2-2-1+1-12+12+4+0-4+4-4+4-4+4-4+4-2+3-3+3-3+3-3+3+0-1-2-2+4+0-4+4-4+4-4+4-4+4-2+3-3+3-3+3-3+3+0-1-2-2+2+2+1+2+2-2-2+0-1-2-2+4-2-2-1+1-12+12+4+0-4+4-4+4-4+4-4+4-2+3-3+3-3+3-3+3+0-1-2-2+4+0-4+4-4+4-4+4-4+4-2+3-3+3-3+3-3+3+0-1-2-2+2+2+1+2+2-2-2+0-1-2-2+4-2-2-1+1-12";"ddduddduddduddduduuudddduurdddududdduddduddduddduduuudddduurddduduurdudududududududurdddurdudududududududurddduuuuuddrddduddduduurdudududududududurdddurdudududududududurddduuuuuddrdddudddud"
"kt1_0044";"";"Kansantanssit";"Nuotti-kirja";"";"Samuel Rinda-Nickola";"1809";"47";"3/4";"a";"-()";"";"";"";"";"";"";"";"+2+1+2+2+1+3+1-4+3+1+2-3-4+0-5+1+0+5-1-2-2-1-3+1+2+1+2+2+0+1+0-1-7+2+1+2+2+1+3+1-4+3+1+2-3-4+0-5+1+0+5-1-2-2-1-3+1+2+1+2+2+0+1+0-1-5+1+4-5+3-5+3+0-1-2-1+1-5-4-3+15+0+4-5+0+3-5+0+3+0-1-2-1+0+0+1+2+1+4-5+3-5+3+0-1-2-1+1-5-4-3+15+0+4-5+0+3-5+0+3+0-1-2-1+0+0+1+10-2+2+2-2+0-3+0+0+1-1-2+2+0-2-2+0+7-2+2+2-2+0-3+0-2+2+1-3+0+2-4+4+1+0-1-2+0-2-1-3+1+2+1+2+2+0+1+0-1-5+1+4-5+3-5+3+0-1-2-1+1-5-4-3+15+0+4-5+0+3-5+0+3+0-1-2-1+0+0+1+10-2+2+2-2+0-3+0+0+1-1-2+2+0-2-2+0+7-2+2+2-2+0-3+0-2+2+1-3+0+2-4+4+1+0-1-2+0-2-1-3+1+2+1+2+2+0+1+0-1-5+1+4-5+3-5+3+0-1-2-1+1-5-4-3+15+0+4-5+0+3-5+0+3+0-1-2-1+0+0+1";"uuuuuuuduuuddrduruddddduuuuururdduuuuuuuduuuddrduruddddduuuuururdduududurdddudddurudrudrurdddrruuuududurdddudddurudrudrurdddrruuduudrdrruddurddruduudrdrduudruduurddrddduuuuururdduududurdddudddurudrudrurdddrruuduudrdrruddurddruduudrdrduudruduurddrddduuuuururdduududurdddudddurudrudrurdddrru"
"kt1_0045";"";"Kansantanssit";"Nuotti-kirja";"";"Samuel Rinda-Nickola";"1809";"48";"3/4";"C";"-()";"";"";"";"";"";"";"";"+3+0-2+0-1+0+1+2+2-2-2+0-1+0+3+0-2+0-1+0+1+2+2-2-2-1+0+3+0-2+0-1+0+1+2+2-2-2+0-1+0+3+0-2+0-1+0+1+2+2-2-2-1-9+5+0+2+0+3-1-2+2-4+0+2-2+2+3+0-1+0+3-3+3-2-3+3-1-4+4-2-2-1+1-12+7+5+0+2+0+3-1-2+2-4+0+2-2+2+3+0-1+0+3-3+3-2-3+3-1-4+4-2-2-1+1-12";"urdrdruuuddrdrurdrdruuudddrurdrdruuuddrdrurdrdruuuddddururuddudruduurdrududdudduddduduururuddudruduurdrududduddudddud"
"kt1_0046";"";"Kansantanssit";"Nuotti-kirja";"";"Samuel Rinda-Nickola";"1809";"49";"3/4";"D";"-()";"";"";"";"";"";"";"";"+4-4+2+2+1+2+1-1-2+2-2-1-4+0+5-1-2-2+2+2+1+3-1-2-1+3-2-5+4-4+2+2+1+2+1-1-2+2-2-1-4+0+5-1-2-2+2+2+1+3-1-2-1+3-2+2+1-3+3-3+3+0-1-3+3-3+3+0+1-3+3-3+3-1-2-1-2+0-2+7+1-3+3-3+3+0-1-3+3-3+3+0+1-3+3-3+3-1-2-1-2+0-2+7+1-3+2+1-3+2+1+0-1-3+3-12+9+3-12+12+1-3+2+1-3+2+1-1-2-1-2+2+0+3+1-3+2+1-3+2+1+0-1-3+3-12+9+3-12+12+1-3+2+1-3+2+1-1-2-1-2+2+0";"uduuuuuddudddruddduuuudddudduduuuuuddudddruddduuuuddduduududurddudurudududdddrduududurddudurudududdddrduuduuduurdduduuduuduuduudddduruuduuduurdduduuduuduuduuddddur"
"kt1_0047";"";"Kansantanssit";"Nuotti-kirja";"";"Samuel Rinda-Nickola";"1809";"50";"3/4";"F";"-()";"";"";"";"";"";"";"";"+1+4-4-1-2-2+0+2-2-2-1-2-2+0-1+1+2+2+0+1+2-2+2+2-2-5-3-4+16+1+4+0-4-1-2-2-2+2+2-2+0-2-1-2-2+4+0-4+4+0+3+5+4-2-3+3+0-2-1+1+4-4-1-2-2+0+2-2-2-1-2-2+0-1+1+2+2+0+1+2-2+2+2-2-5-3-4+16+1+4+0-4-1-2-2-2+2+2-2+0-2-1-2-2+4+0-4+4+0+3+5+4-2-3+3+0-2+0-12+12-12+12-12+14-15+15-15+15-15+12+1+4+0-4-1-2-2-2+2+2-2+0-2-1-2-2+4+0-4+4+0+3+5+0+4-2-3+3+0-2+0-12+12-12+12-12+14-15+15-15+15-15+12+1+4+0-4-1-2-2-2+2+2-2+0-2-1-2-2+4+0-4+4+0+3+5+0+4-2-3+3+0-2-4+1+3+0-1-2-1+0+1-5+1-1-2-2-1+1+16-17+15-17+15+0-1+1+2-2-1-2+0-1+0+1+2+1+2-2-1-2-1+0+1-5+1-1-2-2-1+1+16-17+15-17+15+0-1-2-1+0+0+1-1+1+3+0-1-2-1+0+1-5+1-1-2-2-1+1+16-17+15-17+15+0-1+1+2-2-1-2+0-1+0+1+2+1+2-2-1-2-1+0+1-5+1-1-2-2-1+1+16-17+15-17+15+0-1-2-1+0+0+1+2+3+0-2+2-2-1-2-1-2+2+1-1+0+8+0-2+2-4-1+1-1-2-1+0+1+2+1-1+1+2+2-2-2-1-2-1+1-5+1-1-2-2-1+1+16-17+15-17+15+0-1-2-1+0+0+1+2+3+0-2+2-2-1-2-1-2+2+1-1+0+8+0-2+2-4-1+1-1-2-1+0+1+2+1-1+1+2+2-2-2-1-2-1+1-5+1-1-2-2-1+1+16-17+15-17+15+0-1-2-1+0+0+1";"uuddddrudddddrduuuruuduudddduuurddddduudrddddurduruuuddurdduuddddrudddddrduuuruuduudddduuurddddduudrddddurduruuuddurdrdudududududuuurddddduudrddddurduruuruddurdrdudududududuuurddddduudrddddurduruuruddurdduurdddrududddduududurduudddrdruuuuddddrududddduududurdddrruduurdddrududddduududurduudddrdruuuuddddrududddduududurdddrruuurduddddduudrurduddudddruuuduuudddddududddduududurdddrruuurduddddduudrurduddudddruuuduuudddddududddduududurdddrru"
"kt1_0048";"Varpusen veisu";"Kansantanssit";"Nuotti-kirja";"";"Samuel Rinda-Nickola";"1809";"52";"3/4";"c";"-()";"";"";"";"";"Nro 100 lähes samanlainen.";"";"";"+1+0-1+1+2+2-4+0-1-2+2+1+2-2-1+0+1+0-1+1+2+2-4+0-1-2+2+1+2-2-1-2+0-1+1+2+1-1-2-1+1+2+1+2-2-1+0+1+0+2+2-4-3+3-1-2-1+0+0+1+0+0-1+1+2+1-1-2-1+1+2+1+2-2-1+0+1+0+2+2-4-3+3-1-2-1+0+0+1";"urduuudrdduuuddrurduuudrdduuudddrduuuddduuuuddruruuddudddrrurrduuuddduuuuddruruuddudddrru"
"kt1_0049";"Vanhan harmaan kumppani nro 14";"Kansantanssit";"Nuotti-kirja";"";"Samuel Rinda-Nickola";"1809";"52";"3/4";"C";"-()";"";"";"";"";"";"";"";"+0+2+2+0+1-1-4+4+0+1+2+2-2-2+2-3+3+0+5+0+4+0-2-2-1+1-5-3-4+0+0+2+2+1-1-2+2-4+4+0+1+2+2-2-2+2-3+3+2+2+1+2+2+1-1-2-2+4-2-2-1+1-12+0+0+2+2+0+1-1-4+4+0+1+2+2-2-2+2-3+3+0+5+0+4+0-2-2-1+1-5-3-4+0+0+2+2+1-1-2+2-4+4+0+1+2+2-2-2+2-3+3+2+2+1+2+2+1-1-2-2+4-2-2-1+1-12+12+4+1-1-2-2+2+0+2+0-2+2+1+0-1-2-2+2+2+1+0-1-2+2+1-1-2+2+1-1-4+2+2-2-3+1-12+12+4+1-1-2-2+2+0+2+0-2+2+1+0-1-2-2+2+2+1+0-1-2+2+1-1-2+2+1-1-4+2+2-2-3+1-12";"ruurudduruuuddudurururdddudddrruuudduduruuudduduuuuuuudddudddudrruurudduruuuddudurururdddudddrruuudduduruuudduduuuuuuuddduddduduuudddururduurddduuurdduudduudduudduduuudddururduurddduuurdduudduudduuddud"
"kt1_0050";"";"Kansantanssit";"Nuotti-kirja";"";"Samuel Rinda-Nickola";"1809";"53";"3/4";"C";"-()";"";"";"";"";"";"";"";"+5-2+2+0-5+2+1+0-1-2-2+0-1+0-2+2+0-4+0+2+2+1+0-1-2+2+0+0-4+2+2+1+0-5+2+2+0-2-2-2-1+0+0-2+0+2+0-4+0+2+2+1-3+2-2+2+0+0+0+10+5-2+2+0-5+2+1+0-1-2-2+0-1+0-2+2+0-4+0+2+2+1+0-1-2+2+0+0-4+2+2+1+0-5+2+2+0-2-2-2-1+0+0-2+0+2+0-4+0+2+2+1-3+2-2+2+0+0+0-4+2+2+1+2+0+2-2+2+2+1-1+1-1-2-2+0+2+3-1-2+2-4+2+2+1+2-2+2-3+0+0+0-4+2+2+1+0-5+2+2+0-2-2-2-1+0-2+0+0+2+0-4+0+2+2+1-3+2-2+2+0+0+0-4+2+2+1+2+0+2-2+2+2+1-1+1-1-2-2+0+2+3-1-2+2-4+2+2+1+2-2+2-3+0+0+0-4+2+2+1+0-5+2+2+0-2-2-2-1+0-2+0+0+2+0-4+0+2+2+1-3+2-2+2+0+0+0";"udurduurdddrdrdurdruuurddurrduuurduurddddrrdrurdruuududurrruudurduurdddrdrdurdruuurddurrduuurduurddddrrdrurdruuududurrrduuuuruduuududddruudduduuuududrrrduuurduurddddrdrrurdruuududurrrduuuuruduuududddruudduduuuududrrrduuurduurddddrdrrurdruuududurrr"
"kt1_0051";"Kouon frouva";"Kansantanssit";"Nuotti-kirja";"";"Samuel Rinda-Nickola";"1809";"54";"3/4";"d";"-()";"";"";"";"";"";"";"";"+4+0-2+2+0-2-2-1+1+2+2-2+0+0-2-1+8+2+3-1-4+0-1-2+2+1-3+3-1-2-1+1-12+8+4+0-2+2+0-2-2-1+1+2+2-2+0+0-2-1+8+2+3-1-4+0-1-2+2+1-3+3-1-2-1+1-12+12+2+1-1+1+4-2-2-1+1+2-3-2+0+0-2-2+0-1-2+2+1-1+1+4-2+0+2-2-3+5+5+3-1-2+0-2+0-1-2+2+1-1-2+3-1-2-1+1-12+12+2+1-1+1+4-2-2-1+1+2-3-2+0+0-2-2+0-1-2+2+1-1+1+4-2+0+2-2-3+5+5+3-1-2+0-2+0-1-2+2+1-1-2+3-1-2-1+1-12";"urdurddduuudrrdduuuddrdduududdduduurdurddduuudrrdduuuddrdduududdduduuuduuddduuddrrddrdduuduudrudduuuddrdrdduudduddduduuuduuddduuddrrddrdduuduudrudduuuddrdrdduuddudddud"
"kt1_0052";"";"Kansantanssit";"Nuotti-kirja";"";"Samuel Rinda-Nickola";"1809";"54";"3/4";"C";"-()";"";"";"";"";"";"";"";"+2+2+1-1-2-2-3+1+4+0-4+0-3+0+5+0-3+0-4+0+17+0-1-2+2-4+2-2-1+1-1-2+2+1+2+5-2+2-2-1-2+2-2-2-1+0+0-2-2+2+2-4+0+2+2+1-1-2-2-3+1+4+0-4+0-3+0+5+0-3+0-4+0+17+0-1-2+2-4+2-2-1+1-1-2+2+1+2+5-2+2-2-1-2+2-2-2-1+0+0-2-2+2+2-4+0+2+2+1+2+2-2-2-1-4+5+0+2+2-2-2-1-4+5+2+2+1-1-2+2-4+0+0+5+2-2-3+2-4-8+15-17+15-17+16-2-2-1+1-1-2+2+1+2+5-2+2-2-1-2+2-2-2-1+0+0-2-2+2+2-4+0+2+2+1+2+2-2-2-1-4+5+0+2+2-2-2-1-4+5+2+2+1-1-2+2-4+0+0+5+2-2-3+2-4-8+15-17+15-17+16-2-2-1+1-1-2+2+1+2+5-2+2-2-1-2+2-2-2-1+0+0-2-2+2+2-4";"uuudddduurdrdrurdrdrurddududdudduuuududddudddrrdduudruuudddduurdrdrurdrdrurddududdudduuuududddudddrrdduudruuuuudddduruudddduuuuddudrruudduddudududddudduuuududddudddrrdduudruuuuudddduruudddduuuuddudrruudduddudududddudduuuududddudddrrdduud"
"kt1_0053";"";"Kansantanssit";"Nuotti-kirja";"";"Samuel Rinda-Nickola";"1809";"55";"3/4";"D";"-()";"";"";"";"";"";"";"";"+5-1+0-4+5+4-2-2+2+2+1-3+0+2-4+0-1-2+2+1+2+2-2-2-1+1-12+7+5-1+0-4+5+4-2-2+2+2+1-3+0+2-4+0-1-2+2+1+2+2-2-2-1+1-12+7+2+1+0+2+0-2+0-1-2-2+2+2-4+4+2+1+0-1+0+1+0-1-2+2-2+2-4+9+3+0-2+0-1-2-2+0+5+0-3+0-2-1+8+2-2+0-2-1-2-2+4-2-2-1+1-12+7+2+1+0+2+0-2+0-1-2-2+2+2-4+4+2+1+0-1+0+1+0-1-2+2-2+2-4+9+3+0-2+0-1-2-2+0+5+0-3+0-2-1+8+2-2+0-2-1-2-2+4-2-2-1+1-12";"udrduudduuudrudrdduuuuddduduudrduudduuudrudrdduuuuddduduuururdrddduuduuurdrurddududuurdrdddrurdrdduudrdddduddduduuururdrddduuduuurdrurddududuurdrdddrurdrdduudrddddudddud"
"kt1_0054";"";"Kansantanssit";"Nuotti-kirja";"";"Samuel Rinda-Nickola";"1809";"56";"3/4";"C";"-()";"";"";"";"";"";"";"";"-2-5+0-2-1+1+2-3+1-5+0-2+0-1+17-2+0-3+1+2+0+2-2-2+0-1+0-2+7-2-5+0-2-1+1+2-3+1-5+0-2+0-1+17-2+0-3+1+2+0+2-2-2+0-1+0-2-7+2+2-2-2+4-4+4+3+3-3-2+0+2-3+0-4+2+2+1-5+4-4+4+3+3-3-2+0+2-3+0-4+2+2+1+2+5-2-1+0-2+0-2-1+0+1-5+2+2-2-2+4-4+4+3+3-3-2+0+2-3+0-4+2+2+1-5+4-4+4+3+3-3-2+0+2-3+0-4+2+2+1+2+5-2-1+0-2+0-2-1+0+1";"ddrdduududrdrdudrduuruddrdrduddrdduududrdrdudrduuruddrdrdduudduduuuddrudrduuududuuuddrudrduuuuuddrdrddruduudduduuuddrudrduuududuuuddrudrduuuuuddrdrddru"
"kt1_0055";"Johannes Ylinickola";"Kansantanssit";"Nuotti-kirja";"";"Samuel Rinda-Nickola";"1809";"57";"3/4";"g";"-()";"";"";"";"";"";"";"";"-1+1+2+0+2-4-1-2+5+2+2+0-2-2+2-2-2-1+1-1-2-1+1-1-2-2+2-2-2-2-1+1-3+15-1+1+2+0+2-4-1-2+5+2+2+0-2+0+2+2+1-9-1-2+3-1-2-1+1-12+15-1+1+2+0+2-4-1-2+5+2+2+0-2-2+2-2-2-1+1-1-2-1+1-1-2-2+2-2-2-2-1+1-3+15-1+1+2+0+2-4-1-2+5+2+2+0-2+0+2+2+1-9-1-2+3-1-2-1+1-12+14+1+0-1-2+2+1+2+2+0-7+0-1+1+2-3+0+0+3+1+0-1-2+2+1+2+2+0-7+0-1+1+2-3+0+0+3+3+4-4-3+3+4-4-3+3+4-4-2+4+4-4-4+4+4-4-4+4+4-4+0+2+2+1-9-1-2+3-1-2-1+1-12+14+1+0-1-2+2+1+2+2+0-7+0-1+1+2-3+0+0+3+1+0-1-2+2+1+2+2+0-7+0-1+1+2-3+0+0+3+3+4-4-3+3+4-4-3+3+4-4-2+4+4-4-4+4+4-4-4+4+4-4+0+2+2+1-9-1-2+3-1-2-1+1-12";"duuruddduuurdduddduddduddduddddududuuruddduuurdruuudddudddududuuruddduuurdduddduddduddduddddududuuruddduuurdruuuddduddduduurdduuuurdrduudrruurdduuuurdrduudrruuudduudduudduudduudduudruuuddduddduduurdduuuurdrduudrruurdduuuurdrduudrruuudduudduudduudduudduudruuudddudddud"
"kt1_0056";"";"Kansantanssit";"Nuotti-kirja";"";"Samuel Rinda-Nickola";"1809";"58";"3/4";"C";"-()";"";"";"";"";"";"";"";"+2+2+1-1-2+0-2+4+1+2+2-2+0-2-1+0+3-3+1+2-3+1+2+0+2-2-2+0-1+0-2-2+2+2+1-1-2+0-2+4+1+2+2-2+0-2-1+0+3-3+1+2-3+1+2+0+2-2-2+0-1+0-2-7+12+2-2-2-1+1-1-2-7+12+2-2-2-1+1-1-2-7+12+2-2-3+5-2-2-1+0-2+0+0+0-2+0+2+2+1-1-2+0-2+4+1+2+2-2+0-2-1+0+3-3+1+2-3+1+2+0+2-2-2+0-1+0-2-2+2+2+1-1-2+0-2+4+1+2+2-2+0-2-1+0+3-3+1+2-3+1+2+0+2-2-2+0-1+0-2-7+12+2-2-2-1+1-1-2-7+12+2-2-2-1+1-1-2-7+12+2-2-3+5-2-2-1+0-2+0+0+0-2+2+2+1+0+2-3+0+1+2+0+2-4+0+2-3+0-2+2+1+0+2-3+0+1+2+0+2-4+0+2-3+0+0+3-3+1+2-3+1+2+0+2-2-2+0-1+0-2-7+12+2-2-2-1+1-1-2-7+12+2-2-2-1+1-1-2-7+12+2-2-3+5-2-2-1+0-2+0+0+0-2+2+2+1+0+2-3+0+1+2+0+2-4+0+2-3+0-2+2+1+0+2-3+0+1+2+0+2-4+0+2-3+0+0+3-3+1+2-3+1+2+0+2-2-2+0-1+0-2-7+12+2-2-2-1+1-1-2-7+12+2-2-2-1+1-1-2-7+12+2-2-3+5-2-2-1+0-2+0+0+0-2-3+1+2-5+0+0+2+1+0-1-4+2+2+0+1+2-5+0+0+2+1+0-1-4+2+2+7+3-3+1+2-3+1+2+0+2-2-2+0-1+0-2-7+12+2-2-2-1+1-1-2-7+12+2-2-2-1+1-1-2-7+12+2-2-3+5-2-2-1+0-2+0+0+0-2-3+1+2-5+0+0+2+1+0-1-4+2+2+0+1+2-5+0+0+2+1+0-1-4+2+2+7+3-3+1+2-3+1+2+0+2-2-2+0-1+0-2-7+12+2-2-2-1+1-1-2-7+12+2-2-2-1+1-1-2-7+12+2-2-3+5-2-2-1+0-2+0+0+0-2";"uuuddrduuuudrddruduuduuruddrdrdduuuddrduuuudrddruduuduuruddrdrdduuddduddduuddduddduuddudddrdrrrdruuuddrduuuudrddruduuduuruddrdrdduuuddrduuuudrddruduuduuruddrdrdduuddduddduuddduddduuddudddrdrrrduuurudruurudrudrduurudruurudrudrruduuduuruddrdrdduuddduddduuddduddduuddudddrdrrrduuurudruurudrudrduurudruurudrudrruduuduuruddrdrdduuddduddduuddduddduuddudddrdrrrdduudrruurdduuruudrruurdduuuuduuduuruddrdrdduuddduddduuddduddduuddudddrdrrrdduudrruurdduuruudrruurdduuuuduuduuruddrdrdduuddduddduuddduddduuddudddrdrrrd"
"kt1_0057";"";"Kansantanssit";"Nuotti-kirja";"";"Samuel Rinda-Nickola";"1809";"60";"3/4";"a";"-()";"";"";"";"";"";"";"";"+2+1+2+2+2+2+1+0-5-4+2-3+1+0-3+2+0+1+2+2-2+0-2+0+0-1-2+0+2+1+2+2+2+2+1+0-5-4+2-3+1+0-3+2+0+1+2+2-2+0-2+0+0-1-2+12+0+2+1+0-1-2+2+1+2-2-1+1-15+0+2+3-2-1-2+2+1+2-2-1+0+1-3+3+4+5+0-5-4-3+3-1-2-1+1-12+12+2+1+2+2+2+2+1+0-5-4+2-3+1+0-3+2+0+1+2+2-2+0-2+0+0-1-2+0+2+1+2+2+2+2+1+0-5-4+2-3+1+0-3+2+0+1+2+2-2+0-2+0+0-1-2+12+0+2+1+0-1-2+2+1+2-2-1+1-15+0+2+3-2-1-2+2+1+2-2-1+0+1-3+3+4+5+0-5-4-3+3-1-2-1+1-12+19+2+1+0+0-1-2+2+1+2-2-1+0+1+2-2-1-2-1+1+3-1-2-1+1-5-4-3+12+0+2+1+0+2-3-2+2+1+2-2-1+0+1+2-2-1-2-1+1+3-1-2-1+0+0+1+2-2-4-1+3-3+1-1-2-1+1+2-7+12-4+0+0-1+1+2-2-1+1-1-2-1+1-12+24+0+2+1+0-1-2+2+1+2-2-1+1-15+2+1+0+2-3-2+2+1+2-2-1+0+1-3+3+4+5+0-5-4-3+3-1-2-1+1-12+19+2+1+0+0-1-2+2+1+2-2-1+0+1+2-2-1-2-1+1+3-1-2-1+1-5-4-3+12+0+2+1+0+2-3-2+2+1+2-2-1+0+1+2-2-1-2-1+1+3-1-2-1+0+0+1+2-2-4-1+3-3+1-1-2-1+1+2-7+12-4+0+0-1+1+2-2-1+1-1-2-1+1-12+24+0+2+1+0-1-2+2+1+2-2-1+1-15+2+1+0+2-3-2+2+1+2-2-1+0+1-3+3+4+5+0-5-4-3+3-1-2-1+1-12+19-4+0+4+1+0-1+0-2-2+2+2+1-1-2-2-1+1+2+2-2-2-1-2+2+1+0-1-2-1+1-5-4-3+19-4+0+4+1+0-1+0-2-2+2+2+1+0-1-2-2-1+1+2+2-2-2-1-2+2+1+0-1-2-1+0+0+1+0+2+1+0+2-2+2-2-1-2+0+2+1-1+1-1+1+2+2-2-2-1-2+2+1+0-1-2-1+1-5-4-3+12+2+1+0+2-2+2-2-1-2+0+2+1-1+1-1+1+2+2-2-2-1-2+2+1+0-1-2-1+0+1+2+0-2+7-4+0+4+1+0-1+0-2-2+2+2+1-1-2-2-1+1+2+2-2-2-1-2+2+1+0-1-2-1+1-5-4-3+19-4+0+4+1+0-1+0-2-2+2+2+1+0-1-2-2-1+1+2+2-2-2-1-2+2+1+0-1-2-1+0+0+1+0+2+1+0+2-2+2-2-1-2+0+2+1-1+1-1+1+2+2-2-2-1-2+2+1+0-1-2-1+1-5-4-3+12+2+1+0+2-2+2-2-1-2+0+2+1-1+1-1+1+2+2-2-2-1-2+2+1+0-1-2-1+0+1+2+0-2";"uuuuuuurddudurduruuudrdrrddruuuuuuurddudurduruuudrdrrdduruurdduuuddudruuddduuuddruduuurddduddduduuuuuuuurddudurduruuudrdrrddruuuuuuurddudurduruuudrdrrdduruurdduuuddudruuddduuuddruduuurddduddduduuurrdduuuddruudddduuddduddduruurudduuuddruudddduudddrruudddududdduududrrduudduddduduruurdduuudduduurudduuuddruduuurddduddduduuurrdduuuddruudddduuddduddduruurudduuuddruudddduudddrruudddududdduududrrduudduddduduruurdduuudduduurudduuuddruduuurdddudddududruurdrdduuudddduuudddduurdddudddudruurdrdduuurdddduuudddduurdddrruruurududddruududuuudddduurddduddduuurududddruududuuudddduurdddruurdudruurdrdduuudddduuudddduurdddudddudruurdrdduuurdddduuudddduurdddrruruurududddruududuuudddduurddduddduuurududddruududuuudddduurdddruurd"
"kt1_0058";"Könnin faari";"Kansantanssit";"Nuotti-kirja";"";"Samuel Rinda-Nickola";"1809";"63";"3/4";"G";"-()";"";"";"";"";"";"";"";"+1-12+12-12+12+2-2-1-2-2-2+0-1-2-3+0+1-5+5+0-1-2+2+1-5-2-1-2+2-4+7+2+2+1+2-2+4-4-5+2+2+1+2-2+4-4-8+15-17+15-17+16+0-2-2-1+1-12+23+1-12+12-12+12+2-2-1-2-2-2+0-1-2-3+0+1-5+5+0-1-2+2+1-5-2-1-2+2-4+7+2+2+1+2-2+4-4-5+2+2+1+2-2+4-4-8+15-17+15-17+16+0-2-2-1+1-12+23+1+4-2-2-1-2+0+5+2-2-2-1+1-1-2-2+0+2+2+1-1-2+0-2+4-2-2-1+1-12+12+2+2+1+0-5-3-4+0+5+0-1+1+2+0+2-7+3+0-3+2-2-2-1+1+5+0-1+1+2+0+2-9-1+0+3-2+0+4-4+0+0-1+0+3-2+4-4-8+15-17+15-17+16+0-2-2-1+1-12+23+1+4-2-2-1-2+0+5+2-2-2-1+1-1-2-2+0+2+2+1-1-2+0-2+4-2-2-1+1-12+12+2+2+1+0-5-3-4+0+5+0-1+1+2+0+2-7+3+0-3+2-2-2-1+1+5+0-1+1+2+0+2-9-1+0+3-2+0+4-4+0+0-1+0+3-2+4-4-8+15-17+15-17+16+0-2-2-1+1-12";"ududuudddddrdddrudurdduudddduduuuuududduuuududdududurddduduududuudddddrdddrudurdduudddduduuuuududduuuududdududurddduduuuddddruudddudddruuuddrduddduduuuurdddrurduurudurduddduurduuruddrudrudrrdrududdududurddduduuuddddruudddudddruuuddrduddduduuuurdddrurduurudurduddduurduuruddrudrudrrdrududdududurdddud"
"kt1_0059";"";"Kansantanssit";"Nuotti-kirja";"";"Samuel Rinda-Nickola";"1809";"64";"3/4";"G";"-()";"";"";"";"";"";"";"";"-3+1+4+0-2+2-5+1-1+1-3+5+0-2+0-1-2-2+2+2+1-1+1-1+0-2-2+4-2-2-1+1-12+19-3+1+4+0-2+2-5+1-1+1-3+5+0-2+0-1-2-2+2+2+1-1+1-1+0-2-2+4-2-2-1+1-12+5+4+3-2-1+1+0+2+2+0+2+0-2-4-1+1+2+2-2-2-1-2-1+1+2+1-1-2-1+0+3-2-2+4+3-2-1+1+0+2+2+0+2+0-2-4-1+1+2+2-2-2-1-2-1+1+2+1-1-2-1+0+3-2+7+3+0-1-2+2+0+1+0-8+0-4+2+2+1-3+2-4+9+3+0-1-2+2+0+1+0-8+0-4+2+2+1-3+2-4+9+3+0-1-2+2+0+1+0-8+0-4+2+2+1-3+2-4+9+3+0-1-2+2+0+1+0-8+0-4+2+2+1-3+2-4";"duurdudududurdrddduuududrddudddududuurdudududurdrddduuududrdduddduduuudduruururddduuuddddduuudddrudduudduruururddduuuddddduuudddruduurddururdrduuududuurddururdrduuududuurddururdrduuududuurddururdrduuudud"
"kt1_0060";"";"Kansantanssit";"Nuotti-kirja";"";"Samuel Rinda-Nickola";"1809";"65";"3/4";"d";"-()";"";"";"";"";"";"";"";"-3+1-1+1+4-2-2-1+1-5-3-4+11+1-1+1+4-2-3+3+0-2-1+0+1+2-3+1-1+1+4-2-2-1+1-5-3-4+11+1-1+1+4-2-3+3+0-2-1+0+1+4+0-2+2-4+0-1-2+5-2+0-1-2+0-1-4+12+0-2+2-4+0-1-2+5-2+0-1-2+0-1-4+4+1+2+1-1-2-1-4+4+1+3-1-2+0-1-4+12+0-2+2-4+0-1-2+3-1-2-1+1-12+19+0-2+2-4+0-1-2+5-2+0-1-2+0-1-4+12+0-2+2-4+0-1-2+5-2+0-1-2+0-1-4+4+1+2+1-1-2-1-4+4+1+3-1-2+0-1-4+12+0-2+2-4+0-1-2+3-1-2-1+1-12+14+1-5-2-1-2-2+0+0+0+16+1-1-2-2+0-1-2+3-1-2-1+0+1+7+0-2+2-4+0-1-2+5-2+0-1-2+0-1-4+12+0-2+2-4+0-1-2+5-2+0-1-2+0-1-4+4+1+2+1-1-2-1-4+4+1+3-1-2+0-1-4+12+0-2+2-4+0-1-2+3-1-2-1+1-12+14+1-5-2-1-2-2+0+0+0+16+1-1-2-2+0-1-2+3-1-2-1+0+1+7+0-2+2-4+0-1-2+5-2+0-1-2+0-1-4+12+0-2+2-4+0-1-2+5-2+0-1-2+0-1-4+4+1+2+1-1-2-1-4+4+1+3-1-2+0-1-4+12+0-2+2-4+0-1-2+3-1-2-1+1-12";"duduuddduddduuduuddurddruududuuddduddduuduuddurddruurdudrddudrddrddurdudrddudrddrdduuuudddduuuddrddurdudrddudddudurdudrddudrddrddurdudrddudrddrdduuuudddduuuddrddurdudrdduddduduudddddrrruudddrddudddruurdudrddudrddrddurdudrddudrddrdduuuudddduuuddrddurdudrdduddduduudddddrrruudddrddudddruurdudrddudrddrddurdudrddudrddrdduuuudddduuuddrddurdudrddudddud"
"kt1_0061";"";"Kansantanssit";"Nuotti-kirja";"";"Samuel Rinda-Nickola";"1809";"66";"3/4";"G";"-()";"";"";"";"";"";"";"";"+1+2+0-2+0-1-4+0+2+2+1+0-5-3-4+5-1-2+2+1-1-2-2+2+2+1-1+0-2+0-2+11+1+2+0-2+0-1-4+0+2+2+1+0-5-3-4+5-1-2+2+1-1-2-2+2+2+1-1+0-2+0-2+5-3+2+3-2-1-4+0+2+2+1+0-3+0-3+3+5+0-2-1-4+0+2+2+1+0-3+0-3+3-2-1-2-2+2+2+1+2+2+1-3+0+2-4+0+2+2+1-1+1+2+2+2+1-1-2+2+1-8+0-2-2-1+1-12+17-3+2+3-2-1-4+0+2+2+1+0-3+0-3+3+5+0-2-1-4+0+2+2+1+0-3+0-3+3-2-1-2-2+2+2+1+2+2+1-3+0+2-4+0+2+2+1-1+1+2+2+2+1-1-2+2+1-8+0-2-2-1+1-12";"uurdrddruuurdddudduuddduuudrdrduuurdrddruuurdddudduuddduuudrdrduduudddruuurdrduurdddruuurdrdudddduuuuuudrudruuuduuuuudduudrdddududuudddruuurdrduurdddruuurdrdudddduuuuuudrudruuuduuuuudduudrdddud"
"kt1_0062";"";"Kansantanssit";"Nuotti-kirja";"";"Samuel Rinda-Nickola";"1809";"67";"3/4";"G";"-()";"";"";"";"";"";"";"";"+1-12+14-2-1+1+0+2-12+12+2-2-2-1+0+1+0-1-2+0+3+0-1-4+5-1+1+2-2-1-2-2-2-1+1+2-3-4+0+2+2-4+5-1+1+2-2+0-1+0-2-2+4-2-2-1+1-12+23+1-12+14-2-1+1+0+2-12+12+2-2-2-1+0+1+0-1-2+0+3+0-1-4+5-1+1+2-2-1-2-2-2-1+1+2-3-4+0+2+2-4+5-1+1+2-2+0-1+0-2-2+4-2-2-1+1-12+17-3+2+3-2-1-2-2+12+0-1-2+2+0+1-12-1-2-2+2+2+1+4-2-2-1+1-12+17-3+2+3-2-1-2-2+12+0-1-2+2+0+1-12-1-2-2+2+2+1+4-2-2-1+1-12";"ududduruduudddrurddrurdduduudddddduuddruududuudrdrdduddduduududduruduudddrurddrurdduduudddddduuddruududuudrdrddudddududuuddddurddurudddduuuudddududuuddddurddurudddduuuudddud"
"kt1_0063";"";"Kansantanssit";"Nuotti-kirja";"";"Samuel Rinda-Nickola";"1809";"68";"3/4";"C";"-()";"";"";"";"";"";"";"";"-2-2+0+0-1-4+0+2+2+1+0+0-1+0-2+15-1-2+0-2+0-1+1+2+2+1-3+0+0-2+0-1-4+5-5-2-1-2-2+9+2+1-5+2-2+0-2+0-1+0+3+5-5-2-1-2-2+9+2+1-5+2-2+0-2+0-1+0-4+2+2+1+2+2+2+1+2+3-1-2-2-1+1-12+9-2-2+0+0-1-4+0+2+2+1+0+0-1+0-2+15-1-2+0-2+0-1+1+2+2+1-3+0+0-2+0-1-4+5-5-2-1-2-2+9+2+1-5+2-2+0-2+0-1+0+3+5-5-2-1-2-2+9+2+1-5+2-2+0-2+0-1+0-4+2+2+1+2+2+2+1+2+3-1-2-2-1+1-12+16-2-2+0+0-1-4+0+2+2+1+0-1+1-1-2-2+0+2+5+5-1+1+0-5-3-4+4-2-2-1+1-5-3-4+12+2+0+2+0-2+0+2+1-1-2-2-1+1+2+0-3+1+2+3+0-1+0+1+0-1-2+2-2+2+0-4+12-2+0-1-4+0+2+2+1+0-1+1-1-2-2+0+2+2+1-1-2-2+0-1+1+2+2-2+0+2-4+0-1-4+0+5-5-2-1-2-2+9+2+1-5+2-2+0-2+0-1-4+7+5-5-2-1-2-2+9+2+1-5+2-2+0-2+0-1-4+0+2+2+1+2+2+2+1+2+3-1-2-2-1+1-12+16-2-2+0+0-1-4+0+2+2+1+0-1+1-1-2-2+0+2+5+5-1+1+0-5-3-4+4-2-2-1+1-5-3-4+12+2+0+2+0-2+0+2+1-1-2-2-1+1+2+0-3+1+2+3+0-1+0+1+0-1-2+2-2+2+0-4+12-2+0-1-4+0+2+2+1+0-1+1-1-2-2+0+2+2+1-1-2-2+0-1+1+2+2-2+0+2-4+0-1-4+0+5-5-2-1-2-2+9+2+1-5+2-2+0-2+0-1-4+7+5-5-2-1-2-2+9+2+1-5+2-2+0-2+0-1-4+0+2+2+1+2+2+2+1+2+3-1-2-2-1+1-12";"ddrrddruuurrdrduddrdrduuuudrrdrdduddddduuududrdrdruuddddduuududrdrdrduuuuuuuuuddddududdrrddruuurrdrduddrdrduuuudrrdrdduddddduuududrdrdruuddddduuududrdrdrduuuuuuuuuddddududdrrddruuurdudddruuudurddduddduddduururdruudddduurduuurdrurddudurdudrddruuurdudddruuudddrduuudrudrddruddddduuududrdrdduuddddduuududrdrddruuuuuuuuuddddududdrrddruuurdudddruuudurddduddduddduururdruudddduurduuurdrurddudurdudrddruuurdudddruuudddrduuudrudrddruddddduuududrdrdduuddddduuududrdrddruuuuuuuuuddddud"
"kt1_0064";"Salam. Sarten oja nurmoos.";"Kansantanssit";"Nuotti-kirja";"";"Samuel Rinda-Nickola";"1809";"69";"3/4";"F";"-()";"";"";"";"";"";"";"";"+7+0+0+0-4+4+3+0+2+0-2+0+2+2+1+0+2+2-4+2-2-1-2-2+2-2-2-1+1-1-2-5+7+0+0+0-4+4+3+0+2+0-2+0+2+2+1-1+1+2+2-4+0-1+1+2+0-3+0+1-15+7+0+0+0-4+4+3+0+2+0-2+0+2+2+1+0+2+2-4+2-2-1-2-2+2-2-2-1+1-1-2-5+7+0+0+0-4+4+3+0+2+0-2+0+2+2+1-1+1+2+2-4+0-1+1+2+0-3+0+1+2-3+1-5+4-4+4+3-3-4+4+3-3-4+4+3-3-4+4+0+1-3+3-3+3+4-4-3+3+4-4-3+3+4-4-3+2-4+2+2+1+0+2+2-4+0-1+1+2+2-2-3+3-2+2-3+1-5+4-4+4+3-3-4+4+3-3-4+4+3-3-4+4+0+1-3+3-3+3+4-4-3+3+4-4-3+3+4-4-3+2-4+2+2+1+0+2+2-4+0-1+1+2+2-2-3+3-2";"urrrduururdruuuruududdddudddudddurrrduururdruuuduuudrduurdrudurrrduururdruuuruududdddudddudddurrrduururdruuuduuudrduurdruudududuudduudduuddurududuudduudduudduduuuruudrduuuddududududuudduudduuddurududuudduudduudduduuuruudrduuuddud"
"kt1_0065";"";"Kansantanssit";"Nuotti-kirja";"";"Samuel Rinda-Nickola";"1809";"70";"3/4";"C";"-()";"";"";"";"";"";"";"";"+1+2+2-2-2-1+1+7+0-2+2+0-2+0-1-2-3+1+0+2+2-2-2-1+1+7+0-2+2-2+0-1-2+5-3-2+3-1-2-2+4+0-2-2-1+0+1-12+11+1+2+2-2-2-1+1+7+0-2+2+0-2+0-1-2-3+1+0+2+2-2-2-1+1+7+0-2+2-2+0-1-2+5-3-2+3-1-2-2+4+0-2-2-1+0+1-12+11+1+4+0-2-2-1+1+2+2+0-2-10-2+3-1-2+9+1+4+0-2-2-1+1+2+2+0-2-10-2+3-1-2+0+2+15-3+0-2-2+4-2-2-1+1-12+11+1+4+0-2-2-1+1+2+2+0-2-10-2+3-1-2+9+1+4+0-2-2-1+1+2+2+0-2-10-2+3-1-2+0+2+15-3+0-2-2+4-2-2-1+1-12";"uuuddduurdurdrddduruuddduurdudrdduddudddurdddruduuuuddduurdurdrddduruuddduurdudrdduddudddurdddruduuurddduuurdddudduuurddduuurddduddruudrdduddduduuurddduuurdddudduuurddduuurddduddruudrddudddud"
"kt1_0066";"Jadob Könni";"Kansantanssit";"Nuotti-kirja";"";"Samuel Rinda-Nickola";"1809";"71";"3/4";"C";"-()";"";"";"";"";"";"";"";"+5+0-2+2+2-4+0-1+1+2-3-2+0+5+0+0-2+2+2-4+0-1+1+2-2-1-2+0+5-2-1+3-2-1+1-3+2-4+2+2+1+0-1-2+3-1-2-2-1+1-12+14+5+0-2+2+2-4+0-1+1+2-3-2+0+5+0+0-2+2+2-4+0-1+1+2-2-1-2+0+5-2-1+3-2-1+1-3+2-4+2+2+1+0-1-2+3-1-2-2-1+1-12+12-17+0+0+5+0+4+0+3+0+0+5+4+3+0-3+0+1-1-2+0+2-4+2+2+1+0-1-2+3-1-2-2-1+1-12+12-17+0+0+5+0+4+0+3+0+0+5+4+3+0-3+0+1-1-2+0+2-4+2+2+1+0-1-2+3-1-2-2-1+1-12";"urduudrduuddrurrduudrduudddrudduddududuuurddudddduduurduudrduuddrurrduudrduudddrudduddududuuurdduddddududrrurururruuurdruddruduuurdduddddududrrurururruuurdruddruduuurdduddddud"
"kt1_0067";"Mickell Bringar";"Kansantanssit";"Nuotti-kirja";"";"Samuel Rinda-Nickola";"1809";"72";"3/4";"C";"-()";"";"";"";"";"";"";"";"+1+2+0+2-2-2+0-1+0+3-2-1-2-2-1+1+2+2+1-1-2-2-1+1-5-3-4+0+19+0+2-2-2+2-2-1-2+2+3-2-1-2-2-1+1+0+2+2+1-1-2-2-1+3-2+4+1+2+0+2-2-2+0-1+0+3-2-1-2-2-1+1+2+2+1-1-2-2-1+1-5-3-4+0+19+0+2-2-2+2-2-1-2+2+3-2-1-2-2-1+1+0+2+2+1-1-2-2-1+3-2-12-1+1+2-2+2+2-2+2+1-1+1+2+2+2+0+1-1+1+2+0+2+1-1-2-2-1+1-5-3-4+0-1+1+2-2+2+2-2+2+1-1+1+2+2+2+0+1+0+0+2+0+2+1-1-2-2-1+3-2-12-1+1+2-2+2+2-2+2+1-1+1+2+2+2+0+1-1+1+2+0+2+1-1-2-2-1+1-5-3-4+0-1+1+2-2+2+2-2+2+1-1+1+2+2+2+0+1+0+0+2+0+2+1-1-2-2-1+3-2";"uuruddrdruddddduuuuddddudddrurudduddduuddddduruuudddduduuuruddrdruddddduuuuddddudddrurudduddduuddddduruuudddduddduuduuduuduuuuruduuruuddddudddrduuduuduuduuuururruruudddduddduuduuduuduuuuruduuruuddddudddrduuduuduuduuuururruruuddddud"
"kt1_0068";"Kirckoherra Wegelius";"Kansantanssit";"Nuotti-kirja";"";"Samuel Rinda-Nickola";"1809";"73";"3/4";"C";"-()";"";"";"";"";"";"";"";"-3+3+5-1-2-2+2+2-2-4+4-4+4+3+0-1-2-2+2+2+1+2+2+1-3+2-4+4+1-3+2-9-3+3+5-1-2-2+2+2-2-4+4-4+4+3+0-1-2-2+2+2+1+2+2+1-3+2-4+4+1-3+2+3-2-1+1+2+2-2-2-1+1-8+8+0-3+2-2-2-1-2-2+2+2+1+2+2+1-3+2-4+4+1-3+2-9+2+2+1+2+2+1-3+7-2-2-1-2-2-1+3+0-2+0+7-2-1+1+2+2-2-2-1+1-8+8+0-3+2-2-2-1-2-2+2+2+1+2+2+1-3+2-4+4+1-3+2-9+2+2+1+2+2+1-3+7-2-2-1-2-2-1+3+0-2+0";"duuddduudduduurddduuuuuududuududduuddduudduduurddduuuuuududuuduudduuudddudurduddddduuuuuududuududuuuuuududdddddurdrudduuudddudurduddddduuuuuududuududuuuuuududdddddurdr"
"kt1_0069";"";"Kansantanssit";"Nuotti-kirja";"";"Samuel Rinda-Nickola";"1809";"74";"3/4";"d";"-()";"";"";"";"";"";"";"";"+0+0+7+5-2-2-1-2-2-1-2+0+0+0+7+1-1-2-2-1-2+12-1+1+2+3-2+4-2+3-3+3-3+3-3-3-3+1-12+0+0+7+5-2-2-1-2-2-1-2+0+0+0+7+1-1-2-2-1-2+12-1+1+2+3-2+4-2+3-3+3-3+3-3-3-3+1-5+0+0+7+5-2-2-1-2-1-2-2+0+0+0+7+1-1-2-1-2-2+0+4-4+2+3-3+2+3-3+1-3-3+1+0+0+0+0+0+7+5-2-2-1-2-1-2-2+0+0+0+7+1-1-2-1-2-2+0+4-4+2+3-3+2+3-3+1-3-3+1+0+0+5+0+0+0+5-2-1-2-1+0+0+0+6-2-1-2+0+0+0+0+5-2-1-2-1+0+0+0+6-2-1-2+0-1+1+2+3-2+4-2+3-3+3-3+3-3-3-3+1+0+0+0+0+5-2-1-2-1+0+0+0+6-2-1-2+0+0+0+0+5-2-1-2-1+0+0+0+6-2-1-2+0-1+1+2+3-2+4-2+3-3+3-3+3-3-3-3+1";"rruudddddddrrruuddddduduuudududududddudrruudddddddrrruuddddduduuudududududddudrruudddddddrrruudddddruduuduududdurrrrruudddddddrrruudddddruduuduududdurrurrruddddrrrudddrrrruddddrrrudddrduuudududududddurrrruddddrrrudddrrrruddddrrrudddrduuudududududddu"
"kt1_0070";"Lampaan bolska";"Kansantanssit";"Nuotti-kirja";"";"Samuel Rinda-Nickola";"1809";"75";"3/4";"C";"-()";"";"";"";"";"Yxi kaxi kolme neljä, anna iloinen olla koska suru tule, anna hänen mennä. Barmat ne laulaa, neljä hijrtä hyppele, kissi lyöpi Trummun päälle , koko maajlma pauhaa";"Menee d-mollissa.";"";"+0+0-1+0+1+0+0+2+0+1+0+0-1+0-2+0-1+1+0+0+0+0-1+0+1+0+0+2+0+1+0+0-1+0-2+0-1+1+0+0+3-3+0+3-3+0+3-3-1+3-3+0+3-3+0+3-3+1+3-3+0+3-3+0+3-3+2+3-3+0+3-3+0+3-3+1+4-4+0+4-4+0+4-4-1+3-3+0+3-3+0+3-3-2+3-3+0+3-3-1+3-3+1+0+0+3-3+0+3-3+0+3-3-1+3-3+0+3-3+0+3-3+1+3-3+0+3-3+0+3-3+2+3-3+0+3-3+0+3-3+1+4-4+0+4-4+0+4-4-1+3-3+0+3-3+0+3-3-2+3-3+0+3-3-1+3-3+1+0+0+0-1+1+0-1+1-3-2+0-1+1-1+1-1+1+2+2-4+5+0-1+1+0-1+1+3-1-2-1+0-2+2+0-2+2+1+2+1+0-1+1+0-1+1+2+2-8+0+3-3+0+3-3-2-2+5+0-1+1-1-2-2+2+2+1-5-4+4-7+12+0-1+1+0-1+1-3-2+0-1+1-1+1-1+1+2+2-4+5+0-1+1+0-1+1+3-1-2-1+0-2+2+0-2+2+1+2+1+0-1+1+0-1+1+2+2-8+0+3-3+0+3-3-2-2+5+0-1+1-1-2-2+2+2+1-5-4+4-7+12-1+1+2+1-1+1+2+2-4-1-2-1-2+2+1+2-2+2+3-2-1-2-1+1-1+1+2+1-1+1+2+2-4-1-2+2-2+2+1+2-2+2+2+2-4-2-1+1-1+1+2+2-2+2+2+3-5-2-2-1-2+2+1+2-2+2+2+2-4-2-1-2-1+1+2+1-1+1+2+2-4-1-2+9-4-3-3+1-12+12-1+1+2+1-1+1+2+2-4-1-2-1-2+2+1+2-2+2+3-2-1-2-1+1-1+1+2+1-1+1+2+2-4-1-2+2-2+2+1+2-2+2+2+2-4-2-1+1-1+1+2+2-2+2+2+3-5-2-2-1-2+2+1+2-2+2+2+2-4-2-1-2-1+1+2+1-1+1+2+2-4-1-2+9-4-3-3+1-12";"rrdrurrururrdrdrdurrrrdrurrururrdrdrdurrudrudruddudrudruduudrudruduudrudruduudrudruddudrudruddudruddudurrudrudruddudrudruduudrudruduudrudruduudrudruddudrudruddudruddudurrrdurduddrdududuuudurdurduudddrdurduuuurdurduuudrudrudddurduddduuuddudurdurduddrdududuuudurdurduudddrdurduuuurdurduuudrudrudddurduddduuuddududuuuduuuddddduuuduudddduduuuduuuddduduuuduuuddduduuuduuuddddduuuduuuddddduuuduuudddudddududuuuduuuddddduuuduudddduduuuduuuddduduuuduuuddduduuuduuuddddduuuduuuddddduuuduuudddudddud"
"kt1_0071";"";"Kansantanssit";"Nuotti-kirja";"";"Samuel Rinda-Nickola";"1809";"77";"3/4";"G";"-()";"";"";"";"";"";"";"";"+0+4-2-2-1+1-1-2-2+2+3-1-2-2+5+0+4-2-2-1+1-1-2-2+0+5+0+4-2-2-1+1-1-2-2+2+3-1-2-2+5+0+4-2-2-1+1-1-2-2+0+0+2+2+1-1-2-2-2+2-2-1-2+2+1-3+2-4+7+2+2-2-2-2+2-2-1-2+2+1-1-2+2-4+7+5-1+1+0-5-3-4+9-4-3-3+1-12+19+2+2+1-1-2-2-2+2-2-1-2+2+1-3+2-4+7+2+2-2-2-2+2-2-1-2+2+1-1-2+2-4+7+5-1+1+0-5-3-4+9-4-3-3+1-12";"ruddduddduudddurudddudddruruddduddduudddurudddudddrruuudddduddduududuuuddduddduudduduudurddduddduduuuudddduddduududuuuddduddduudduduudurdddudddud"
"kt1_0072";"";"Kansantanssit";"Nuotti-kirja";"";"Samuel Rinda-Nickola";"1809";"77";"3/4";"C";"-()";"";"";"";"";"";"Menee d-mollissa.";"";"+4+0+3+1-1+3-2-1-2+0-1+0-4+0+4+0+1+2+1+0+2-2+2+2-12+4+0+3+1-1+3-2-1-2+0-1+0-4+0+4+0+1+2+1+0+2-2+2+2-4+2-2-1+1+0+2+2+2-2-2-2-1+0+1+2+2-2-2-1+1+2+2+2-2-2-2-1+1+2+2+2-2+0-2-2+0-1-2+0+3-1-2-1+1-12+14+1-1-2+0-1+1-12+14+1-3+2-2-1+1+3+2-2-1+1+0+2+2+2-2-2-2-1+0+1+2+2-2-2-1+1+2+2+2-2-2-2-1+1+2+2+2-2+0-2-2+0-1-2+0+3-1-2-1+1-12+14+1-1-2+0-1+1-12+14+1-3+2-2-1+1";"uruududddrdrdruruuuruduuduruududddrdrdruruuuruduududduruuuddddruuuddduuuudddduuuudrddrddruddduduuddrduduududduuudduruuuddddruuuddduuuudddduuuudrddrddruddduduuddrduduududdu"
"kt1_0073";"";"Kansantanssit";"Nuotti-kirja";"";"Samuel Rinda-Nickola";"1809";"78";"3/4";"Bb";"-()";"";"";"";"";"";"";"";"+0-2+0-1-2-2+9+0+0+2+1-3-5+0-2+2+1-1-2-2-1+1+2-3+1-12+19+0-2+0-1-2-2+9+0+0+2+1-3-5+0-2+2+1-1-2-2-1+1+2-3+1-12+0+12+2+2-2-2-1-2+0-4-1+1+2+2-2-2-1-4+17-1-2-2-1+1+2-3+1-12+0+12+2+2-2-2-1-2+0-4-1+1+2+2-2-2-1-4+17-1-2-2-1+1+2-3+1-12";"rdrdddurruuddrduudddduududurdrdddurruuddrduudddduududruuuddddrdduuuddddudddduududruuuddddrdduuuddddudddduudud"
"kt1_0074";"";"Kansantanssit";"Nuotti-kirja";"";"Samuel Rinda-Nickola";"1809";"79";"3/4";"G";"-()";"";"";"";"";"";"";"";"-1+1+2+2-2+2+1+2+2+2+1-1-2-2-2-1-2-2-1+1+2+2-2+2+1+2+2+2+1-1-2-2-12+5-1+1+2+2-2+2+1+2+2+2+1-1-2-2-2-1-2-2-1+1+2+2-2+2+1+2+2+2+1-1-2-2-12+17-5+9-9+5-5+4-4+7-7+4-4+5-5+0+9-9+0+5-5+0+4-4+0+7-7+0+4-4+0+5-1-2-2-2-1-2-2-1+1+2-3+1-5-3+3-7+24-5+9-9+5-5+4-4+7-7+4-4+5-5+0+9-9+0+5-5+0+4-4+0+7-7+0+4-4+0+5-1-2-2-2-1-2-2-1+1+2-3+1-5-3+3-7";"duuuduuuuuudddddddduuuduuuuuudddduduuuduuuuuudddddddduuuduuuuuuddddudududududududrudrudrudrudrudrudddddddduududdududududududududrudrudrudrudrudrudddddddduududdud"
"kt1_0075";"Pulkilan plotim polska";"Kansantanssit";"Nuotti-kirja";"";"Samuel Rinda-Nickola";"1809";"79";"3/4";"A";"-()";"";"";"";"";"";"";"";"+3+5-5-3+3+5-5-3+3+5-5-3+20+0-5-2-1+1+2-2-1-2+2-2-2-1+0+1+2-2-1-2-2-3+3+5-5-3+3+5-5-3+3+5-5-3+20+0-5-2-1+1+2-2-1-2+2-2-2-1+1+2-3+1-12+4+3+5-5-3+3+5-5-3+3+5-5-3+20+0-5-2-1+1+2-2-1-2+2-2-2-1+0+1+2-2-1-2-2-3+3+5-5-3+3+5-5-3+3+5-5-3+20+0-5-2-1+1+2-2-1-2+2-2-2-1+1+2-3+1-12+16+3-2-1-2+2-2-2-1+0+1+2-2-1-2-2+9+3-3+1-1-2+2-2-2-1+1+2-3+1-12+16+3-2-1-2+2-2-2-1+0+1+2-2-1-2-2+9+3-3+1-1-2+2-2-2-1+1+2-3+1-12";"uudduudduuddurddduudddudddruuddddduudduudduuddurddduuddduddduududuuudduudduuddurddduudddudddruuddddduudduudduuddurddduuddduddduududuudddudddruudddduududduddduududuudddudddruudddduududduddduudud"
"kt1_0076";"";"Kansantanssit";"Nuotti-kirja";"";"Samuel Rinda-Nickola";"1809";"80";"3/4";"C";"-()";"";"";"";"";"";"";"";"-1+1+2-2-1+1+2-2-5-3+3+0-2+0-1+15+2-4+2+2-4+2-7+4-2-2-1+0+1+7+2-4+2+2-4+2-7+4-2-2-1+1-5-2+2+2-2+10+0-1-4-1+1+2-2-1-2-2-2+16-17+15-17+15-1-2-2-1+0+1+0-1+1+2-2-1+1+2-2-5-3+3+0-2+0-1+15+2-4+2+2-4+2-7+4-2-2-1+0+1+7+2-4+2+2-4+2-7+4-2-2-1+1-5-2+2+2-2+10+0-1-4-1+1+2-2-1-2-2-2+16-17+15-17+15-1-2-2-1+0+1+7-1+1+2-2-1+1+2-2-1+1-5-3+3+0-3+0-4-5+5+4+3+0+4+3+2-2-2+4-2-2-1+0+1+0+0-2-1+1+2-2-1+1+2-7-2-1+12+0-2-1+1+2-2-1+1+2-7-2-1+1-1+1+2-2-1+1-5+5+5-3-3+0+1-12+12+0-1-2+2+0+1+7-2-3-3+0+1-7+16-2-2-1-2-2-1-2-2-2-1+8-10+9+0+1+7-1+1+2-2-1+1+2-2-1+1-5-3+3+0-3+0-4-5+5+4+3+0+4+3+2-2-2+4-2-2-1+0+1+0+0-2-1+1+2-2-1+1+2-7-2-1+12+0-2-1+1+2-2-1+1+2-7-2-1+1-1+1+2-2-1+1-5+5+5-3-3+0+1-12+12+0-1-2+2+0+1+7-2-3-3+0+1-7+16-2-2-1-2-2-1-2-2-2-1+8-10+9+0+1-8-2+2+1-1-9+7-7+10-1+1+2-2-10+9-9+17-1-2+0-2-2-1+17-2-2-1-2-2-1-2-2-3-2+2+1-1-9+7-7+10-1+1+2-2-10+9-9+9+5-2+2+0-2-2-1-2+15-1-2-2-1+0+1-8-2+2+1-1-9+7-7+10-1+1+2-2-10+9-9+17-1-2+0-2-2-1+17-2-2-1-2-2-1-2-2-3-2+2+1-1-9+7-7+10-1+1+2-2-10+9-9+9+5-2+2+0-2-2-1-2+15-1-2-2-1+0+1-17+19+0+0+2+1-3-19+2+2+1+2-7+0+21+0+0+1+2-3-21+2+2+1+2-7+9-2+2+1-1-9+7-7+10-1+1+2-2-10+9-9+9+5-2+2-2+14+0-4-1-2-2-1+0+1-17+19+0+0+2+1-3-19+2+2+1+2-7+0+21+0+0+1+2-3-21+2+2+1+2-7+9-2+2+1-1-9+7-7+10-1+1+2-2-10+9-9+9+5-2+2-2+14+0-4-1-2-2-1+0+1";"duudduudddurdrduuduudududddruuuduudududddudduudurddduudddddudududdddrurduudduudddurdrduuduudududddruuuduudududddudduudurddduudddddudududdddruuduudduudduddurdrdduuuruuuddudddrurrdduudduudddurdduudduuddduduudduduuddrudurdduruudddrududddddddddduduruuduudduudduddurdrdduuuruuuddudddrurrdduudduudddurdduudduuddduduudduduuddrudurdduruudddrududdddddddddudurudduuddududuuddududdrdddudddddddddduuddududuudduduudurdddduddddrudduuddududuuddududdrdddudddddddddduuddududuudduduudurdddduddddrudurruudduuuudrurruudduuuududuuddududuudduduududurdddddrudurruudduuuudrurruudduuuududuuddududuudduduududurdddddru"
"kt1_0077";"";"Kansantanssit";"Nuotti-kirja";"";"Samuel Rinda-Nickola";"1809";"83";"3/4";"D";"-()";"";"";"";"";"";"";"";"+0-5+9+0-4+2-2+0-1+1-5+9-2+0-2+2+0-2-1+1+2-3-4+9-2+2+1-3+0+2-4+0-5+9+0-4+2-2+0-1+1-5+9-2+0-2+2+0-2-1+1+2-3-4+9-2+2+1-3+0+2-9+5-5+4-2+0-2+2+3-3-4+4+5-5+3-1+0-2+2+3-3+0-4+5+0-1+1+0+2+0+2-2+0-2+2+0+2+0+1+4-2+0-2-1+0-2-2+0-1+1+2-3+0+1-5+5-5+4-2+0-2+2+3-3-4+4+5-5+3-1+0-2+2+3-3+0-4+5+0-1+1+0+2+0+2-2+0-2+2+0+2+0+1+4-2+0-2-1+0-2-2+0-1+1+2-3+0+1+4+0+1-1-2-2-1+1+2-2+9+0+2+1-5-2+0-1+0-2+2+0+1-1-2-2-1+1+2-2+9+0+2+1-5-2+0-1+0-2+0+0-2+2+0-2+0+2+2+0-2+2+0-2+0+2+5+3-1+1-5+5-1+1-5-2-1-2-2-1+0+1+2+0-2+2+0-2+0+2+2+0-2+2+0-2+0+2+5+3-1+1-5+5-1+1-5-2-1-2-2-1+0+1";"rdurdudrdududrdurdduudduduudrudrdurdudrdududrdurdduudduduudrudududrduudduududrduudrdurdururudrdururuudrddrddrduudrudududrduudduududrduudrdurdururudrdururuudrddrddrduudruurudddduuduruuddrdrdurudddduuduruuddrdrdrrdurdruurdurdruuududududdddddruurdurdruurdurdruuududududdddddru"
"kt1_0078";"";"Kansantanssit";"Nuotti-kirja";"";"Samuel Rinda-Nickola";"1809";"84";"3/4";"D";"-()";"";"";"";"";"";"";"";"+2+0-2+2-2+2-2-1+1-3-2+2+2-4+0+2+2+1+2+0+2-2+2-2+2+1-1+1+2-3-2-2-1-2+2+1+4-2-2-1+1-12+12+2+0-2+2-2+2-2-1+1-3-2+2+2-4+0+2+2+1+2+0+2-2+2-2+2+1-1+1+2-3-2-2-1-2+2+1+4-2-2-1+1-12+16-2+2+1-1-2+2-4+2-2-1-2+2+1+2+2+1+2+0-2+2+0-2+2+2-2-2-1-2+0-2-1-2+2+1+4-2-2-1+1-12+16-2+2+1-1-2+2-4+2-2-1-2+2+1+2+2+1+2+0-2+2+0-2+2+2-2-2-1-2+0-2-1-2+2+1+4-2-2-1+1-12";"urdududdudduudruuuurududuuduuddddduuuddduduurdududdudduudruuuurududuuduuddddduuudddududuuddududdduuuuuurdurduuddddrddduuudddududuuddududdduuuuuurdurduuddddrddduuudddud"
"kt1_0079";"";"Kansantanssit";"Nuotti-kirja";"";"Samuel Rinda-Nickola";"1809";"85";"3/4";"F";"-()";"";"";"";"";"";"";"";"+2+2+1+2+2+2+1+4-2+3-6+3-2-1+1+2-2-3+0+8-8-2+0+9-9-2+0+9-9-1+3+5+4-2-2-1-2-2+5+4-12+3+5-1+1+2+2-4-1+3-8+3-2+7-2+0-1-2-2+2+0+2+1-1+1+2+2-4-1-2-2-1+1-12+5+2+2+1+2+2+2+1+4-2+3-6+3-2-1+1+2-2-3+0+8-8-2+0+9-9-2+0+9-9-1+3+5+4-2-2-1-2-2+5+4-12+3+5-1+1+2+2-4-1+3-8+3-2+7-2+0-1-2-2+2+0+2+1-1+1+2+2-4-1-2-2-1+1-12+12-1+1+2-2+0-3+1+2-3+1+6+3-2-1+1+2-12+2+1+2-2+0-3+2+1-1+3+5+4-2-2+0-12+4+3+4+1-5+9-4-1+1+2+0+2+1+0-3-2-1-2-2+5+0-1-2+0-2-2+0-1-2-2+2+2-4+0+7-1+1+2-2+0-3+1+2-3+1+6+3-2-1+1+2-12+2+1+2-2+0-3+2+1-1+3+5+4-2-2+0-12+4+3+4+1-5+9-4-1+1+2+0+2+1+0-3-2-1-2-2+5+0-1-2+0-2-2+0-1-2-2+2+2-4+0";"uuuuuuuudududduuddruddruddrudduuuddddduuduuduuuddudududrddduruuduuuddddduduuuuuuuuudududduuddruddruddrudduuuddddduuduuduuuddudududrddduruuduuudddddududuudrduuduuudduuduuudrduuduuuddrduuuududduuruurdddddurddrddrddduudruduudrduuduuudduuduuudrduuduuuddrduuuududduuruurdddddurddrddrddduudr"
"kt1_0080";"";"Kansantanssit";"Nuotti-kirja";"";"Samuel Rinda-Nickola";"1809";"86";"3/4";"d";"-()";"";"";"";"";"";"";"";"+1+4+0+1-1-2+2+0-2-2-1+1+2+2+0+1-1-2+2-2-2-1+0+1+0+0-1+1+2+2+0+1-1-2+2+1-1-2-2-1+1+2-2-5+5-1+1+2+2+0+1-1-2+2-2-2-1+0+1-1+1+4+0+1-1-2+2+0-2-2-1+1+2+2+0+1-1-2+2-2-2-1+0+1+0+0-1+1+2+2+0+1-1-2+2+1-1-2-2-1+1+2-2-5+5-1+1+2+2+0+1-1-2+2-2-2-1+0+1+0+2-2-1+1+2-2-1+1+2+2-2-2+2+0-2+2-2+2-2-1+1+2-2-1+1+2+2-2-2-1-2+0-1+0-4+0+4+0+1+2+1-1+1+2+3-1-2+2-7+2+1+4-4-3+3+4-4-3+2+3-3-3+1+0+3+2-2-1+1+2-2-1+1+2+2-2-2+2+0-2+2-2+2-2-1+1+2-2-1+1+2+2-2-2-1-2+0-1+0-4+0+4+0+1+2+1-1+1+2+3-1-2+2-7+2+1+4-4-3+3+4-4-3+2+3-3-3+1+0+3-1-2-1+1+2+1+2-2-1-2-1+1+3-1+1-1-2+2+1+2+2+1-1-2+2+0-4+2-3+1+2-3+1+2+2-2-2+2+0-2+2-2+2-2-1+1+2-2-1+1+2+2-2-2-1-2+0-1+0-4+0+4+0+1+2+1-1+1+2+3-1-2+2+0-7+2+1+4-4-3+3+4-4-3+2+3-3-3+1-12+15-1-2-1+1+2+1+2-2-1-2-1+1+3-1+1-1-2+2+1+2+2+1-1-2+2+0-4+2-3+1+2-3+1+2+2-2-2+2+0-2+2-2+2-2-1+1+2-2-1+1+2+2-2-2-1-2+0-1+0-4+0+4+0+1+2+1-1+1+2+3-1-2+2+0-7+2+1+4-4-3+3+4-4-3+2+3-3-3+1-12";"uuruddurddduuuruddudddrurrduuurudduudddduudduduuuruddudddruduuruddurddduuuruddudddrurrduuurudduudddduudduduuuruddudddrurudduudduuuddurdududduudduuuddddrdrdruruuuduuudduduuudduudduudduruudduudduuuddurdududduudduuuddddrdrdruruuuduuudduduuudduudduudduruddduuuudddduududduuuuuddurduduuduuuddurdududduudduuuddddrdrdruruuuduuuddurduuudduudduuddududdduuuudddduududduuuuuddurduduuduuuddurdududduudduuuddddrdrdruruuuduuuddurduuudduudduuddud"
"kt1_0081";"";"Kansantanssit";"Nuotti-kirja";"";"Samuel Rinda-Nickola";"1809";"87";"3/4";"d";"-()";"";"";"";"";"";"";"";"-1-2+7-4+2-2-1-2-1+1-1-3-1-3+1+3+0-3+0-3+1-1-2-1+1+2-7+12+4+0+3+1+0-1-2-1+0+1-1-4-4+16-17+15-17+15+0-1-2-1+1-12+15-1-2+7-4+2-2-1-2-1+1-1-3-1-3+1+3+0-3+0-3+1-1-2-1+1+2-7+12+4+0+3+1+0-1-2-1+0+1-1-4-4+16-17+15-17+15+0-1-2-1+1-12+14+1+2+2-2-2-1+1+4-2+2-2-3+1-5+5+4+1-1+0-2-2-1-2+3-1-2-1+1+2-3-4-4+16-17+15-17+15+0-1-2-1+1-12+14+1+2+2-2-2-1+1+4-2+2-2-3+1-5+5+4+1-1+0-2-2-1-2+3-1-2-1+1+2-3-4-4+16-17+15-17+15+0-1-2-1+1-12";"ddududdddudddduurdrduddduuduuruurdddrudddududurdddududdududdddudddduurdrduddduuduuruurdddrudddududurddduduuuuddduududduduuudrdddduddduudddududurddduduuuuddduududduduuudrdddduddduudddududurdddud"
"kt1_0082";"";"Kansantanssit";"Nuotti-kirja";"";"Samuel Rinda-Nickola";"1809";"88";"3/4";"G";"-()";"";"";"";"";"";"";"";"+4+7+1-1+1-1-2-2+2+2+1+2-3-4+4-11+4+7+1-1+1-1-2-2+2+2+1+2-3-4+4-6+0-1+1+4+2-2-2-2+0-1+3+0-3-4+2+2+1-1-2+5-3-4-12+17+0-1+1+4+2-2-2-2+0-1+3+0-3-4+2+2+1-1-2+5-3-4-12";"uuududdduuuudduduuududdduuuuddudrduuudddrdurdduuuddudddurduuudddrdurdduuudduddd"
"kt1_0083";"Kopsin Jonas";"Kansantanssit";"Nuotti-kirja";"";"Samuel Rinda-Nickola";"1809";"89";"3/4";"G";"-()";"";"";"";"";"";"Menee a-mollissa.";"";"+1+2+2+2+0-2-2+4-2-2+0-2-1+1+2-3-4+5+0+2+2+0-4-3+3+0-1-2-1+0+1+2+1+2+2+2+0-2-2+4-2-2+0-2-1+1+2-3-4+5+0+2+2+0-4-3+3+0-1-2-1+0+1+7+5-1+1-9-1-2+12+0-1+1-5-4-1-2+3+2+0+2+2+0+1+2+0-2-3+3-1-2-1+1-2-2-1+1+2-3-4+5+0+2+2+0-4-3+3+0-1-2-1+0+1+7+5-1+1-9-1-2+12+0-1+1-5-4-1-2+3+2+0+2+2+0+1+2+0-2-3+3-1-2-1+1-2-2-1+1+2-3-4+5+0+2+2+0-4-3+3+0-1-2-1+0+1+2+1+2-2-1+1+2+2+0-4+0-1-2-1+3+1+2-2-1+1+2+2+0-4+0-1-2-1+8+5-1+1-9-1-2+12+0-1+1-5-4-1+0-2+2+1+2-5-2+2+2-4+5-1+1+2+2+0-4-3+3+0-1-2-1+0+1+2+1+2-2-1+1+2+2+0-4+0-1-2-1+3+1+2-2-1+1+2+2+0-4+0-1-2-1+8+5-1+1-9-1-2+12+0-1+1-5-4-1+0-2+2+1+2-5-2+2+2-4+5-1+1+2+2+0-4-3+3+0-1-2-1+0+1";"uuuurdduddrdduudduruurddurdddruuuuuurdduddrdduudduruurddurdddruuududddurdudddduuruuruurdduddduddduudduruurddurdddruuududddurdudddduuruuruurdduddduddduudduruurddurdddruuuudduuurdrddduuudduuurdrddduududddurdudddrduuudduududuuurddurdddruuuudduuurdrddduuudduuurdrddduududddurdudddrduuudduududuuurddurdddru"
"kt1_0084";"Klockar Samuell Dikström";"Kansantanssit";"Nuotti-kirja";"";"Samuel Rinda-Nickola";"1809";"90";"3/4";"C";"-()";"";"";"";"";"";"Menee d-mollissa.";"";"+4-4-3+3+4-4-3+3+4-4-3+2+3-3-3+3+3-3-3+3+3-3-3+1-1-2+3-1+1+2-2-1-2-2+0-2-2-3+15+4-4-3+3+4-4-3+3+4-4-3+2+3-3-3+3+3-3-3+3+3-3-3+1-1-2+3-1+1+2+5-2+2+2-2-4+4-4-3+3+4-4-3+3+4-4-3+2+3-3-3+3+3-3-3+3+3-3-3+1-1-2+3-1+1+2-2-1-2-2+0-2-2-3+15+4-4-3+3+4-4-3+3+4-4-3+2+3-3-3+3+3-3-3+3+3-3-3+1-1-2+3-1+1+2+5-2+2+2-2-19+2+1+2+2+0+2-2-2-2+2+2+0+2-2-2-2+2-3+1-3+2+1+2+2+2+2+1+2+3-2-1-2-1+1-5-4-3+0+2+1+2+2-2-2-1+7+0+3-1+1-5-2-2+4-2-2-1-2+0+2+1+2+2+2+2+1+2+3+0-3-2-1+1-12+0+2+1+2+2+0+2-2-2-2+2+2+0+2-2-2-2+2-3+1-3+2+1+2+2+2+2+1+2+3-2-1-2-1+1-5-4-3+0+2+1+2+2-2-2-1+7+0+3-1+1-5-2-2+4-2-2-1-2+0+2+1+2+2+2+2+1+2+3+0-3-2-1+1-12";"udduudduudduudduudduuddudduduuddddrddduudduudduudduudduudduuddudduduuuduuddudduudduudduudduudduuddudduduuddddrddduudduudduudduudduudduuddudduduuuduudduuuuruddduurudddududuuuuuuuuuddddudddruuuudddurududdduddddruuuuuuuuurdddudruuuuruddduurudddududuuuuuuuuuddddudddruuuudddurududdduddddruuuuuuuuurdddud"
"kt1_0085";"Herttiginnan speli";"Kansantanssit";"Nuotti-kirja";"";"Samuel Rinda-Nickola";"1809";"91";"3/4";"D";"-()";"";"";"";"";"";"";"";"+0+2+0+2+1-1+1+2-3-4+0+2+3-1+1-8+5-2+0+0-1-2+2-4+2+2-4+5+0+2+2+1-1+1+2-3-4+2+3-1+1-3-2-1+1+4-2-2-1+1-12+12+0+2+0+2+1-1+1+2-3-4+0+2+3-1+1-8+5-2+0+0-1-2+2-4+2+2-4+5+0+2+2+1-1+1+2-3-4+2+3-1+1-3-2-1+1+4-2-2-1+1-12+0+12-12+12-12+12-1+3-3-4+12-5+2+1-3-2-12+0+12-12+12-1+3-3-4+10-3+2+1-3-2+2+2+1-3-2-1-2-2+5+4+3-2-1+1+2-2-3-2-1-2-2+5+4+3-19+12-12+12-12+12-1+3-3-4+12-5+2+1-3-2-12+0+12-12+12-1+3-3-4+10-3+2+1-3-2+2+2+1-3-2-1-2-2+5+4+3-2-1+1+2-2-3-2-1-2-2+5+4+3-12+5+4+3+0-12+4+3+3+0-5-1+3-2+4-2+3-1+3-2+4-2-2-1-2-2-1+1+2-2-1-2-2+5+7+0-8+3+3+0-5-1+3-2+2+3-1+3-2+4-2+2-4-3-3+0+1-5+5+4+3+0-12+4+3+3+0-5-1+3-2+4-2+3-1+3-2+4-2-2-1-2-2-1+1+2-2-1-2-2+5+7+0-8+3+3+0-5-1+3-2+2+3-1+3-2+4-2+2-4-3-3+0+1-5+5+4-4-1-4-12+22+0-1+1-1-4-5+5+4-4-1-4-12+22+0-1+1-1-9+5+4+3+0-12+4+3+3+0-5-1+3-2+4-2+3-1+3-2+4-2+2-4-3-3+0+1-5+5+4-4-1-4-12+22+0-1+1-1-4-5+5+4-4-1-4-12+22+0-1+1-1-9+5+4+3+0-12+4+3+3+0-5-1+3-2+4-2+3-1+3-2+4-2+2-4-3-3+0+1";"ruruuduuddruudududrrdduduuduruuuduudduududdduudddudururuuduuddruudududrrdduduuduruuuduudduududdduudddudrududududduduudddrudududduduudduuuddddduuudduudddddduuudududududduduudddrudududduduudduuuddddduuudduudddddduuuduuurduuurddudududududddddduudddduurduurdduduududududddruduuurduuurddudududududddddduudddduurduurdduduududududddruduuddddurduddduuddddurdudduuurduuurddududududududddruduuddddurduddduuddddurdudduuurduuurddududududududddru"
"kt1_0086";"";"Kansantanssit";"Nuotti-kirja";"";"Samuel Rinda-Nickola";"1809";"93";"3/4";"C";"-()";"";"";"";"";"";"Menee d-mollissa.";"";"-4+0+0+0+2-2-1-2+2+0+0-2+2+1+2+2-1+1+5+5-2-1-3+3-2-12+7-4+0+0+0+2-2-1-2+2+0+0-2+2+1+2+2-1+1+5+5-2-1-3+3-2-12+17-2+0-1+0-2+5+0-2+0-1+5+0-2+0-2+2-2-1-2+2+3-2+2+0-2-1-2-1-4+2+2+0+1+0-12+17-2+0-1+0-2+5+0-2+0-1+5+0-2+0-2+2-2-1-2+2+3-2+2+0-2-1-2-1-4+2+2+0+1+0-12";"drrrudddurrduuuuduuuddduddudrrrudddurrduuuuduuuddduddudrdrdurdrdurdrduddduudurddddduururdudrdrdurdrdurdrduddduudurddddduururd"
"kt1_0087";"";"Kansantanssit";"Nuotti-kirja";"";"Samuel Rinda-Nickola";"1809";"93";"3/4";"D";"-()";"";"";"";"";"";"";"";"+2+2+1+0+0-1-2-2-2-1-4+19-3+0+3+0-2-1+1-3+0+3+0-1-2+2+1+2-3+1-1-2+3-1-2-2-1+1-12+7+2+2+1+0+0-1-2-2-2-1-4+19-3+0+3+0-2-1+1-3+0+3+0-1-2+2+1+2-3+1-1-2+3-1-2-2-1+1-12+14+5+0-1-2+2+1+0-1-2-2-2-1-4+7-3+0+3+0-2-1+1-3+0+3-1-2-2+0+4+3+5-1-2-2-2-1-2-2+9-4-3-3+1-12+21+0+0+0+3+0-2-1+1-3-2-1-2-2+2+2+1+2+2+1+2-2-1-2+2-9+2+2+1+2+3-1-2-2-1+1-12+14+5+0-1-2+2+1+0-1-2-2-2-1-4+7-3+0+3+0-2-1+1-3+0+3-1-2-2+0+4+3+5-1-2-2-2-1-2-2+9-4-3-3+1-12+21+0+0+0+3+0-2-1+1-3-2-1-2-2+2+2+1+2+2+1+2-2-1-2+2-9+2+2+1+2+3-1-2-2-1+1-12";"uuurrddddddudrurddudrurdduuududdudddduduuuurrddddddudrurddudrurdduuududdudddduduurdduurddddddudrurddudrudddruuudddddddudddudurrrurdduddddduuuuuuuddduduuuuudddduduurdduurddddddudrurddudrudddruuudddddddudddudurrrurdduddddduuuuuuuddduduuuuuddddud"
"kt1_0088";"Samuell I. S.";"Kansantanssit";"Nuotti-kirja";"";"Samuel Rinda-Nickola";"1809";"94";"3/4";"d";"-()";"";"";"";"";"";"";"";"-1+1+2-2-1+1+2+1-1+1+2-2-1+1+2+2+1-1-2+2-4-1+1+4-4-1+1+2-2-1-2-1+1-9-1+1-1-2-1+1-5+8-1+1-3+2-3+1+12-1+1+2-2-1+1+2+1-1+1+2-2-1+1+2+2+1-1-2+2-4-1+1+4-4-1+1+2-2-1-2-1+1-9-1+1-1-2-1+1-5+8-1+1-3+2-3+1+12-1+1+2-2-9-1+1+4-4-1+1+2-2-1-2-1+1+19-2+2+3+0-2-1-2+0+0-2+2-2-1-2-1+1+2+1-1+1-3+2-3+1+0-1+1+2-2-9-1+1+4-4-1+1+2-2-1-2-1+1+19-2+2+3+0-2-1-2+0+0-2+2-2-1-2-1+1+2+1-1+1-3+2-3+1";"duudduuuduudduuuuddudduudduudddduddudddududududuuduudduuuduudduuuuddudduudduudddduddudddududududuuduuddduudduudddduuduurdddrrdudddduuudududurduuddduudduudddduuduurdddrrdudddduuudududu"
"kt1_0089";"";"Kansantanssit";"Nuotti-kirja";"";"Samuel Rinda-Nickola";"1809";"95";"3/4";"C";"-()";"";"";"";"";"";"";"";"+2+0+2+3-2+2+2-4+2-2-1-2-2-1-4+5+2+0+2+3-2+2+2-4+2-12-12+17+2+0+2+3-2+2+2-4+2-2-1-2-2-1-4+5+2+0+2+3-2+2+2-4+2-12-12+17-1+1-3+2+1-1-2-2-2-1-4+0+12-3+3-1+1+2-3+1-12+0+12-1+1-3+2+1-1-2-2-2-1-4+0+12-3+3-1+1+2-3+1-12+0";"uruuduududddddduuruuduududduuruuduududddddduuruuduududdududuuddddddrududuududrududuuddddddrududuududr"
"kt1_0090";"";"Kansantanssit";"Nuotti-kirja";"";"Samuel Rinda-Nickola";"1809";"96";"3/4";"D";"-()";"";"";"";"";"";"";"";"-1+1+2-3-4+0+5-1-2-2-1+1-5-3-4+14-3+0+3+0+2+1-1+1+2-2-1-2+2+1-1+1+2-3-4+0+5-1-2-2-1+1-5-3-4+14-3+0+3+0+2+1-1+1+2-2-1-2+2+0+1+2-3-4-2-1-2-2-1+1-3+19-2-2-1-2+0-3+1-1-2+5-3-4+4+0+3+0+3-1-4+0+4+0+3-12+2+0+2+1+2+3-1-2-2-1+1-12+16+1+2-3-4-2-1-2-2-1+1-3+19-2-2-1-2+0-3+1-1-2+5-3-4+4+0+3+0+3-1-4+0+4+0+3-12+2+0+2+1+2+3-1-2-2-1+1-12";"duuddruddddudddudruruuduuddduuduuddruddddudddudruruuduuddduruudddddddududdddrdudduddururuddruruduruuuudddduduuudddddddududdddrdudduddururuddruruduruuuuddddud"
"kt1_0091";"Mats Möyröö";"Kansantanssit";"Nuotti-kirja";"";"Samuel Rinda-Nickola";"1809";"96";"3/4";"G";"-()";"";"";"";"";"";"";"";"+0+4+0+3+0-2-1-2+2+1-1-2+2-2-2+0+4+0+3+0-2-1-2+2+1-1-2+2+0+3+0+4+0+3+0-2-1-2+2+1-1-2+2-2-2+0+4+0+3+0-3+1+2-3+1-1-2+2+0+3-2-1+3-2-1-2+3-1-4+2-2-1+3-2-12+5+0+4+0+3+0-2-1-2+2+1-1-2+2-2-2+0+4+0+3+0-2-1-2+2+1-1-2+2+0+3+0+4+0+3+0-2-1-2+2+1-1-2+2-2-2+0+4+0+3+0-3+1+2-3+1-1-2+2+0+3-2-1+3-2-1-2+3-1-4+2-2-1+3-2-12+17-1-2+3+0-1-2+2+1-1+1-3-2+2+2+1+0-3-2-3+5-4-1+1+4-4-1+1+2-2-1-2+3-1+1+2+2+0-2-2-1-2+2+1-1-2-2+2+3-1-4-1+1+2-3+1-12+24-1-2+3+0-1-2+2+1-1+1-3-2+2+2+1+0-3-2-3+5-4-1+1+4-4-1+1+2-2-1-2+3-1+1+2+2+0-2-2-1-2+2+1-1-2-2+2+3-1-4-1+1+2-3+1-12+24+2-2-1+1+2-2-1+1+2-2-1+1-1+1+2+2+0-2-2-1-2+2+1-1-2+2+1-1-2+2+1-1-4+2+2+1-1-2-2-3+1+2-2-1+1+2-2-1+1+2-2-1+1-1+1+2+2+0-2-2-1-2+2+1-1-2+2+1-1-2+3-1-2-2-1+1-12+24+2-2-1+1+2-2-1+1+2-2-1+1-1+1+2+2+0-2-2-1-2+2+1-1-2+2+1-1-2+2+1-1-4+2+2+1-1-2-2-3+1+2-2-1+1+2-2-1+1+2-2-1+1-1+1+2+2+0-2-2-1-2+2+1-1-2+2+1-1-2+3-1-2-2-1+1-12";"rururddduudduddrururddduuddururururddduudduddrururduududdurudduddduddudduddurururddduudduddrururddduuddururururddduudduddrururduududduruddudddudduddudduddurdduududduuurdddudduudduuddduduuurdddduuddduuddduudududdurdduududduuurdddudduudduuddduduuurdddduuddduuddduududuudduudduudduduuurdddduudduudduudduuudddduudduudduudduduuurdddduudduuddudddduduudduudduudduduuurdddduudduudduudduuudddduudduudduudduduuurdddduudduudduddddud"
"kt1_0092";"";"Kansantanssit";"Nuotti-kirja";"";"Samuel Rinda-Nickola";"1809";"98";"3/4";"G";"-()";"";"";"";"";"";"";"";"+4-4-5+5-5-3+0+3+0+0-2-1+8+4-4-5+5-5-3+0+3+0-2+0-1+8+4+0-4+0-3+2+3+0-3+0-4+0+2+2+1-1-2+3-1-2-2-1+1+5+4-4-5+5-5-3+0+3+0+0-2-1+8+4-4-5+5-5-3+0+3+0-2+0-1+8+4+0-4+0-3+2+3+0-3+0-4+0+2+2+1-1-2+3-1-2-2-1+1+0+9-9+0+9-9-2+0+9-9+0+9-9-1+3+9-9+0+9-9-2+0+9-9+0+9-9-1+3+5-1+1+0-5-3-4+9-4-3-3+1-12+19+9-9+0+9-9-2+0+9-9+0+9-9-1+3+9-9+0+9-9-2+0+9-9+0+9-9-1+3+5-1+1+0-5-3-4+9-4-3-3+1-12";"udduddrurrdduudduddrurdrduurdrduurdrdruuuddudddduuudduddrurrdduudduddrurdrduurdrduurdrdruuudduddddurudruddrudrudduudruddrudrudduudurddduddduduudruddrudrudduudruddrudrudduudurdddudddud"
"kt1_0093";"";"Kansantanssit";"Nuotti-kirja";"";"Samuel Rinda-Nickola";"1809";"99";"3/4";"D";"-()";"";"";"";"";"";"";"";"-3+3-2-3+3-1-9-3+0+1-3+0+2-4+2+2+1+2+2+2+1+2-3+1-3+3-1-4+12-3+3-2-3+3-1-9-3+0+1-3+0+2-4+2+2+1+2+2+2+1+2-2-1+1-12+19-3+3-2-3+3-1-9-3+0+1-3+0+2-4+2+2+1+2+2+2+1+2-3+1-3+3-1-4+12-3+3-2-3+3-1-9-3+0+1-3+0+2-4+2+2+1+2+2+2+1+2-2-1+1-12+14-3+3-2-3+3-1-4+2-2-1+1+2+2+1+2+2+2+1-5-3-4+5-3-2-1+1-12+24-3+1-1-2+3-1-2-2-1+1+2-3+3-2-3+3-1-4+2-2-1+1+2+2+1+2+2+2+1-5-3-4+5-3-2-1+1-12+24-3+1-1-2+3-1-2-2-1+1";"duddudddrudruduuuuuuuudududdududdudddrudruduuuuuuuuddudududdudddrudruduuuuuuuudududdududdudddrudruduuuuuuuuddudududduddudduuuuuuuudddudddudududdudddduududduddudduuuuuuuudddudddudududduddddu"
"kt1_0094";"";"Kansantanssit";"Nuotti-kirja";"";"Samuel Rinda-Nickola";"1809";"99";"3/4";"C";"-()";"";"";"";"";"";"Menee d-mollissa.";"";"-1+5+0-4+4-5+1+0-1-2+2+1+2+2-2+2-2-2+0-1+1-1+1+2+2+0-2+2-4-1-2-1+1+2+1+0-1-2-1+1-12+15-1+5+0-4+4-5+1+0-1-2+2+1+2+2-2+2-2-2+0-1+1-1+1+2+2+0-2+2-4-1-2-1+1+2+1+0-1-2-1+1-12+15-1-2-1+1+3-1+1-3+2+1+0-1+1+4-2-2-1-2-1+1+2-3+1-12+15-1-2-1+1+3-1+1-3+2+1+0-1+1+4-2-2-1-2-1+1+2-3+1-12";"durdudurdduuuududdrduduuurdudddduuurdddududurdudurdduuuududdrduduuurdudddduuurdddududdduududuurduuddddduudududdduududuurduuddddduudud"
"kt1_0095";"1. Hää-polska";"Kansantanssit";"Vanhoja polskia";"";"Robert Lehrbäck, lukkari Kuopiosta";"24";"103";"3/4";"D";"Pohjanmaa, Liminka(Liminka)";"";"Pohjois-Pohjanmaa";"Oulun lääni";"";"Osa kappaleista (95-111) on 1700-luvun puolestavälistä.";"";"";"+0+2-2+2-4-1+3-2-1+1+4-2+2-2-3+5-4-3-3+1+2+2+1+2+2-2+2-4-1+3-2-1+1+4-2+2-2-3-4+5-3-2+7+0+2-2+2-4-1+3-2-1+1+4-2+2-2-3+5-4-3-3+1+2+2+1+2+2-2+2-4-1+3-2-1+1+4-2+2-2-3-4+5-3-2-1-2+2+1+2+2+1-1+3-2-3-2-1-2+2+1+2+3-1+3+0-2-3-2+4+3+2-2-3+1+4-4-3+2+3-2-1-4+5-3-2+2+2+1+2-8-2+2+1+2+2+1-1+3-2-3-2-1-2+2+1+2+3-1+3+0-2-3-2+4+3+2-2-3+1+4-4-3+2+3-2-1-4+5-3+0-2";"rududdudduududduddduuuuuududdudduududdduddurududdudduududduddduuuuuududdudduududddudddduuuuududdddduuuudurddduuudduudduudddudduuuudduuuuududdddduuuudurddduuudduudduudddudrd"
"kt1_0096";"2. Hää-polska (Ehta punasta)";"Kansantanssit";"Vanhoja polskia";"";"Robert Lehrbäck, lukkari Kuopiosta";"24";"104";"3/4";"D";"Pohjanmaa, Liminka(Liminka)";"";"Pohjois-Pohjanmaa";"Oulun lääni";"";"Osa kappaleista (95-111) on 1700-luvun puolestavälistä.";"";"";"+0-3+3+5-5-3+3+5-5+2+0-4+4+3-3-4+4+3-3-4+4+3-1+0-4-3+3+2-2+2+2-4+5-1-2-2+5-5-3-4+2+2+1+2+0-3+3+5-5-3+3+5-5+2+0-4+4+3-3-4+4+3-3-4+4+3-1+0-4-3+3+2-2+2+2+1-3-2+2+2+1-12+2+2-4+2+2+1-3+2+1+2-3-4+5+4-2-2-1+1-3+2+1-3-2-1+1+2-3-4+2+2+1+2+3-1+3-2-1+1-3+2-4+2-3+1+2-3+1+2+2-4+2+2+1-3+2+1+2-3-4+5+4-2-2-1+1-3+2+1-3-2-1+1+2-3-4+2+2+1+2+3-1+3-2-3-3+3-2";"rduudduudurduudduudduudrdduuduududdduddduuuurduudduudurduudduudduudrdduuduuudduuuduuduuuduuudduuddduduuddduudduuuuududdudududuuduuuduuuduuudduuddduduuddduudduuuuududddud"
"kt1_0097";"3. Hää-polska";"Kansantanssit";"Vanhoja polskia";"";"Robert Lehrbäck, lukkari Kuopiosta";"24";"105";"3/4";"C";"Pohjanmaa, Liminka(Liminka)";"";"Pohjois-Pohjanmaa";"Oulun lääni";"";"Osa kappaleista (95-111) on 1700-luvun puolestavälistä.";"";"";"-5+5+4-4+4+3-3+3+5-5+5+4-4+4+3-3+3-2+4-4-3+3-1-2-2-1+1+4+3-2+2+2-2-2-1-16+0-5+5+4+0-4+4+3+0-3+3+5+0-5+5+4+0-4+4+3+0-3+3-2+4-4-3+3-1-2-2-1+1-3-2+5-1+3-2-12-5+5+4-4+4+3-3+3+5-5+5+4-4+4+3-3+3-2+4-4-3+3-1-2-2-1+1+4+3-2+2+2-2-2-1-16+0-5+5+4+0-4+4+3+0-3+3+5+0-5+5+4+0-4+4+3+0-3+3-2+4-4-3+3-1-2-2-1+1-3-2+5-1+3-2+7+5-5-3+3-3-4+4-4-5+2+2+1+2+2+3-2-3+2+1+4-2-2-1+5-4-3-2-1+1+4+3-2+2+2-2-2-1+3+5-5-3+3-3-4+4-4-5+2+2+1+2+2+3-2-3+2+1+4-2-2-1+5-4-3-2-1+1-3-2+5-1+3-2+7+5-5-3+3-3-4+4-4-5+2+2+1+2+2+3-2-3+2+1+4-2-2-1+5-4-3-2-1+1+4+3-2+2+2-2-2-1+3+5-5-3+3-3-4+4-4-5+2+2+1+2+2+3-2-3+2+1+4-2-2-1+5-4-3-2-1+1-3-2+5-1+3-2+9-4-5+5+4+3-1-2-2+2-2-2+2+5-8+3+0-2-3+2+1-1+1+4-2+2-2-2-1-2-2-1+1+2+2+1+2+2-4-5+5+4+3-1-2-2+2-2-2+2+5-8+3+0-2-3+2+1-1+1+4-2+2-4-1-2-2-1+3-2+9-4-5+5+4+3-1-2-2+2-2-2+2+5-8+3+0-2-3+2+1-1+1+4-2+2-2-2-1-2-2-1+1+2+2+1+2+2-4-5+5+4+3-1-2-2+2-2-2+2+5-8+3+0-2-3+2+1-1+1+4-2+2-4-1-2-2-1+3-2";"duuduuduuduuduudududdudddduuuduuddddrduurduurduurduurduurdududdudddduddududdduuduuduuduuduudududdudddduuuduuddddrduurduurduurduurduurdududdudddduddududuudduddudduuuuuudduuudddudddduuuduuddduudduddudduuuuuudduuudddudddduddududuudduddudduuuuuudduuudddudddduuuduuddduudduddudduuuuuudduuudddudddduddudududduuudddudduudurdduuduududddddduuuuuudduuudddudduudurdduuduududddddududduuudddudduudurdduuduududddddduuuuuudduuudddudduudurdduuduududddddud"
"kt1_0098";"Pertun polska";"Kansantanssit";"Vanhoja polskia";"";"Robert Lehrbäck, lukkari Kuopiosta";"24";"106";"3/4";"D";"Pohjanmaa, Liminka(Liminka)";"";"Pohjois-Pohjanmaa";"Oulun lääni";"";"Osa kappaleista (95-111) on 1700-luvun puolestavälistä.";"Menee lopuksi A-duurissa.";"";"+0-2-1+8-1-2-2-2-1+1-3+0+12-2-1-2-2-2-1+1-3+2-4+17-1-2-2-1-2-2+2-2-2-1+1+2-3-4+2+2+1+2+0-2-1+8-1-2-2-2-1+1-3+0+12-2-1-2-2-2-1+1-3+2-4+17-1+1-3-2-1-2-2+5-1+3-2-5+0-2-1+8-1-2-2-2-1+1-3+0+12-2-1-2-2-2-1+1-3+2-4+17-1-2-2-1-2-2+2-2-2-1+1+2-3-4+2+2+1+2+0-2-1+8-1-2-2-2-1+1-3+0+12-2-1-2-2-2-1+1-3+2-4+17-1+1-3-2-1-2-2+5-1+3-2-5-3+3+2+2-4+2+2+3-2-1+1+2-3+1+2+2-4-1+1+4-2-1+1+2+1-1-2-1+1+2+2+1-5-3-4-3+3+2+2-4+2+2+3-2-1+1+2-3+1+2+3-1-2-2+4-4-3+0+0+8-1-2-2+0-1+3-2-5-3+3+2+2-4+2+2+3-2-1+1+2-3+1+2+2-4-1+1+4-2-1+1+2+1-1-2-1+1+2+2+1-5-3-4-3+3+2+2-4+2+2+3-2-1+1+2-3+1+2+3-1-2-2+4-4-3+0+0+8-1-2-2+0-1+3-2+2-3+2+1+2+2+1-1+1-1+3-7+4+1-1-2-2-1+1+2+2+1-1-2-2-2-1-2-2-1+1+5-3-3+1+2+5-3+2+1+2+2+1-1+1-1+3-7+4+1-1-2-2-1+1+2+2+1-8+1+6-2-2-2-1+0-2-2+7-3+2+1+2+2+1-1+1-1+3-7+4+1-1-2-2-1+1+2+2+1-1-2-2-2-1-2-2-1+1+5-3-3+1+2+5-3+2+1+2+2+1-1+1-1+3-7+4+1-1-2-2-1+1+2+2+1-8+1+6-2-2-2-1+0-2-2";"rddudddddudruddddddudududddddduddduudduuuurddudddddudruddddddududududddddududdrddudddddudruddddddudududddddduddduudduuuurddudddddudruddddddududududddddududdduuuduuudduuduuudduudduuuddduuuudddduuuduuudduuduuuddduddrrudddrduddduuuduuudduuduuudduudduuuddduuuudddduuuduuudduuduuuddduddrrudddrdududuuuuudududuudddduuuudddddddduudduuuduuuuudududuudddduuuuduuddddrdduduuuuudududuudddduuuudddddddduudduuuduuuuudududuudddduuuuduuddddrdd"
"kt1_0099";"Orpolasten Polska";"Kansantanssit";"Vanhoja polskia";"";"Robert Lehrbäck, lukkari Kuopiosta";"24";"108";"3/4";"d";"Pohjanmaa, Liminka(Liminka)";"";"Pohjois-Pohjanmaa";"Oulun lääni";"";"Osa kappaleista (95-111) on 1700-luvun puolestavälistä.";"";"";"-1+1-5+3-2-3+5+0-2-1+5-4-1-3+1-1+1+2+1+2+2-4-1-2+0-1+3-2-1-4+0+12-1+1-5+3-2-3+5+2-2-2-1+5-4-1-3+1-1+1+2+1+2+2-4-1-2+3-1-2-1+1-5+12-1+1-5+3-2-3+5+0-2-1+5-4-1-3+1-1+1+2+1+2+2-4-1-2+0-1+3-2-1-4+0+12-1+1-5+3-2-3+5+2-2-2-1+5-4-1-3+1-1+1+2+1+2+2-4-1-2+3-1-2-1+1-5+5-1+1+2+3-2-1-2+7+0+4+0+1-12-1+1+2+1+2+2-4-1-2+0-1+3-2-1-4+0+5-1+1+2+1-1+1+2+2-4-1-2+2+3+2-2-3+1+4-4-1-3+1-1+1+2+1+2+2-4-1-2+3-1-2-1+1-5+5-1+1+2+3-2-1-2+7+0+4+0+1-12-1+1+2+1+2+2-4-1-2+0-1+3-2-1-4+0+5-1+1+2+1-1+1+2+2-4-1-2+2+3+2-2-3+1+4-4-1-3+1-1+1+2+1+2+2-4-1-2+3-1-2-1+1-5+8-1+1+2+2-4-1+1+4-4-1+1+4+0+0-2+3-3+2-4-1+1+2+2-4-5+5+5-1-2-2-1-4+4+3-2-5+5+5-1-2-2-1-2+0-2-1+1+5-5+5-5+7-7+7-7+9-9+9-9+9-2+3-1-2-2-1-2-1+1+2+3-2-1-2-1+3-2+3-1+1+2+2-4-1+1+4-4-1+1+4+0+0-2+3-3+2-4-1+1+2+2-4-5+5+5-1-2-2-1-4+4+3-2-5+5+5-1-2-2-1-2+0-2-1+1+5-5+5-5+7-7+7-7+9-9+9-9+9-2+3-1-2-2-1-2-1+1+2+3-2-1-2-1+3-2";"dududdurdduddduduuuuudddrdudddrudududduuddduddduduuuuudddudddududududdurdduddduduuuuudddrdudddrudududduuddduddduduuuuudddudddududuuudddururudduuuuudddrdudddruduuuduuuddduuudduuddduduuuuudddudddududuuudddururudduuuuudddrdudddruduuuduuuddduuudduuddduduuuuudddudddududuuudduudduurrdududduuudduuddddduudduudddddrdduududududududududddddduuuddddududuuudduudduurrdududduuudduuddddduudduudddddrdduududududududududddddduuuddddud"
"kt1_0100";"Varpusen Polska";"Kansantanssit";"Vanhoja polskia";"";"Robert Lehrbäck, lukkari Kuopiosta";"24";"110";"3/4";"d";"Pohjanmaa, Liminka(Liminka)";"";"Pohjois-Pohjanmaa";"Oulun lääni";"";"Osa kappaleista (95-111) on 1700-luvun puolestavälistä.";"";"";"-1+1+5-1+1+2+1-3+3-1-2-5-1+1+5-1+1+2+3+0-2-1-2+3-1+1+2+2-2+3-1+0-4-1-2-1+1-1+1+2+2-4-1+1+4-4-5-1+1+5-1+1+3-1+3-2-1-2-5-1+1+5-1+1+3-1+3-2-1+3-2-1+1+2+2-2+3-3+2-4-1-2-1+1+3-1-3+1-5-1+1+5-1+1+2+1-3+3-1-2-5-1+1+5-1+1+2+3+0-2-1-2+3-1+1+2+2-2+3-1+0-4-1-2-1+1-1+1+2+2-4-1+1+4-4-5-1+1+5-1+1+3-1+3-2-1-2-5-1+1+5-1+1+3-1+3-2-1+3-2-1+1+2+2-2+3-3+2-4-1-2-1+1+3-1-3+1-2+5+4-4-5+5+4-4+5-1-2-2-5+4+3-3-4+4+3-3+5-2-2-1-4+5+4-4-5+5+4-4+4+1-3+2-4-1+3-2-1-2+2+3+0-2-1-2-5-1+1+5-1+1+3-3+5-2-1-2-5-1+1+5-1+1+2+3+0-2-1-2+3-1+1+2+2-2+3-3+2-4-1-2-1+1+3-1-3+1-2+5+4-4-5+5+4-4+5-1-2-2-5+4+3-3-4+4+3-3+5-2-2-1-4+5+4-4-5+5+4-4+4+1-3+2-4-1+3-2-1-2+2+3+0-2-1-2-5-1+1+5-1+1+3-3+5-2-1-2-5-1+1+5-1+1+2+3+0-2-1-2+3-1+1+2+2-2+3-3+2-4-1-2-1+1+3-1-3+1";"duuduuududddduuduuurddduduuududrdddduduuudduuddduuduududdddduuduududdudduuudududddduuddudduuduuududddduuduuurddduduuududrdddduduuudduuddduuduududdddduuduududdudduuudududddduudduduudduududddduudduududddduudduuduududduddduurddddduuduududdddduuduuurddduduuudududddduudduduudduududddduudduududddduudduuduududduddduurddddduuduududdddduuduuurddduduuudududddduuddu"
"kt1_0101";"Koko-maailman Polska";"Kansantanssit";"Vanhoja polskia";"";"Robert Lehrbäck, lukkari Kuopiosta";"24";"111";"3/4";"d";"Pohjanmaa, Liminka(Liminka)";"";"Pohjois-Pohjanmaa";"Oulun lääni";"";"Osa kappaleista (95-111) on 1700-luvun puolestavälistä.";"";"";"-1+1-4-1+1-3+2+1+2+2-4-1-2+3-1-2-1+1+2-3+1+2+1-3+2+1+2-3+1+2+2-4+4-2+3-1-2+2-1+1-4-3-5+12-1+1-4-1+1-3+2+1+2+2-4-1-2+3-1-2-1+1+2-3+1+2+1-3+3-1+5-1+1-4-1-2+3-1-2-1+3-2+7-1+1-4-1+1-3+2+1+2+2-4-1-2+3-1-2-1+1+2-3+1+2+1-3+2+1+2-3+1+2+2-4+4-2+3-1-2+2-1+1-4-3-5+12-1+1-4-1+1-3+2+1+2+2-4-1-2+3-1-2-1+1+2-3+1+2+1-3+3-1+5-1+1-4-1-2+3-1-2-1+3-2+3-1-2-2-2-1-2-2-1+1+2+2+8-1+5-2-2-1-2-2-1+1+2+2+1+0+2+0+2-9+10-1-2-2-1-4+4+3+0+3-3-3+5+3-2-1+0-2+3-3+0-2+4+3+2-2-3-4+4+3+2-2-3-4+7-2-1+1+4-2+0-3+3+2-2-3-4+4+3+2-2-3-4+4+3-2-1+0-2+3-3+0-2+4+3+2-2-3-4+4+3+2-2-3-4+7-2-1+1+4-2+0-3+3+2-2-3-4+4+3+2-2-3-4+4+3-2-1+0-2+3-3+0-2+4+3+2-2-3-4+4+3+2-2-3-4+7-2-1+1+4-2+0-3+3+2-2-3-4+4+3+2-2-3-4+4+3-2-1+0-2+3-3+0-2+4+3+2-2-3-4+4+3+2-2-3-4+7-2-1+1+4-2+0-3+3+2-2-3-4+4+3+2-2-3-4+4+3-2-1+0-2+3-3+0-2+4+3+2-2-3-4+4+3+2-2-3-4+7-2-1+1+4-2+0-3+3+2-2-3-4+4+3+2-2-3-4+4+3-2-1+0-2+3-3+0-2+4+3+2-2-3-4+4+3+2-2-3-4+7-2-1+1+4-2+0-3+3+2-2-3-4+4+3+2-2-3-4+4+3-2-1+0-2+3-3+0-2+4+3+2-2-3-4+4+3+2-2-3-4+7-2-1+1+4-2+0-3+3+2-2-3-4+4+3+2-2-3-4+4+3-2-1+0-2+3-3+0-2+4+3+2-2-3-4+4+3+2-2-3-4+7-2-1+1+4-2+0-3+3+2-2-3-4+4+3+2-2-3-4+4+3-2-1+0-2+3-3+0-2+4+3+2-2-3-4+4+3+2-2-3-4+7-2-1+1+4-2+0-3+3+2-2-3-4+4+3+2-2-3-4+4+3-2-1+0-2+3-3+0-2+4+3+2-2-3-4+4+3+2-2-3-4+7-2-1+1+4-2+0-3+3+2-2-3-4+4+3+2-2-3-4+4+3-2-1+0-2+3-3+0-2+4+3+2-2-3-4+4+3+2-2-3-4+7-2-1+1+4-2+0-3+3+2-2-3-4+4+3+2-2-3-4+4+3-2-1+0-2+3-3+0-2+4+3+2-2-3-4+4+3+2-2-3-4+7-2-1+1+4-2+0-3+3+2-2-3-4+4+3+2-2-3-4+4+3-2-1+0-2+3-3+0-2+4+3+2-2-3-4+4+3+2-2-3-4+7-2-1+1+4-2+0-3+3+2-2-3-4+4+3+2-2-3-4+4+3-2-1+0-2+3-3+0-2+4+3+2-2-3-4+4+3+2-2-3-4+7-2-1+1+4-2+0-3+3+2-2-3-4+4+3+2-2-3-4+4+3-2-1+0-2+3-3+0-2+4+3+2-2-3-4+4+3+2-2-3-4+7-2-1+1+4-2+0-3+3+2-2-3-4+4+3+2-2-3-4+4+3-2-1+0-2+3-3+0-2+4+3+2-2-3-4+4+3+2-2-3-4+7-2-1+1+4-2+0-3+3+2-2-3-4+4+3+2-2-3-4+4+3-2-1+0-2+3-3+0-2+4+3+2-2-3-4+4+3+2-2-3-4+7-2-1+1+4-2+0-3+3+2-2-3-4+4+3+2-2-3-4+4+3-2-1+0-2+3-3+0-2+4+3+2-2-3-4+4+3+2-2-3-4+7-2-1+1+4-2+0";"dudduduuuuddduddduuduuuduuuduuudududdududddududduduuuuddduddduuduuududududddudddudududduduuuuddduddduuduuuduuuduuudududdududddududduduuuuddduddduuduuududududddudddududddddddduuuududddddduuuururududdddduurudduuddrdudrduuuddduuudddudduudrduuddduuuddduuddrdudrduuuddduuudddudduudrduuddduuuddduuddrdudrduuuddduuudddudduudrduuddduuuddduuddrdudrduuuddduuudddudduudrduuddduuuddduuddrdudrduuuddduuudddudduudrduuddduuuddduuddrdudrduuuddduuudddudduudrduuddduuuddduuddrdudrduuuddduuudddudduudrduuddduuuddduuddrdudrduuuddduuudddudduudrduuddduuuddduuddrdudrduuuddduuudddudduudrduuddduuuddduuddrdudrduuuddduuudddudduudrduuddduuuddduuddrdudrduuuddduuudddudduudrduuddduuuddduuddrdudrduuuddduuudddudduudrduuddduuuddduuddrdudrduuuddduuudddudduudrduuddduuuddduuddrdudrduuuddduuudddudduudrduuddduuuddduuddrdudrduuuddduuudddudduudrduuddduuuddduuddrdudrduuuddduuudddudduudrduuddduuuddduuddrdudrduuuddduuudddudduudrduuddduuuddduuddrdudrduuuddduuudddudduudr"
"kt1_0102";"Keisari Aleksander I:n Polska";"Kansantanssit";"Vanhoja polskia";"";"Robert Lehrbäck, lukkari Kuopiosta";"24";"112";"3/4";"D";"Pohjanmaa, Liminka(Liminka)";"";"Pohjois-Pohjanmaa";"Oulun lääni";"";"Osa kappaleista (95-111) on 1700-luvun puolestavälistä.";"";"";"-5+5-5+5-5+5+4-9+5+4-9+5+4+3+5+12+0+0-1-2-2+2-2+2+2+1-12+12+0+0-1-2-2+2-2+2+2+1-12+12+0+0-1-2-2-2-1+1+2-3-4+12+0+0-1-2-2+2-2+2+2+1+0-5-3+3+5-5-3+3+5-5-3-4+7-12+0+0+0+2+2+1+4+3-3+1-3-3-4+5+0-1+1+2+2+1-1-2-7+0+0+0+5+4+3-3+1-3-3-4+5+0+2-2-1-2+8-1-2-2-1+3-2-12-5+5-5+5-5+5+4-9+5+4-9+5+4+3+5+12+0+0-1-2-2+2-2+2+2+1-12+12+0+0-1-2-2+2-2+2+2+1-12+12+0+0-1-2-2-2-1+1+2-3-4+12+0+0-1-2-2+2-2+2+2+1+0-5-3+3+5-5-3+3+5-5-3-4+7-12+0+0+0+2+2+1+4+3-3+1-3-3-4+5+0-1+1+2+2+1-1-2-7+0+0+0+5+4+3-3+1-3-3-4+5+0+2-2-1-2+8-1-2-2-1+3-2+4+0+0+3-2-1-2+3-1-2-2+0+0+4-2-2-1+3-2-1-2+0+0+0+0+2-2+0+0+0+0-1+1+0+0+0+3-1+3-2-1-2+0-2+0+0+5+4+3-3+1-3-3-4+5+0-1+1+2+2+1-1-2-7+0+0+0+5+4+3-3+1-3-3-4+5+0+4-2-2-1-2+8-1-2-2-1+3-2+4+0+0+3-2-1-2+3-1-2-2+0+0+4-2-2-1+3-2-1-2+0+0+0+0+2-2+0+0+0+0-1+1+0+0+0+3-1+3-2-1-2+0-2+0+0+5+4+3-3+1-3-3-4+5+0-1+1+2+2+1-1-2-7+0+0+0+5+4+3-3+1-3-3-4+5+0+4-2-2-1-2+8-1-2-2-1+3-2+7+0+5-8+3+0-2+0+0-3+2+1+0+4-2-2-1-2+3-1-4+0+4-2+0+0+2+1+2-2-1-4+4+3+5-1-2-2-2-1+0-2+0+0+0+0+0+5-2-1+0+5-2+2-2-12+0+0+0+10-1-2+0+5-2+0-1-4+0+0+0+2+0+0-3+1+2+2+1+2-2+4-2-2-1+3-2-1-2+3-1-4-1+1+2+2+1+2-2-1-2+0-2+7+0+5-8+3+0-2+0+0-3+2+1+0+4-2-2-1-2+3-1-4+0+4-2+0+0+2+1+2-2-1-4+4+3+5-1-2-2-2-1+0-2+0+0+0+0+0+5-2-1+0+5-2+2-2-12+0+0+0+10-1-2+0+5-2+0-1-4+0+0+0+2+0+0-3+1+2+2+1+2-2+4-2-2-1+3-2-1-2+3-1-4-1+1+2+2+1+2-2-1-2+0-2";"dududuuduuduuuuurrddduduuudurrddduduuudurrddddduuddurrddduduuurdduudduudddudrrruuuuududddurduuuudddrrruuududdduruddduddddudddududuuduuduuuuurrddduduuudurrddduduuudurrddddduuddurrddduduuurdduudduudddudrrruuuuududddurduuuudddrrruuududdduruddduddddudurrudddudddrrudddudddrrrrudrrrrdurrrududddrdrruuududddurduuuudddrrruuududddurudddduddddudurrudddudddrrudddudddrrrrudrrrrdurrrududddrdrruuududddurduuuudddrrruuududddurudddduddddudurudurdrrduurudddduddrudrruuuddduuudddddrdrrrrruddrududdrrruddrudrddrrrurrduuuuududdduddduddduuuuudddrdurudurdrrduurudddduddrudrruuuddduuudddddrdrrrrruddrududdrrruddrudrddrrrurrduuuuududdduddduddduuuuudddrd"
"kt1_0103";"Elisabethin Polska";"Kansantanssit";"Vanhoja polskia";"";"Robert Lehrbäck, lukkari Kuopiosta";"24";"115";"3/4";"D";"Pohjanmaa, Liminka(Liminka)";"";"Pohjois-Pohjanmaa";"Oulun lääni";"";"Osa kappaleista (95-111) on 1700-luvun puolestavälistä.";"";"";"+0+0+0+0-5-3+3+0+0+0+0-3-4+4+3-12+0+0+0+0+10+2-2-1-2+2-2-2-1+3+5-2-1-4+0-1+1+2+2-2+2+3-2+2-2-1-2+2-2-2-1+3+5-2-1-4+0-1+1+2+2+3+0+0+2+0+0+2-4+5+0+0+0+0+0+0-5-3+3+5+0+0-3-4+4+0-2+2+2+1-3-2-2-1-2+0-2+12+0+0+0+0-5-3+3+0+0+0+0-3-4+4+3-12+0+0+0+0+10+2-2-1-2+2-2-2-1+3+5-2-1-4+0-1+1+2+2-2+2+3-2+2-2-1-2+2-2-2-1+3+5-2-1-4+0-1+1+2+2+3+0+0+2+0+0+2-4+5+0+0+0+0+0+0-5-3+3+5+0+0-3-4+4+0-2+2+2+1-3-2-2-1-2+0-2-5+4+3-3-4+4+3-3-4+4+3-3+3+3-1-2-2-1+1+2+2+3-2+2-2-1+1-1-2+0+5+0+0-5-3-4+0+4+3-3-4+4+3-3-4+4+3-3+3+3-1-2-2-1+1+2+2+3-2+0+2-2-1+0+1-1-2+0+5-1+1-5-3-4+12+5+0+0+0-1-2-2+2-2+2+2+1+0+0+0+0-1-2-2+2-2+2+2+1+0-5-3+3+5-5-3+3+5+0-5-3+3+5-5-3+3+5-3-4+4+0-2+2+2+1-3-2-2-1-2+0-2-5+4+3-3-4+4+3-3-4+4+3-3+3+3-1-2-2-1+1+2+2+3-2+2-2-1+1-1-2+0+5+0+0-5-3-4+0+4+3-3-4+4+3-3-4+4+3-3+3+3-1-2-2-1+1+2+2+3-2+0+2-2-1+0+1-1-2+0+5-1+1-5-3-4+12+5+0+0+0-1-2-2+2-2+2+2+1+0+0+0+0-1-2-2+2-2+2+2+1+0-5-3+3+5-5-3+3+5+0-5-3+3+5-5-3+3+5-3-4+4+0-2+2+2+1-3-2-2-1-2+0-2+7+0+1-3+2-4+2-3+1-3+3-1-3+1-5-1+1+5+2+1-1-3+3+3-2-1+3-2-1-2-1+1+2+1-1+1+2+2+0+0+1-3+2-4+2-3+1-3+3-1-3+1-5-1+1+5+3-1-3+3+3+3-3-2-1-2-1+3-2+7+0+1-3+2-4+2-3+1-3+3-1-3+1-5-1+1+5+2+1-1-3+3+3-2-1+3-2-1-2-1+1+2+1-1+1+2+2+0+0+1-3+2-4+2-3+1-3+3-1-3+1-5-1+1+5+3-1-3+3+3+3-3-2-1-2-1+3-2+0+5+0+0+2+1+4+0-2-2-1+1+2-3-2+2-2-2+2-2-1+0+5-1+1-5-3-4+5+5-1+1+2+1+4+0-2-2-1+1+2-3-2-1+1+2-2-3+1+4-2-2-1-2-1+3-2+0+5+0+0+2+1+4+0-2-2-1+1+2-3-2+2-2-2+2-2-1+0+5-1+1-5-3-4+5+5-1+1+2+1+4+0-2-2-1+1+2-3-2-1+1+2-2-3+1+4-2-2-1-2-1+3-2";"rrrrddurrrrdduudrrrruuddduddduudddrduuuduududdduddduudddrduuuurrurrudurrrrrrdduurrddurduuudddddrdurrrrddurrrrdduudrrrruuddduddduudddrduuuduududdduddduudddrduuuurrurrudurrrrrrdduurrddurduuudddddrdduudduudduuduudddduuuududduddrurrdddruudduudduuduudddduuuudruddruddrududdduurrrddduduuurrrrddduduuurdduudduurdduudduuddurduuudddddrdduudduudduuduudddduuuududduddrurrdddruudduudduuduudddduuuudruddruddrududdduurrrddduduuurrrrddduduuurdduudduurdduudduuddurduuudddddrdurudududududdudduuuudduuddudddduuuduuurrudududududdudduuudduuudddddudurudududududdudduuuudduuddudddduuuduuurrudududududdudduuudduuudddddudrurruuurddduuddudduddrududdduuduuuurddduuddduudduudddddudrurruuurddduuddudduddrududdduuduuuurddduuddduudduudddddud"
"kt1_0104";"";"Kansantanssit";"Vanhoja polskia";"";"Robert Lehrbäck, lukkari Kuopiosta";"24";"117";"3/4";"C";"Pohjanmaa, Liminka(Liminka)";"";"Pohjois-Pohjanmaa";"Oulun lääni";"";"Osa kappaleista (95-111) on 1700-luvun puolestavälistä.";"";"";"+0+3-2-1-2-2-1-2+3-1+1-5+0+0+2+2+1+2+2+1-1+3-1+1+2-2-3-4-1+1+5-3-2-1+1-3-2+2+2+1+2+2+0+3-2-1-2-2-1-2+3-1+3-2-5-1+1+2+2+1+2+2+1+4-2+2-4-1-2-2-1+3-2+4+0+3-2-1-2-2-1-2+3-1+1-5+0+0+2+2+1+2+2+1-1+3-1+1+2-2-3-4-1+1+5-3-2-1+1-3-2+2+2+1+2+2+0+3-2-1-2-2-1-2+3-1+3-2-5-1+1+2+2+1+2+2+1+4-2+2-4-1-2-2-1+3-2-5+12-1+1+2+1+1-2-2+2-2-1+1-3-4-1+3-2-3-2+10-1+1+4-2-2-1-2-2-1-2+10-1-4+4+3-2-12+12-1+1+2+1+1-2-2+2-2-1+1-3-4-1+3-2-3-2+10-1+1+4-2-2-1-2-2-1-2+10-1-4+4+3-2-12+2+2+1-1+1+2+2-4-1-2+2+1-1+3-3-4+4+3-3-4+0+5+2-2-1+1-1-2+0+10-1-4+4+3-2-12+2+2+1-1+1+2+2-4-1-2+2+1-1+3-3-4+4+3-3-4+0+5+2-2-1+1-1-2+0+10-1-4+4+3-2+2-2-1+1-5+2+1-1-2-2-1-2+2+1-1+3-3-4+4+3-3-4+0+12+0-5+2+1+4-2-2-1-2-2-1+3-2+9-2-1+1-5+2+1-1-2-2-1-2+2+1-1+3-3-4+4+3-3-4+0+12+0-5+2+1+4-2-2-1-2-2-1+3-2+10-1-2-1+3-2-5+5+3-1-2-1+1+2-3-4+4+3-2+3-1-2-1+1-3-2+2+2+1+2-2-1+1-3-2+4+3-2-2+4-4-1+3-3-2+3-3-2+4-4-5+0+0+2+2+1+2+2+1+2+0+2-4-1-2-2-1+3-2+10-1-2-1+3-2-5+5+3-1-2-1+1+2-3-4+4+3-2+3-1-2-1+1-3-2+2+2+1+2-2-1+1-3-2+4+3-2-2+4-4-1+3-3-2+3-3-2+4-4-5+0+0+2+2+1+2+2+1+2+0+2-4-1-2-2-1+3-2";"ruddddddududrruuuuuududuudddduudddudduuuuuruddddddududdduuuuuuuududdddduduruddddddududrruuuuuududuudddduudddudduuuuuruddddddududdduuuuuuuududddddudduduuuuddudduddduddduduudddddddudduudduduuuuddudduddduddduduudddddddudduudduuuduuuddduududduuddruudduddrudduudduuuduuuddduududduuddruudduddrudduududduduuddddduududduuddrurduuuddddddududduduuddddduududduuddrurduuuddddddududddudduuddduudduududddudduuuuddudduuddudduddudduddrruuuuuuurudddddududddudduuddduudduududddudduuuuddudduuddudduddudduddrruuuuuuurudddddud"
"kt1_0105";"Purpuri-Polska";"Kansantanssit";"Vanhoja polskia";"";"Robert Lehrbäck, lukkari Kuopiosta";"24";"119";"3/4";"C";"Pohjanmaa, Liminka(Liminka)";"";"Pohjois-Pohjanmaa";"Oulun lääni";"";"Osa kappaleista (95-111) on 1700-luvun puolestavälistä.";"";"";"+5-1+1+2+2+0+2+1-7-1+1+2+2+0+0-2-1+1+2+1+0-3-3-4+12-3-4-5+9+1-1-2-2+2-2-1+1+4+3-2-3+0+0+2+1-1-2-2+2-2-1+1+4+3-2-3-3-4+5-1+1+2+2+1+2-2-1-2-2-1+3-2-5+5-1+1+2+2+0+2+1-7-1+1+2+2+0+0-2-1+1+2+1+0-3-3-4+12-3-4-5+9+1-1-2-2+2-2-1+1+4+3-2-3+0+0+2+1-1-2-2+2-2-1+1+4+3-2-3-3-4+5-1+1+2+2+1+2-2-1-2-2-1+3-2+7+0-1+1+2-2-12+0+12-2-1+5+0-9+4+1+2-2-1+1-3+7-2-2-1+3+0-2-1+1-1-2-2+2-2-1+1+4+3-2-3-3+3+3-1+1-1-2-2+2-2-1+1+4+3-2-3-3-4+5-1+1+2+2-2+2+1+2-2-1-2+3-3+0-2+7+0-1+1+2-2-12+0+12-2-1+5+0-9+4+1+2-2-1+1-3+7-2-2-1+3+0-2-1+1-1-2-2+2-2-1+1+4+3-2-3-3+3+3-1+1-1-2-2+2-2-1+1+4+3-2-3-3-4+5-1+1+2+2-2+2+1+2-2-1-2+3-3+0-2-5+7-2+4-4+4-4+2+2+1-1-2-7+2+2+3-2+4-4+4-4+4-2+3-3+0-2-5+7-2+4-4+4-4+2+2+1-1-2-7+2+2+3-2+4-4+4-4+4-2+3-3+0-2-5+4+0+3+0+3-1-2+2+1+2-3+3-3-9+4+0+3+0+5-5-1+1+2+1-3+3-3+0-2+4-4+4-4+2+2+1-1-2-7+2+2+3-2+4-4+4-4+4-2+3-3+0-2-5+4+0+3+0+3-1-2+2+1+2-3+3-3-9+4+0+3+0+5-5-1+1+2+1-3+3-3+0-2+4-4+4-4+2+2+1-1-2-7+2+2+3-2+4-4+4-4+4-2+3-3+0-2";"uduuuruudduuurrdduuurddduddduudddudduuuddrruudddudduuudddduduuuuudddddudduduuuruudduuurrdduuurddduddduudddudduuuddrruudddudduuudddduduuuuudddddudurduuddruddurduuuddududddurddudddudduuuddduududddudduuudddduduuuduuudddudrdurduuddruddurduuuddududddurddudddudduuuddduududddudduuudddduduuuduuudddudrddudududuuuddduuudududududrddudududuuuddduuudududududrddururudduuududdururudduuududrdududuuuddduuudududududrddururudduuududdururudduuududrdududuuuddduuudududududrd"
"kt1_0106";"Purpuri-Polska";"Kansantanssit";"Vanhoja polskia";"";"Robert Lehrbäck, lukkari Kuopiosta";"24";"121";"3/4";"C";"Pohjanmaa, Liminka(Liminka)";"";"Pohjois-Pohjanmaa";"Oulun lääni";"";"Osa kappaleista (95-111) on 1700-luvun puolestavälistä.";"";"";"+5+0+0+0+0-1+1+2+3-1-2-2+4-2-3+1-5+0+0+12-2-1+0+0-2+2+1-1-2+2-4+0+0-1+1+2-2-1+1-3+8+0-1+1+2-2-1+1-3-7+2+2+1-1+1+2+2+0+0-2+2+1-1-2+2-4+0+0-1+1+2-2-1+1-3+12-2+3-1-2-2-1-2-2-1+8-2-3-3+3-2-5+5+0+0+0+0-1+1+2+3-1-2-2+4-2-3+1-5+0+0+12-2-1+0+0-2+2+1-1-2+2-4+0+0-1+1+2-2-1+1-3+8+0-1+1+2-2-1+1-3-7+2+2+1-1+1+2+2+0+0-2+2+1-1-2+2-4+0+0-1+1+2-2-1+1-3+12-2+3-1-2-2-1-2-2-1+8-2-3-3+3-2+2+0+0+0+2+3-2-3-3+1+4-9+0+2+2+1+2+2+1+4-2-2-1-2+2+3-7-1+3-2-1-2+4+1+2+1-10-3+3+5-1+1+2+2+1+4-2+3-1-2-2-1-2-2-1+5+3-2-3+0-2+2+0+0+0+2+3-2-3-3+1+4-9+0+2+2+1+2+2+1+4-2-2-1-2+2+3-7-1+3-2-1-2+4+1+2+1-10-3+3+5-1+1+2+2+1+4-2+3-1-2-2-1-2-2-1+5+3-2-3+0-2-5+0+2-2-1+1+5+4-4-1+3+2+1-3+2-2+2+1-1-2-2-1-2-2-2-1+1+2+2-2-1+1+5+4-4-1+3+2+1-3+5+0+0+0+0+2-2-2-1-2-2-1+3-2-5+0+2-2-1+1+5+4-4-1+3+2+1-3+2-2+2+1-1-2-2-1-2-2-2-1+1+2+2-2-1+1+5+4-4-1+3+2+1-3+5+0+0+0+0+2-2-2-1-2-2-1+3-2-1+3-3-4+7-3-4-7+4+3+5+4+3-2-1-2+3-1-2-2-1-2-2-1+1+7-3-4+7-3-4-7+4+3+5+4+1-1-2+2+3+0+2-2-2-1+3-2-3+0-2-1+3-3-4+7-3-4-7+4+3+5+4+3-2-1-2+3-1-2-2-1-2-2-1+1+7-3-4+7-3-4-7+4+3+5+4+1-1-2+2+3+0+2-2-2-1+3-2-3+0-2";"urrrrduuuddduddudrruddrrduuddudrrduuddudurduuddudduuuduuurrduuddudrrduuddudududdddddduddduddurrrrduuuddduddudrruddrrduuddudrrduuddudurduuddudduuuduuurrduuddudrrduuddudududddddddudddudurrruuddduudruuuuuuudddduudduddduuuudduuduuuuududdddddduuddrdurrruuddduudruuuuuuudddduudduddduuuudduuduuuuududdddddduuddrddrudduuudduuududuudddddddduuudduuudduuudurrrrudddddduddrudduuudduuududuudddddddduuudduuudduuudurrrrudddddduddudduddduuuuuddduddddddduudduddduuuuudduuruddduddrddudduddduuuuuddduddddddduudduddduuuuudduuruddduddrd"
"kt1_0107";"";"";"";"";"";"";"";"";"";"-()";"";"";"";"";"";"";"";"";""
"kt1_0108";"Leivosen Polska";"Kansantanssit";"Vanhoja polskia";"";"Robert Lehrbäck, lukkari Kuopiosta";"29";"130";"3/4";"C";"Pohjanmaa, Liminka(Liminka)";"";"Pohjois-Pohjanmaa";"Oulun lääni";"";"Osa kappaleista (95-111) on 1700-luvun puolestavälistä.";"";"";"-12-1+1+12+0+0+2-9-1-2+12+0+0+2-4-1+1+0-1+1+2+2+1+2-12+0+0+0+2+2+1+4+3+0+2-2-2+0+2-2-1-2+2-2-2-1+1+2-3+1+4+3+0-2+4-2-2+2-2-1-2+2-2-2-1+1+2-3+1+12+0-5+2-2-2-1-2+12+0-9+2-2-1-2-2+12+0-5+2-2-2-1-2+2-2-2-1+1+2-3-4+5+4+3+0+2-2-2+0+2-2-1-2+2-2-2-1+1+2-3+1+4+3+0-2+4-2-2+2-2-1-2+2-2-2-1+1+2-3+1+12+0-5+2-2-2-1-2+12+0-9+2-2-1-2-2+12+0-5+2-2-2-1+0+3-8+3+0-2+2-2-1+1+2+2+2+1-3+3-1+1-5-2-1+1+2+2+2+1-3+3-1+1-5+5+4-2-2-1+1-1-2+2+1+2-2-1-4-3+1+2-2-1+1+2+2+2+1-3+3-1+1-5-2-1+1+2+2+2+1-3+3-1+1-5+5+4-2-2-1+1-1-2+2+1+2-2-1-4+2+2+1+2+2-4-1+1+2-2-1-4+2+2+1+2+2-4-1+1+2-2-1-4+2+2-4+5-1+1-1+1-1+1-1+1+2-2-2-1-2-2-1+3-2-3-2+5+0+0+0+0+2+2-2-3-4+0+2+2+1+0+0+0+0+2+2+0-2+3-3-3-4+2+2+1+0+0+0+0+2+2+3-2-3-7+0+5-1+1+2+2-4+2+2+0-2-2-1+3-2+0+0+0+0+0+2+2-2-3-4+0+2+2+1+0+0+0+0+2+2+0-2+3-3-3-4+2+2+1+0+0+0+0+2+2+3-2-3-7+0+5-1+1+2+2-4+2+2+0-2-2-1+3-2+2+2-2-2-1+1+2-2-1-4+2+2+1+4-2-2+4-2-2-1+1+4-2+2-2-2-1+1+2-2-1-4+2+2+1-5+9-2-2-5+9-2-2-5+9-2-2+0+0-1+1+2+2-2+2+2+1+0-1-4+2+2+1-5+2+2+1+0-1-4+2+2+1-5+2+2+1-5+2+2+1+2+2-4+5-3-3+3-2-5+2+2+1+2+2-4+5-3-3+3-2+4-5+3-2+4-5+3-2+4-7+3-2+4-7+3-1+3-7+4-2+3-6+3";"dduurrudddurruddurduuuuudrrruuuuuruddruddduddduuduuurdudduddduddduuduurduddddurduddddurdudddduddduudduuuruddruddduddduuduuurdudduddduddduuduurduddddurduddddurdudddrudurdudduuuuudududdduuuuudududuudddudduuudddduudduuuuudududdduuuuudududuudddudduuuddduuuuudduuddduuuuudduuddduudududududuuddddddudddurrrruudddruuurrrruurduddduuurrrruuudddruduuuduurdddudrrrrruudddruuurrrruurduddduuurrrruuudddruduuuduurddduduuddduuddduuuudduddduududdduuddduuududdduddduddrrduuuduuurdduuuduuurdduuuduuuduuuuududdudduuuuududdududududududududududududu"
"kt1_0109";"Pirun Polska";"Kansantanssit";"Vanhoja polskia";"";"Robert Lehrbäck, lukkari Kuopiosta";"29";"133";"3/4";"D";"Pohjanmaa, Liminka(Liminka)";"";"Pohjois-Pohjanmaa";"Oulun lääni";"";"Akka paimenessa ollessaan metsässä hyräili suullaan ensimäisen reprisin. Piru kuuli, niin se parkaisi toisen reprisin, ja näin syntyi polska. Osa kappaleista (95-111) on 1700-luvun puolestavälistä.";"";"";"+2+2+2+1+0+2-2-1-2-2-2-1-2-2+19-2-1-2-2+4+3-1-4+2+2+1-14+2+2+2+1+0+2-2-1-2-2-2-1-2-2+19-2-1-2-2+4+3-1-4+2+2+1+0-2-1+1+4-2-2-1+3-2-1-2-2-1+1+2-2-1-2-2-2-1-2-2+19-2-1+1+4-2-2-1+3-2-1-2-2-1+1+2-3+1+7-2-1+1+4-2-2-1+3-2-1-2-2-1+1+2-2-1-2-2-2-1-2-2+19-2-1+1+4-2-2-1+3-2-1-2-2-1+1+2-3+1";"uuuuruddddddddudddduudduuuduuuuruddddddddudddduudduuurdduuddduddddduuddddddddudduuddduddddduuduudduuddduddddduuddddddddudduuddduddddduudu"
"kt1_0110";"";"Kansantanssit";"Vanhoja polskia";"";"Robert Lehrbäck, lukkari Kuopiosta";"29";"133";"3/4";"Bb";"Pohjanmaa, Liminka(Liminka)";"";"Pohjois-Pohjanmaa";"Oulun lääni";"";"Tavallisesti tanssittiin polska ennen kahden hengen, mies ja nainen. Osa kappaleista (95-111) on 1700-luvun puolestavälistä.";"";"";"+4+3+0+0-3+3+5-1+1-3+0-2+0-3-2-2-1+1+2+2-9+0+0+2+2+1+2+2+1-3+5+0-1+3-2+0-3-4+4+3+0+0-3-4+4+8-1+1-3+0-2+0-3-2-2-1+1+2+2-9+2+2+1+2+2+1+2+2+2+1-5-2-1-2+0-2+0+4+3+0+0-3+3+5-1+1-3+0-2+0-3-2-2-1+1+2+2-9+0+0+2+2+1+2+2+1-3+5+0-1+3-2+0-3-4+4+3+0+0-3-4+4+8-1+1-3+0-2+0-3-2-2-1+1+2+2-9+2+2+1+2+2+1+2+2+2+1-5-2-1-2+0-2+5-10-2+2+2+2-6+2+2+2+1+0+2+2+0+1+1+1+2-2-2-3-3-4+2+2+1+4+3-2-1-2+2-2-2-1+3-2-3-2+12+0+2-2-3+3+5-1+1-3+0-2+0-3-2-2-1+1+2+2-9+2+2+1+2+2+1+2+2+2+1-5-2-1-2+0-2+5-10-2+2+2+2-6+2+2+2+1+0+2+2+0+1+1+1+2-2-2-3-3-4+2+2+1+4+3-2-1-2+2-2-2-1+3-2-3-2+12+0+2-2-3+3+5-1+1-3+0-2+0-3-2-2-1+1+2+2-9+2+2+1+2+2+1+2+2+2+1-5-2-1-2+0-2+9-9+5+4+1+2-3-4-5+5+4+0-2-1+1-7+4+3+5+0-2-1+3-2-1-4+4-9+5+4+1+2-3-4-5+5+4+0-2-2+2-2+2+2+1+2-2-1-2+0-2+4-2+0-2+4-9+5+4+1+2-3-4-5+5+4+0-2-1+1-7+4+3+5+0-2-1+3-2-1-4+4-9+5+4+1+2-3-4-5+5+4+0-2-2+2-2+2+2+1+2-2-1-2+0-2+4-2+0-2";"uurrduududrdrdddduuudrruuuuuudurdudrdduurrdduududrdrdddduuuduuuuuuuuuuddddrdruurrduududrdrdddduuudrruuuuuudurdudrdduurrdduududrdrdddduuuduuuuuuuuuuddddrdudduuuduuuuruuruuuuddddduuuuudddudddudddurudduududrdrdddduuuduuuuuuuuuuddddrdudduuuduuuuruuruuuuddddduuuuudddudddudddurudduududrdrdddduuuduuuuuuuuuuddddrduduuuuddduurdduduuurdduddduduuuuddduurdduduuuudddrdudrduduuuuddduurdduduuurdduddduduuuuddduurdduduuuudddrdudrd"
"kt1_0111";"";"Kansantanssit";"Vanhoja polskia";"";"Robert Lehrbäck, lukkari Kuopiosta";"29";"135";"3/4";"Bb";"Pohjanmaa, Liminka(Liminka)";"";"Pohjois-Pohjanmaa";"Oulun lääni";"";"Osa kappaleista (95-111) on 1700-luvun puolestavälistä.";"";"";"+0+0-1+1-3-4-5+10+0+0-3+3-1-2-2-1-2+3+4+8+0-1-2-2-2-1+1-1-2-2-1+1+2-3-4+5+4+3+0+0-1+1-3-4-5+10+0-3+3-1-2-2-1-2+3+4+8+0-1-2-2-2-1-2+3-6+3+0-2+7+0+0-1+1-3-4-5+10+0+0-3+3-1-2-2-1-2+3+4+8+0-1-2-2-2-1+1-1-2-2-1+1+2-3-4+5+4+3+0+0-1+1-3-4-5+10+0-3+3-1-2-2-1-2+3+4+8+0-1-2-2-2-1-2+3-6+3+0-2-1+3+0+2-2-2+2+5+0-1+1+2+2+1-1-2+2-12+3+0+2-2-2+2+5+0-1+1+2+2+1-1-2+2-9+5+0-1+1+2-2-1+1+2+0+0+2+1-3-2-1-2-2+0+5+0-1+1+2-2-1+1+2+0+0+2+1-3-2-1-2-2+5-1+1+2+2-2+2+1+0-1-2-2-1+1+2+2+1-3-2-1+1+0-5+0-3+5-2-2-1+1+0+2+2+0+2+1+0-5+0-3+5-2-2-1+1+0+2+2+0+2+1+1+1+0+2-2-2-1-2-2-2-1+3+5-1+3-2-1+1-12+4+3+0+2-2-2+2+5+0-1+1+2+2+1-1-2+2-12+3+0+2-2-2+2+5+0-1+1+2+2+1-1-2+2-9+5+0-1+1+2-2-1+1+2+0+0+2+1-3-2-1-2-2+0+5+0-1+1+2-2-1+1+2+0+0+2+1-3-2-1-2-2+5-1+1+2+2-2+2+1+0-1-2-2-1+1+2+2+1-3-2-1+1+0-5+0-3+5-2-2-1+1+0+2+2+0+2+1+0-5+0-3+5-2-2-1+1+0+2+2+0+2+1+1+1+0+2-2-2-1-2-2-2-1+3+5-1+3-2-1+1-12+12+0-2-1+0+1+2-12-2-1+13+0-1-2+0+2+1-10-2-1+8+4+3-3-2+2+1-3-3+1+2-2+0+4+3-3-2+2+1-3-3+1+2-2+0+4+3+5+0-1-2-2-2-1-2+3-6+3+0-2+7+0-2-1+0+1+2-12-2-1+13+0-1-2+0+2+1-10-2-1+8+4+3-3-2+2+1-3-3+1+2-2+0+4+3-3-2+2+1-3-3+1+2-2+0+4+3+5+0-1-2-2-2-1-2+3-6+3+0-2";"rrdudddurrduddddduuurdddddudddduudduuurrdudddurduddddduuurddddddudurdurrdudddurrduddddduuurdddddudddduudduuurrdudddurduddddduuurddddddudurddurudduurduuuuddudurudduurduuuuddudurduudduurruudddddrurduudduurruuddddduduuuduurdddduuuudddurdrduddduruuruurdrduddduruuruuuuruddddddduududduduurudduurduuuuddudurudduurduuuuddudurduudduurruudddddrurduudduurruuddddduduuuduurdddduuuudddurdrduddduruuruurdrduddduruuruuuuruddddddduududdudurddruudddurddruuddduuudduudduudruudduudduudruuurddddddudurdurddruudddurddruuddduuudduudduudruudduudduudruuurddddddudurd"
"kt1_0112";"";"Kansantanssit";"3/4 polskia 1860-luvulta";"Lento";"O. A. J. Carlenius";"1869";"139";"3/4";"A";"Kokkola";"";"Keski-Pohjanmaa";"Länsi-Suomen lääni";"";"";"";"";"+2+2+1+2+2-4-1+3+5-1+1-5-2-1-2-2+4+3-5+0+3-1-4+0+4+3-5+0+3-1-4+0+2+2+1+2-3+3+5-1+1-5-2-1-2-2+0+5-3-3+3-2+0+0+2+2+1+2+2-4-1+3+5-1+1-5-2-1-2-2+4+3-5+0+3-1-4+0+4+3-5+0+3-1-4+0+2+2+1+2-3+3+5-1+1-5-2-1-2-2+0+5-3-3+3-2+0";"uuuuudduududdddduudruddruudruddruuuuduududddddruddudrruuuuudduududdddduudruddruudruddruuuuduududddddruddudr"
"kt1_0113";"";"Kansantanssit";"3/4 polskia 1860-luvulta";"Lento";"O. A. J. Carlenius";"1869";"139";"3/4";"d";"Kokkola";"";"Keski-Pohjanmaa";"Länsi-Suomen lääni";"";"";"";"";"+2+2+1+7-4-1-2-1-2+2+1-1-4+2+2+1+7-4-1-2+0-2-1-2-1+3-3+1+0+2+2+1+7-4-1-2-1-2+2+1-1-4+2+2+1+7-4-1-2+0-2-1-2-1+3-3+1+0+8+0-1+1+2+2-4+2-2-1-2-2+2+2+1+2-3+5-2+3-3+2+0-5+1-1+1-1-2-1+0+1+0-5+8+0-1+1+2+2-4+2-2-1-2-2+2+2+1+2-3+5-2+3-3+2+0-5+1-1+1-1-2-1+0+1+0";"uuuuddddduudduuuudddrdddduduruuuuddddduudduuuudddrddddudururduuududddduuuudududurdududddrurdurduuududddduuuudududurdududddrur"
"kt1_0114";"";"Kansantanssit";"3/4 polskia 1860-luvulta";"Lento";"O. A. J. Carlenius";"1869";"140";"3/4";"G";"Kokkola";"";"Keski-Pohjanmaa";"Länsi-Suomen lääni";"";"";"";"";"+5-1+1+4-2-2-1+1-1-2-2-1+1+2+2-4+0+5-1+1+4-2-2-1+1-1-2-2-1+1+2+2-4-12+5-1+1+4-2-2-1+1-1-2-2-1+1+2+2-4+5+4+3+5+4-4-5-3+1-3+3-1-4+4+1-3-3+3-2+4+3+5+4-4-5-3+1-3+3+0+2+2+2+3-2-17+5-1+1+4-2-2-1+1-1-2-2-1+1+2+2-4+5+4+3+5+4-4-5-3+1-3+3-1-4+4+1-3-3+3-2+4+3+5+4-4-5-3+1-3+3+0+2+2+2+3-2";"uduudddudddduuudruduudddudddduuudduduudddudddduuuduuuuudddududduudduduuuuddduduruuuudduduudddudddduuuduuuuudddududduudduduuuuddduduruuuud"
"kt1_0115";"";"Kansantanssit";"3/4 polskia 1860-luvulta";"Lento";"O. A. J. Carlenius";"1869";"140";"3/4";"D";"Kruunupyy";"";"Pohjanmaa";"Länsi-Suomen lääni";"";"Tre gånger på basen.";"Menee lopuksi A-duurissa.";"";"+2+2-4+0+4+3-2-1+1-3+2+1+2-2-1+5-2-2-1+1-1-2-2-1+0+3+0-2+2+2-4+0+4+3-2-1+1-3+2+1+2-2-1+5-2-2-1+1-1-2-2-1+0+3+0+0+2-2-2-1+1+2+3-1-4+2+2-2-2-1+1+2+3-1-4+2+2-2-2-1+1+2+2+1-1+3-2-3-2-1+0+1+0+5-1-2-2-1-2-2-1+1+0+2+3-1-2-2+10-1-2-2-1-2-2-1+1+0-1+3-2+7-2-1-2+2+1+2-3+0+1-3+2-2+2-2-2+2+5-3+3+5-2-1-2-2-1-2-2+2+3-3-3+3-2";"uudruudduduuudduddduddddrurduudruudduduuudduddduddddrurruddduuudduuddduuudduuddduuuududdddruruddddddduruudddudddddddurdududdduuudrudududduuduuddddddduuddud"
"kt1_0116";"";"Kansantanssit";"3/4 polskia 1860-luvulta";"Larghetto";"O. A. J. Carlenius";"1869";"141";"3/4";"D";"Kruunupyy";"";"Pohjanmaa";"Länsi-Suomen lääni";"";"";"";"";"+2+2+1-3+2-2-2-1+1-3-2+7+5-2+2+2-2-2-1-2-2-1+0+1-3-2+9-2+2+3+0-3-2+3+4-2-2-1+3-2-1-2+2-2+2+3+0-3-2+3+4-2-2-1+3-2-1-2-2+2+2+1-3+2-4+5-3-2-1+3-2+0+0+2+2+1-3+2-4+5-3-2-1+3-2+0";"uuududddudduuduuddddddrudduduurdduuddduddduduurdduudddudddduuudududddudrruuudududddudr"
"kt1_0117";"";"Kansantanssit";"3/4 polskia 1860-luvulta";"";"O. A. J. Carlenius";"1869";"142";"3/4";"C";"Kruunupyy";"";"Pohjanmaa";"Länsi-Suomen lääni";"";"";"";"";"+2-2-2+2+5-8+3-2+2-2-1+1+4+0-4+2-2-1+1-3+0+3-1+1-1-2-2+4+0+3+2-2-2+2+5-8+3-2+2-2-1+1+4+0-4+2-2-1+1-3+0+3-1+1-1-2-2+2-2-1+1+4+1-1-2-2+2-2-1+1+4+3-2-1-2-3-4+9+1-1-2-2+2-2-1+1+4+3-2-1-2-3-4+5+4-4+4+3+2-2-2-1-2+0-2";"udduudududduurduddudrududdduruudduudududduurduddudrududddudduuudddudduuuddddduudddudduuuddddduuduuuddddrd"
"kt1_0118";"Kjärins polska";"Kansantanssit";"3/4 polskia 1860-luvulta";"Larghetto";"O. A. J. Carlenius";"1869";"143";"3/4";"F";"Kruunupyy";"";"Pohjanmaa";"Länsi-Suomen lääni";"";"";"";"";"+5+4-4-5+5+4-4-1+1+4-4+5-3-3+3+3-3-3+3+2-4+4-4-5+5+4-4-1+1+4-4+5-3-3+3+3-3-3+3+2-4+0+0-5+0-2-1+1+4-2+0-2-3+2+13+0-1+0-2+0-2";"uudduudduududduudduududduudduududduudduudrrdrdduudrdduurdrdrd"
"kt1_0119";"Kjärins polska";"Kansantanssit";"3/4 polskia 1860-luvulta";"Lento";"O. A. J. Carlenius";"1869";"143";"3/4";"Bb";"Kruunupyy";"";"Pohjanmaa";"Länsi-Suomen lääni";"";"";"";"";"+9-4-5+5+4-4-5+5+4-4+5-3-3+3+3-3-3+3+2-4+4-4-5+5+4-4-5+5+4-4+5-3-3+3+3-3-3+3+2-4+9+0-2+0-12+0+5+12+0-1-4+4-2+3+0-1-4+4-2+3+0-1-4+4-2+2-2-2+2+2+1+0-1+0-2+0-2-12+5+9+0-2+0-3-4+4+3+5+0-1+0-2+0-2-12+5+4+5+0-2+0-12+0+5";"udduudduududduudduududduudduududduudduudurdrdruurddudurddudurddududduuurdrdrdduurdrdduuurdrdrdduuurdrdru"
"kt1_0120";"";"Kansantanssit";"3/4 polskia 1860-luvulta";"";"O. A. J. Carlenius";"1869";"144";"3/4";"d";"Kokkola";"";"Keski-Pohjanmaa";"Länsi-Suomen lääni";"";"";"";"";"-9+4+5-9+4+5+7-4-1-2-1-4+4-4+4+8+0-2-2-1-2-9+4+5-9+4+5+7-4-1-2-1-4+4-4+4+8+0-2-2-1+1+2-2-1-2-1+1+2-7+8+2-2-1-2-1+1+2-7+8+2-2-1-2-1+1+2+5-4-1-2-1+0+1+0+7+0+0+0-2+2+1+2+0+0+0-2-1-2+0+0+0-1+1+2+1+0+0+0-1-2-2+0-1-2-1+1+2+5-4+0-1-2-1+1+2+5-4+2-2-1-2-1+1+2+3-2-1-2-1+0+1+0";"duuduuuddddduduurddddduuduuuddddduduurddduudddduuduudddduuduudddduuuddddrururrrduuurrrdddrrrduuurrrdddrddduuudrddduuududddduuuddddrur"
"kt1_0121";"Koko maailman polska";"Kansantanssit";"3/4 polskia 1860-luvulta";"";"L. Hämäläinen";"1868";"145";"3/4";"D";"-()";"";"";"";"";"";"";"";"+5-5+2-2-2-1+1-1-2-2+2+2+1+2+0+2+0+2+0+1+0-5+5-5+2-2-2-1+1-1-2-2+2+2+1+2+0+2+0+2-2-2-1+0+1+0+5-5+2-2-2-1+1-1-2-2+2+2+1+2+0+2+0+2+0+1+0-5+5-5+2-2-2-1+1-1-2-2+2+2+1+2+0+2+0+2-2-2-1+0+1+9+1-1-2+2-2-2+2+2+1+2-2-1+1-1-2+0+2+1-1-2+2-2-2+2+2+1+2-2-1+1-1-2+0+5-12+2+2+1+4-2-2-1+3-2+4+1-1-2+2-2-2+2+2+1+2-2-1+1-1-2+0+2+1-1-2+2-2-2+2+2+1+2-2-1+1-1-2+0+5-12+2+2+1+4-2-2-1+3-2";"ududdduddduuuururururdududdduddduuuururudddrurududdduddduuuururururdududdduddduuuururudddruuuddudduuuudduddruuddudduuuudduddruduuuuddduduuddudduuuudduddruuddudduuuudduddruduuuudddud"
"kt1_0122";"Pohjanmaan polska";"Kansantanssit";"3/4 polskia 1860-luvulta";"Allegretto";"L. Hämäläinen";"1868";"146";"3/4";"D";"-()";"";"";"";"";"";"";"";"+2+2+1+2+0+2+0-2+0-2+0-1+0-2-2+2+2+1+2+0+2+0-2+0-2+0-1+0-2+5+0-2+0-1+0+0-2-2-1+0+1+0+2+2+1+2+0+2+0-2+0-2+0-1+0-2-2+2+2+1+2+0+2+0-2+0-2+0-1+0-2+5+0-2+0-1+0+0-2-2-1+0+1-5+2+2+1+2-2-1+1+2+3-1-2+2+3-2-1+1-3+2-4-5+2+2+1+2-2-1+1+2+3-1-2+2+3-2-1+1-3+2+1+2+0-2+0-1+0+0-2-2-1+0+1-5+2+2+1+2-2-1+1+2+3-1-2+2+3-2-1+1-3+2-4-5+2+2+1+2-2-1+1+2+3-1-2+2+3-2-1+1-3+2+1+2+0-2+0-1+0+0-2-2-1+0+1";"uuuururdrdrdrdduuuururdrdrdrdurdrdrrdddruruuuururdrdrdrdduuuururdrdrdrdurdrdrrdddruduuuudduuudduuddududduuuudduuudduudduduuurdrdrrdddruduuuudduuudduuddududduuuudduuudduudduduuurdrdrrdddru"
"kt1_0123";"Pirun polska";"Kansantanssit";"3/4 polskia 1860-luvulta";"Andante/Allegretto";"F. V. Illberg";"1866";"146";"3/4";"F";"Walkeala, Iitti(Valkeala)";"";"Kymenlaakso";"Etelä-Suomen lääni";"";"";"";"";"+0+0+0+0-2+2+2-4+2-3+3-2+2+2-4+7-8-2+0-2+0+7+0+0+0+0-2+2+2-4+2-3+3-2+2+2-4+7-8-2+0-2+0+7+0-2-1-2-2+7+0-2-1-2-2+7+0+2-4+7-8-2+0-2+0+7+0-2-1-2-2+7+0-2-1-2-2+7+0+2-4+7-8-2+0-2+0";"rrrrduudududuududdrdrurrrrduudududuududdrdrurddddurddddurududdrdrurddddurddddurududdrdr"
"kt1_0124";"Koko maailman polska";"Kansantanssit";"3/4 polskia 1860-luvulta";"";"Jeremias Scharlin";"1865";"147";"3/4";"D";"Tampere, Tammela, Somero(Tampere)";"";"Pirkanmaa";"Länsi-Suomen lääni";"";"";"";"";"+5-1+1-10+2+1+2+2-2-2-1+1+2+2+2+0+1-10+2+1+2-2-1+1+2-12+12+5-1+1-10+2+1+2+2-2-2-1+1+2+2+2+0+1-10+2+1+2-2-1+1+2-12+12+5+4-4-5+4+3-3+1+2+2+1+2-2-1+1+2-3-2+2+1-3-2+4-4-1+3-3+1+2+2+1+2-2-1+1+2-3-2+2+1+2+2-2-2-1-2-2-1+1+2-3+1-5+0+5+4-4-5+4+3-3+1+2+2+1+2-2-1+1+2-3-2+2+1-3-2+4-4-1+3-3+1+2+2+1+2-2-1+1+2-3-2+2+1+2+2-2-2-1-2-2-1+1+2-3+1+0+7+5+0-10+2+1+2+2-2-2-1+1+2+2+2+0+1-10+2+1+2-2-1+1+2+0+0+5+0-10+2+1+2+2-2-2-1+1+2+2+2+0+1-10+2+1+2-2-1+1+2+0-3-4+4+3-5-3+3+3-1-4+4+3-2-1+1+2-3-4+4+3-5-3+3+3-1-4+4+3-5-3+3+3-1-4+4+3-2-1+1+2-3-4+4+3-5+2+1+2+2-2-2-1-2-2-1+1+2-3+1+0+4-4+4+3-5-3+3+3-1-4+4+3-2-1+1+2-3-4+4+3-5-3+3+3-1-4+4+3-5-3+3+3-1-4+4+3-2-1+1+2-3-4+4+3-5+2+1+2+2-2-2-1-2-2-1+1+2-3+1+0";"ududuuuuddduuuuruduuudduuduududuuuuddduuuuruduuudduuduuudduuduuuuudduudduuddudduduuuuudduudduuuudddddduududruudduuduuuuudduudduuddudduduuuuudduudduuuudddddduuduruurduuuuddduuuuruduuudduurrurduuuuddduuuuruduuudduurdduudduudduudduudduudduudduudduudduudduudduuduuuudddddduuduruduudduudduudduudduudduudduudduudduudduudduuduuuudddddduudur"
"kt1_0125";"";"Kansantanssit";"3/4 polskia 1860-luvulta";"";"Jeremias Scharlin";"1865";"148";"3/4";"G";"-()";"";"";"";"";"Samankaltainen kuin nro 124.";"";"";"+4-2-2-1+1-8+3-2-1-2-2+12+4-2-2-1+1-8+3-2-1-2-2-5+4+3-3-4+5+4-4-5+7+3-3-7+5+4-4-5+4+3-3-4+5+4-4-5+7+3-3-7+5+4-4-5+4+3-3-6+16-17+15-17+15-1-2-2-1+1+12-5-3-11+16-17+15-17+15-1-2-2-1+1+12+0+4-2-2-1+1-8+3-2-1-2-2+12+4-2-2-1+1-8+3-2-1-2-2-5+4+3-3-4+5+4-4-5+7+3-3-7+5+4-4-5+4+3-3-4+5+4-4-5+7+3-3-7+5+4-4-5+4+3-3-6+16-17+15-17+15-1-2-2-1+1+12-5-3-11+16-17+15-17+15-1-2-2-1+1+12-12+2+2+1+2+2+2+1+2-2-1+1+2-2-1+1+2-2-1-2-2-2-1-2-2+2+2+1+2+2+2+1+2-2-1+1+4-4-3-3+1+12-19+2+2+1+2+2+2+1+2-2-1+1+2-2-1+1+2-2-1-2-2-2-1-2-2+2+2+1+2+2+2+1+2-2-1+1+4-4-3-3+1+12-26+16-17+15-17+15-1-2-2-1+1+12-5-3-11+16-17+15-17+15-1-2-2-1+1+12-19+16-17+15-17+15-1-2-2-1+1+12-5-3-11+16-17+15-17+15-1-2-2-1+1+12";"udddududddduudddududdddduudduudduudduudduudduudduudduudduuddudududddduudddudududddduurudddududddduudddududdddduudduudduudduudduudduudduudduudduuddudududddduudddudududddduuduuuuuuuudduudduudddddddduuuuuuuudduuddduuduuuuuuuudduudduudddddddduuuuuuuudduuddduududududddduudddudududddduududududddduudddudududddduu"
"kt1_0126";"Huuto polska";"Kansantanssit";"3/4 polskia 1860-luvulta";"";"Jeremias Scharlin";"1865";"149";"3/4";"d";"-()";"";"";"";"";"Samankaltainen kuin nro 124.";"";"";"-2+3-1+0-2+2-2-3+3-2-1-2+2-4+0+9-2+3-1+0-2-3+3-2-12+16-2+3-1+0-2+2-2-3+3-2-1-2+2-4+0+9-2+3-1+0-2-3+3-2-12+12-1+0-2-1+1+3-1+1-1-2-1+1-1-2+2-4+0+5+0+0+0+0+3-1+1-1-2-1+1-1-2+2-4+0+5-1+1+2+1+4-2-2-1+1-3+0+3-1+0-2-1+1+3-1+1-1-2-1+1-1-2+2-4+0+5+0+0+0+0+3-1+1-1-2-1+1-1-2+2-4+0+5-1+1+2+1+4-2-2-1+1-3+0";"dudrduddudddudrududrdduddududrduddudddudrududrdduddudrdduududdduddudrurrrrududdduddudruduuuudddudrudrdduududdduddudrurrrrududdduddudruduuuudddudr"
"kt1_0127";"";"Kansantanssit";"3/4 polskia 1870-luvulta ja myöhemmin";"";"E. Hårdh";"1871";"153";"3/4";"F";"Raahe";"";"Pohjois-Pohjanmaa";"Oulun lääni";"";"";"";"";"+5+2-2-1+1-5+5+4+0-2+0+2+1-3-2+2-2-1+1+2+2+1+2+5-5-2-1-2-2+2-2-1+1-5+5+4+0-2+0+2+1-3-2+2-2-1+0-2+2+1+2+2+1-3+0-2+9+0+2+1-3-2+0+2+0+0+2+1-3-2+0+2+0+0+0+2+1-3+0-2+0-2-1+3+0-2-1-2-2+4+1-1-2-2-1+1+4-2-2-1-2+2+1+2+2-4+2-2";"uudduduurdruuddudduuuuuudddddudduduurdruudduddrduuuuudrduruuddrurruuddrurrruudrdrddurdddduudddduudddduuuudud"
"kt1_0128";"Hollolan polska";"Kansantanssit";"3/4 polskia 1870-luvulta ja myöhemmin";"";"I. J. Inberg";"1857";"154";"3/4";"D";"Hollola";"";"Päijät-Häme";"Länsi-Suomen lääni";"";"Alkuperäinen vihko katosi lainassa ja Inberg kirjoitti sävelmiä muistista uudelleen 1870-luvulla.";"";"";"+5+0-12+4+1+2+2-2-1+1+2+2-4+0+5+0-12+4+1+2+2-2-1+1+0+0+5+0-12+4+1+2+2-2-1+1+2+2-4+0+5+0-12+4+1+2+2-2-1+1+0+9+1-1-4+2+2-2-3+1+2+2+1+2-2-3+2+1-1-4+2+2+1-1+1-1-4+2+2-2-3+1+2+2+1+2-2-3+2+1-1-4+2+2+1+2+2-2-3+1+2-2-3+2+1-1-4+2+2-2-3+1+0+4+1-1-4+2+2-2-3+1+2+2+1+2-2-3+2+1-1-4+2+2+1-1+1-1-4+2+2-2-3+1+2+2+1+2-2-3+2+1-1-4+2+2+1+2+2-2-3+1+2-2-3+2+1-1-4+2+2-2-3+1+0";"urduuuudduuudrurduuuuddurrurduuuudduuudrurduuuudduruudduudduuuuudduudduuududduudduuuuudduudduuuuudduudduudduudduruudduudduuuuudduudduuududduudduuuuudduudduuuuudduudduudduuddur"
"kt1_0129";"";"Kansantanssit";"3/4 polskia 1870-luvulta ja myöhemmin";"";"I. J. Inberg";"1857";"154";"3/4";"C";"Lempäälä";"";"Pirkanmaa";"Länsi-Suomen lääni";"";"Alkuperäinen vihko katosi lainassa ja Inberg kirjoitti sävelmiä muistista uudelleen 1870-luvulla.";"";"";"+0+4+0-2+0+0-2-1+1-3+3-1-4+5+0+4+0-2+0+0-2-1+1-3-2+5+0+4+0-2+0+0-2-1+1-3+3-1-4+5+0+4+0-2+0+0-2-1+1-3-2-5+5+4+0+3+0+0-2-1+1-3+3-1-4-5+5+4+0+3+0+0-2-1+1-3-2-5+5+4+0+3+0+0-2-1+1-3+3-1-4-5+5+4+0+3+0+0-2-1+1-3-2";"rurdrrddududdururdrrdduddururdrrddududdururdrrdduddduururrddududdduururrdduddduururrddududdduururrddudd"
"kt1_0130";"Torpparia";"Kansantanssit";"3/4 polskia 1870-luvulta ja myöhemmin";"";"I. J. Inberg";"1857";"155";"3/4";"a";"Hausjärvi";"";"Kanta-Häme";"Etelä-Suomen lääni";"";"Alkuperäinen vihko katosi lainassa ja Inberg kirjoitti sävelmiä muistista uudelleen 1870-luvulla.";"";"";"-2-2-1+1+2+2-2-2-1+1+2+2+0+1-3+2-5+1-1+1-3+0+7-2-2-1+1+2+2-2-2-1+1+2+2+0+1-3+2-5+1-1+1-3+0+7+3-2+2-2-1-2-1+1-1+1+3-1+0+3-2+2-2-1-2-1+1-1+1+3-1-7+2+1+2+2-4-1+1-3+0";"ddduuuddduuurududududruddduuuddduuurududududruududddduduudrududddduduudduuuuddudr"
"kt1_0131";"Isovarvas ja Kantapää";"Kansantanssit";"3/4 polskia 1870-luvulta ja myöhemmin";"";"I. J. Inberg";"1857";"155";"3/4";"G";"Lempäälä";"";"Pirkanmaa";"Länsi-Suomen lääni";"";"Alkuperäinen vihko katosi lainassa ja Inberg kirjoitti sävelmiä muistista uudelleen 1870-luvulla.";"";"";"+4+3+2+2+1-3-2+0-2-1-2+0+3-1+1-1-2-3-4+5+4+3-3+1-1-2-3-4+5+0";"uuuuuddrdddrududddduuududdddur"
"kt1_0132";"Koiviston polska";"Kansantanssit";"3/4 polskia 1870-luvulta ja myöhemmin";"";"I. J. Inberg";"1857";"156";"3/4";"a";"-()";"";"";"";"";"Alkuperäinen vihko katosi lainassa ja Inberg kirjoitti sävelmiä muistista uudelleen 1870-luvulla.";"";"";"+1-1-2-2+2-2-1-2+3-1+1-1-2-1+1-1-2-2+2+2+3-2-1+4-1-2+5-2-1+1+4-2-2+2+2+0+0+1-1-2-2+2-2-1-2+3-1+1-1-2-1+1-1-2-2+2+2+3-2-1+4-1-2+5-2-1+1+4-2-2+2+2+0+3+0+2-2-2-1+0+1+0+0-1-2+2+0+3+0+2-2-2-1+0+1+0+0-1-2+2+0-2-2-1+1+2+2-4-1-2+3-1-2-1+0+1+2+1+0-1+1+2+2-4-1-2+3-1-2-1+0+1";"udddudddududdduddduuudduddudduudduurrudddudddududdduddduuudduddudduudduururudddrurrddururudddrurrddurddduuudddudddruuurduuudddudddru"
"kt1_0133";"Purppuri";"Kansantanssit";"3/4 polskia 1870-luvulta ja myöhemmin";"";"K. Näppinen";"1887";"156";"3/4";"F";"Urjala";"";"Pirkanmaa";"Länsi-Suomen lääni";"";"";"";"";"+0+0-5+5-5+5+4-4+4+3-3-4-1+0+0-4+4-4+4+3-3+3+3-1-2-2+0-1+1+2+2+3+2-2-3+3+0-2-3+3-1-4+7+0+2-2-2-1+1-3+10+0+4-4-1+1-3-2+0+2-2-2-1+1-3+2-2+15+0-1-2-3-4-1+1+9+0-2-2-1-4-1+1+7+0+2-2-2-1+1-3-2+4+3-2-1+1+5+0-1-2-3-4-1+1+9+0-2-2-1-4-1+1+7+0+2-2-2-1+1-3-2+4+3-2-1+1";"rrduduuduudddrrduduuduudddrduuuuuddurdduddurudddudurudduddrudddududurddddduurddddduurudddudduudduurddddduurddddduurudddudduuddu"
"kt1_0134";"";"Kansantanssit";"3/4 polskia 1870-luvulta ja myöhemmin";"";"P. Salonius";"1870";"157";"3/4";"C";"Parkano";"";"Pirkanmaa";"Länsi-Suomen lääni";"";"";"";"";"+3+0+0-3+3+0+0-7+0+0-1+3+0+0-3+3+0+0-7+0+0+9+3+0+0-3+3+0+0-7+0+0-1+1+2-3-4+12+2-2-3+1+2-2-3+2+0-4-1+1+2-3+1+0-5-3+3+5+7+2-2-3+1+2-2-3+2+0-4-1+1+2-3+1";"urrdurrdrrdurrdurrdrruurrdurrdrrduudduudduuddurdduudurdduuuudduuddurdduudu"
"kt1_0135";"";"Kansantanssit";"3/4 polskia 1870-luvulta ja myöhemmin";"";"P. Salonius";"1870";"158";"3/4";"d";"Parkano";"";"Pirkanmaa";"Länsi-Suomen lääni";"";"";"";"";"+2-2-1+1+2-2-1+1+4-2+2+1-1-2+2+1-1-2+2-4+2-2-1+1+2-2-1+1+4-2+2+1-1-2+2+1-1-2+2-4+2-2-1+1-1-2+2-2-1+0+1+0+2+3-2+2-2-1+1-1-2+2-2-1+0+1+0+3+2-2-1+1-1-2+2-2-1+0+1+0+2+3-2+2-2-1+1-1-2+2-2-1+0+1+0";"udduudduuduudduuddududduudduuduudduuddududdudduddruruududdudduddruruuddudduddruruududdudduddrur"
"kt1_0136";"Kaiken maailman polska";"Kansantanssit";"3/4 polskia 1870-luvulta ja myöhemmin";"";"P. Salonius";"1870";"158";"3/4";"D";"Parkano";"";"Pirkanmaa";"Länsi-Suomen lääni";"";"";"";"";"-1+1-5-2-1-2-2+5+4+0+0-5+3+0+0-2+4+0+0+2-4+4-4+5-1+1-5-2-1-2-2+5+4+0+0-5+3+0+0-2+2+5-1+1-5-2-1-2-2+5+4+0+0-5+3+0+0-2+4+0+0+2-4+4-4+5-1+1-5-2-1-2-2+5+4+0+0-5+3+0+0-2+2+0+5+4-4-5+4+3-3+1+2+2+1-3+3-1-4+4-2-3+3-2+4-4-1+3-3+1+2+2+1-3+3-1-4+4-2-3+3+5-3+3-2-3+3-1-4+4-2-3+3-2+0-5+5+4-4-5+4+3-3+1+2+2+1-3+3-1-4+4-2-3+3-2+4-4-1+3-3+1+2+2+1-3+3-1-4+4-2-3+3+5-3+3-2-3+3-1-4+4-2-3+3-2+0";"duddddduurrdurrdurrududududdddduurrdurrduududdddduurrdurrdurrududududdddduurrdurrduruudduuduuuududduddududduduuuududdudduududdudduddudrduudduuduuuududduddududduduuuududdudduududdudduddudr"
"kt1_0137";"";"Kansantanssit";"3/4 polskia 1870-luvulta ja myöhemmin";"";"P. Salonius";"1870";"159";"3/4";"C";"Parkano";"";"Pirkanmaa";"Länsi-Suomen lääni";"";"";"";"";"+5-1+1+2-3-4+0+0+5+0+4+0+3+0+2-2-2-1+1-1-2-2+2-2-1+3-2-1+1-5-3+3+0+5-1+1+2-3-4+0+0+5+0+4+0+3+0+2-2-2-1+1-1-2-2+2-2-1+0-4+2+2+3-2+7+2-2-2-1-4+4+3+0+5+0-1+0-2+0-2+0+2-2-2-1-4+4+3+0+5+0-1+0-2+0-2+0+2-2-2-1-2-2-1-4+2+2+3-2";"uduuddrrurururudddudddudduddudduruduuddrrurururuddduddduddrduuuduudddduururdrdrdrudddduururdrdrdruddddddduuud"
"kt1_0138";"";"Kansantanssit";"3/4 polskia 1870-luvulta ja myöhemmin";"";"P. Salonius";"1870";"159";"3/4";"G";"Parkano";"";"Pirkanmaa";"Länsi-Suomen lääni";"";"";"";"";"-1+1+2+2-4+0+2-2-1-2-2-2-1-4+12-1+1+2+2-4+0+2-2-1-2-2-2-1-4+0+12-1+3-3+3-2-5-7+12-1+3-3+3-2-5-2-1-2+2+1-1-2-2+2+2-2-2-1+1+7-3+3-3+3+0-2-1+1+0-3+3-3+3-3+3+0-1-2+2+0-2-2-1+1+4-4+12-1+3-3+3-2-5-2-5+12-1+3-3+3-2-5-2-1-2+2+1-1-2-2+2+2-2-2-1+1";"duuudruddddddduduuudrudddddddrudududddudududdddduuddduuddduududurddurdududurddurddduududududdddudududdddduuddduudddu"
"kt1_0139";"";"Kansantanssit";"3/4 polskia 1870-luvulta ja myöhemmin";"";"P. Salonius";"1870";"160";"3/4";"A";"Parkano";"";"Pirkanmaa";"Länsi-Suomen lääni";"";"";"";"";"+2+2+1+2+2+2+0+1+0-1-2-2-2-1-2-2+2-2+2+2+1+2+3-3-2+4-4-1+3-3+0-2-2+4-2-2-5+5+0+2+2+1+2+2+2+0+1+0-1-2-2-2-1-2-2+2-2+2+2+1+2+3-3-2+4-4-1+3-3+0-2-2+4-2-2-5+5+0+4+3-3-4+4+3-3+0-2-2+0+4+3-3-4+4+3-3-2+0-2+0+2+2+1+2+3-3-2+4-4-1+3-3+0-2-2+4-2-2-5+5+0+4+3-3-4+4+3-3+0-2-2+0+4+3-3-4+4+3-3-2+0-2+0+2+2+1+2+3-3-2+4-4-1+3-3+0-2-2+4-2-2-5+5";"uuuuuururddddddduduuuuudduddudrdduddduruuuuuururddddddduduuuuudduddudrdduddduruudduudrddruudduuddrdruuuuudduddudrdduddduruudduudrddruudduuddrdruuuuudduddudrddudddu"
"kt1_0140";"Itku polska";"Kansantanssit";"3/4 polskia 1870-luvulta ja myöhemmin";"";"P. Salonius";"1870";"161";"3/4";"d";"Parkano";"";"Pirkanmaa";"Länsi-Suomen lääni";"";"";"";"";"+1+3+1+0-1+1+3-1-2+0-1+0+0+3-7+1+3+1+0+2+1-1-2+0+2+0-7+1+3+1+0-1+1+3-1-2+0-1+0+0+3-7+1+3+1+0+2+1-1-2+0+2+0+5+0+0-2+2+1-1+0+0+0-2+2+1-1-2-2+0+2-3+0+0+0+3-2-1+1+2-2-1-2+0-1+1+3-1-2+0+0-1+1+3-1-2-1+1+7+0+0-2+2+1-1+0+0+0-2+2+1-1-2-2+0+2-3+0+0+0+3-2-1+1+2-2-1-2+0-1+1+3-1-2+0+0-1+1+3-1-2-1+1";"uuurduuddrdrruduuuruuddrurduuurduuddrdrruduuuruuddrururrduudrrrduudddrudrrrudduudddrduuddrrduuddduurrduudrrrduudddrudrrrudduudddrduuddrrduudddu"
"kt1_0141";"";"Kansantanssit";"3/4 polskia 1870-luvulta ja myöhemmin";"";"P. Salonius";"1870";"161";"3/4";"D";"Rymättylä";"";"Varsinais-Suomi";"Länsi-Suomen lääni";"";"";"";"";"+4-4+0-1+1-3-2+2-4+4-2-2-1+1-3+2-4+0+2+2+1+2+2+2+1+2+2+1-3-2+4-2-2-1-2-2-2-1-2-2+12+4-4+0-1+1-3-2+2-4+4-2-2-1+1-3+2-4+0+2+2+1+2+2+2+1+2+2+1-3-2-1-2+2+1+0-5+5-1+1+0-1+1+2+1-1+1+2+2-2-3+3+0-2-3+3+0-1-3+3-2+4-2-2-1+1-3-2+2-4+4-2-2-1+1-3+2-4+0+2+2+1+2+2+2+1+2+2+1-3-2-1-2+2+1+0-5+5-1+1+0-1+1+2+1-1+1+2+2-2-3+3+0-2-3+3+0-1-3+3-2+4-2-2-1+1-3-2+2-4+4-2-2-1+1-3+2-4+0+2+2+1+2+2+2+1+2+2+1-3-2-1-2+2+1+0";"udrduddududddududruuuuuuuuuudduddddddddduudrduddududddududruuuuuuuuuudddduurdudurduuuduuuddurddurddududdduddududddududruuuuuuuuuudddduurdudurduuuduuuddurddurddududdduddududddududruuuuuuuuuudddduur"
"kt1_0142";"";"Kansantanssit";"3/4 polskia 1870-luvulta ja myöhemmin";"";"P. Salonius";"1870";"162";"3/4";"D";"Wihti(Vihti)";"";"Uusimaa";"Etelä-Suomen lääni";"";"";"";"";"+5+0+0-5+5+0+0-5+5+0+0-5+7+0+0-7+7+0+0-7+7+0+0+1-1+1+2+2-2-2-1+3-2-1-2-1+1+2+1-1-2-1-4+0+5+0+0-5+5+0+0-5+5+0+0-5+7+0+0-7+7+0+0-7+7+0+0+1-1+1+2+2-2-2-1+3-2-1-2+3-1-2-1+1+0+7-9+5+4-4-5+5+4-4+5+0-6+3+3-3-3+3+3-3-5+2+1+2+2-4-1-2+3-1-2-1+1+0+7-9+5+4-4-5+5+4-4+5+0-6+3+3-3-3+3+3-3-5+2+1+2+2-4-1-2+3-1-2-1+1+0";"urrdurrdurrdurrdurrdurruduuudddudddduuuddddrurrdurrdurrdurrdurrdurruduuuddduddduddduruduudduudurduudduudduuuuddduddduruduudduudurduudduudduuuudddudddur"
"kt1_0143";"";"Kansantanssit";"3/4 polskia 1870-luvulta ja myöhemmin";"";"P. Salonius";"1870";"163";"3/4";"G";"Siikainen";"";"Satakunta";"Länsi-Suomen lääni";"";"";"";"";"-1+1+4-2-2+0-1-2-2-1+1+2+2-4+5+0-1+1+4-2-2+0-1-2-2+0+5-1+1+4-2-2+0-1-2-2-1+1+2+2-4+5+0-1+1+4-2-2+0-1-2-2+0-7+2+2+1+2+2+2+1-5-3+3-2-1+1-3-3+3+3-1-4+0+2+2+1-1+1+2+2-2-2-1+1-6+3-2+0+2+2+1+2+2+2+1-5-3+3-2-1+1-3-3+3+3-1-4+0+2+2+1-1+1+2+2-2-2-1+1-6+3-2";"duuddrdddduuudurduuddrdddruduuddrdddduuudurduuddrdddrduuuuuuudduddudduuddruuuduuudddududruuuuuuudduddudduuddruuuduuudddudud"
"kt1_0144";"";"Kansantanssit";"3/4 polskia 1870-luvulta ja myöhemmin";"";"P. Salonius";"1870";"163";"3/4";"D";"Huittinen";"";"Satakunta";"Länsi-Suomen lääni";"";"";"";"";"-5-3-4+0+4+3+0+3-1+0+0+0+0+0+5+0-3-4+0+4+3+0+3-1+0+0+0+0+0+3+0-3-4+4+3-3+5-2-2-1+1-3+0+0+0+0+3+0-3-3+3+3-3+5-2-1-2+2+0+0+0+0+0-4-1+1+2+2-2+2+1+2-2-1+1+4-2-2-3-3+1+0-1+1+2+2-2+2+1+2-2-1+1+4-2-2-3-3+1";"dddruurudrrrrrurddruurudrrrrrurdduududddudrrrrurdduududddurrrrrdduuuduuudduuddddurduuuduuudduuddddu"
"kt1_0145";"";"Kansantanssit";"3/4 polskia 1870-luvulta ja myöhemmin";"";"P. Salonius";"1870";"164";"3/4";"D";"Rymättylä";"";"Varsinais-Suomi";"Länsi-Suomen lääni";"";"";"";"";"-10+2+1+2-2-1+1+2+0+4+0+1-10+2+1+2-2-1+1+2+0+5-10+2+1+2-2-1+1+2+0+4+0+1-10+2+1+2-2-1+1+2+0+0+5+4-4-5+4+3-3-4+5+4-4+5+4-4-3+2+3-3-4+2+3-3-3+1+4-4-5+4+3-3-4+5+4-4+5+4-4-3+2+3-3-4+2+0+5+2-2-3+1+4-4-3+2+3-3-4+2+3-3-3+1+0-5+5+4-4-5+4+3-3-4+5+4-4+5+4-4-3+2+3-3-4+2+3-3-3+1+4-4-5+4+3-3-4+5+4-4+5+4-4-3+2+3-3-4+2+0+5+2-2-3+1+4-4-3+2+3-3-4+2+3-3-3+1+0";"duuudduururuduuudduuruduuudduururuduuudduurruudduudduuduudduudduudduudduudduuduudduudduruudduudduudduuddurduudduudduuduudduudduudduudduudduuduudduudduruudduudduudduuddur"
"kt1_0146";"";"Kansantanssit";"3/4 polskia 1870-luvulta ja myöhemmin";"";"P. Salonius";"1870";"165";"3/4";"d";"Parkano";"";"Pirkanmaa";"Länsi-Suomen lääni";"";"";"";"";"-4-5+5+4-4-5+5+4+0-2+2-2-3-4+0+0+9-4-5+5+4-4-5+5+4+0-2+2-2-3-4+0+0+5-1-2-1+1+3-1-7+0+0+0+8-1-2-1+1+3-1-3+1+0-2+0+0+0+0+5+4+3+0+0+0+0-12+0+0+0+0+5+4+3+0+0+0+0-7-1-2-1+1+3-1-7+0+0+0+8-1-2-1+1+3-1-3+1+0";"dduudduurdudddrrudduudduurdudddrruddduuddrrruddduuddurdrrrruuurrrrdrrrruuurrrrdddduuddrrruddduuddur"
"kt1_0147";"Kolmen enkelskaa";"Kansantanssit";"3/4 polskia 1870-luvulta ja myöhemmin";"";"A. Leppä/ E. Sivori";"1888";"165";"3/4";"A";"Mäntyharju";"";"Etelä-Savo";"Itä-Suomen lääni";"";"";"";"";"+5-1+1-5+5-1+1-5-3+3+5-1+1-5+5-1+1-5-2-1-2-2+0+4+3+5-1+1-5+5-1+1-5-3+3+5-1+1-5+5-1+1-5-2-1-2-2+0+4+3-3-4+4+3-3-4+4+3-3+1+4-2-3+3-3-4+4+3-3-4+4+3-3+1-1+0-2-2+2+2-4+7-3-4+4+3-3-4+4+3-3+1+4-2-3+3-3-4+4+3-3-4+4+3-3+1-1+0-2-2+2+2-4";"ududududduududududddddruuududududduududududddddruudduudduuduuddudduudduududrdduududduudduuduuddudduudduududrdduud"
"kt1_0148";"";"Kansantanssit";"3/4 polskia 1870-luvulta ja myöhemmin";"";"K. Sutinen/ E. Sivori";"1888";"166";"3/4";"D";"Wiipuri(Viipuri)";"";"Karjalan kannas";"Karjalan, Inkerin, ym. alueet";"";"Toisinto kappaleesta 121.";"";"";"+5-1+1-5+5-1+1-5-3+3+5-1+1-5+5-1+1-5-2-1-2-2+0+4+3+5-1+1-5+5-1+1-5-3+3+5-1+1-5+5-1+1-5-2-1-2-2+0+4+3-3-4+4+3-3-4+4+3-3+1+4-2-3+3-3-4+4+3-3-4+4+3-3+1-1+0-2-2+2+2-4+7-3-4+4+3-3-4+4+3-3+1+4-2-3+3-3-4+4+3-3-4+4+3-3+1-1+0-2-2+2+2-4";"ududududduududududddddruuududududduududududddddruudduudduuduuddudduudduududrdduududduudduuduuddudduudduududrdduud"
"kt1_0149";"Wenäjän kirkon kellot";"Kansantanssit";"3/4 polskia 1870-luvulta ja myöhemmin";"";"Helena Toivonen/ E. Sivori";"1888";"167";"3/4 ja 2/4";"D";"Pielisjärvi";"";"Pohjois-Karjala";"Oulun lääni";"";"Muistiinpanijan ikä  19";"";"";"+0+2+2-4+5-5+0+2+2-4+5+2+0+2+1-3+2-4+4-2-2-1+1+2+2-4+5-3+3-1-4+4-2-2-1+1+7-2-1+1+2-3+1-3+5+0+0-3-4+5-3+2-4+4-2-2-1+1+2+2-4+5-3+3-1-4+4-2-2-1+1+0+0";"ruududruuduuruudududdduuudududduddduudduududurrddudududdduuudududdudddurr"
"kt1_0150";"Kahdeksan hengen tanssi";"Kansantanssit";"3/4 polskia 1870-luvulta ja myöhemmin";"";"Pekka Saarelainen/ E. Sivori";"1888";"167";"3/4";"F";"Pielisjärvi";"Warpasen kylä";"Pohjois-Karjala";"Oulun lääni";"";"Muistiinpanijan ikä 24";"Menee g-mollissa.";"";"+0+1+2+2-2-3+1+2+2-2-3+0+1+2+2-2-3+1+2+2-4+2+2-2-2-1-2+0-1-4+5+0+2+0+1+2+2-2-2-1-2+0-1-4+0+2+2+1+0";"ruuudduuuddruuudduuuduuddddrddururuuuddddrddruuur"
"kt1_0151";"";"Kansantanssit";"3/4 polskia 1870-luvulta ja myöhemmin";"";"Joh. Kiiski/ E. Sivori";"1888";"168";"3/4";"D";"Pielisjärvi";"Kylälahti";"Pohjois-Karjala";"Oulun lääni";"";"Muistiinpanijan ikä 67";"";"";"-2-1+0+1-3-7+12-2-1+0+1-3+2-2-2-1+1+2-7+9-9+12-3+1+0-3+3-1-2-2-1-4+4+1-5+0+2+2+0+1+2+0-7+0+2+2+0+1+2+0+2-2-2-1+1+2-7+9-2-2-1+1+2+2-9+12-3+1+0-3+3-1-2-2-1-4+4+1";"ddrudduddrududdduudududurduddddduudruuruurdruuruuruddduududdduuududurduddddduu"
"kt1_0152";"Piilokiehaa";"Kansantanssit";"3/4 polskia 1870-luvulta ja myöhemmin";"";"Juho Hänninen/ E. Sivori";"1888";"168";"3/4";"D";"Sortavala";"";"Laatokan Karjala";"Karjalan, Inkerin, ym. alueet";"";"Muistiinpanijan ikä 48";"";"";"+2-2-2-1-2+2+1-3+2+1-1-2+5-5+5+2-2-2-1-2+2+1-3+2+1-1-2+5-5+5-5-2+0-3+0-2+0+5+0+4+1-1-2+5-5+5-5-2+0-3+0-2+0+5+0+4+1-1-2+5-5";"udddduuduudduduudddduuduuddududdrdrdruruuddududdrdrdruruuddud"
"kt1_0153";"";"Kansantanssit";"3/4 polskia 1870-luvulta ja myöhemmin";"";"H. Siikanen/ E. Sivori";"1888";"169";"3/4";"d";"Sysmä";"";"Päijät-Häme";"Länsi-Suomen lääni";"";"Kuudes tuuri purppurissa tanssitaan myös näin.";"";"";"-4+0+4+0-2-3+0+3+0-2-3-1+1+2+0+5-4+0+4+0-2-3+0+3+0-2-3-1+1+2+0-7+5+2+3-2+0-1-2-1+0+3+1-3+0-5+5+2+3-2+0-1-2-1+0+3+1-3+0";"drurddrurddduurudrurddrurddduurduuudrdddruudrduuudrdddruudr"
"kt1_0154";"";"Kansantanssit";"Vanhoja valsseja";"";"Robert Lehrbäck, lukkari Kuopiosta";"29";"173";"3/4";"G";"Pohjanmaa, Liminka(Liminka)";"";"Pohjois-Pohjanmaa";"Oulun lääni";"";"Noin 40 vuotta päiväystä aiemmin kuultuja.";"";"";"+0+0+0+0+9-2-3-4+0+4+0+1+2+2+2+1-5+2-2-2-3+5-1+1-1+1+2+2+1+2-7-7-1+1+4+3-3+1-1+1+4+5-2+0-1-2-2+2+2+1-5-7+0+0+0+0+9-2-3-4+0+4+0+1+2+2+2+1-5+2-2-2-3+5-1+1-1+1+2+2+1+2-7-7-1+1+4+3-3+1-1+1+4+5-2+0-1-2-2+2+2+1-5+5-12+4+3+5-3-4+0+0+0+0-3-7+4+3+5-3-4+0+0+4+3+5-12+4+3+5-3+5+0+0+0+0-3-2+2-4+2+2+1-5+5-12+4+3+5-3-4+0+0+0+0-3-7+4+3+5-3-4+0+0+4+3+5-12+4+3+5-3+5+0+0+0+0-3-2+2-4+2+2+1-5+2-2-2-1+1-3-2-5+12-8+1-3-2+2+2+1+1+1-2+2+2+1+1+1+2-2-2-1+1-3-2-5+9-5+1-3-2+2+2+1+2+2-4+4+5-2-2-1+1-3-2-5+12-8+1-3-2+2+2+1+1+1-2+2+2+1+1+1+2-2-2-1+1-3-2-5+9-5+1-3-2+2+2+1+2+2-4+4+0+0+0+0+0+0+0+0+0+0+3-3+3-3-9-3+3+11+1+2-2-2-1+1-3-2-5+9-5+1-3-2+2+2+1+2+2-4+2+2+1+1+1+2-2-2-1+1-3-2-5+9-5+1-3-2+2+2+1+2+2-4+4+0+0+0+0+0+0+0+0+0+3-3+3-3-9-3+3+11+1+2-2-2-1+1-3-2-5+9-5+1-3-2+2+2+1+2+2-4+2+2+1+1+1+2-2-2-1+1-3-2-5+9-5+1-3-2+2+2+1+2+2-4";"rrrrudddruruuuuududddududuuuuuddduuududuuudrddduuuddrrrrudddruruuuuududddududuuuuuddduuududuuudrddduuududuuuddrrrrdduuuddrruuuduuudurrrrdduduuududuuuddrrrrdduuuddrruuuduuudurrrrdduduuududddudddududduuuuuduuuuuudddudddududduuuuuduudddudddududduuuuuduuuuuudddudddududduuuuudurrrrrrrrrrududdduuuudddudddududduuuuuduuuuuudddudddududduuuuudurrrrrrrrrududdduuuudddudddududduuuuuduuuuuudddudddududduuuuud"
"kt1_0155";"";"Kansantanssit";"Vanhoja valsseja";"";"Robert Lehrbäck, lukkari Kuopiosta";"29";"174";"3/8";"C";"Pohjanmaa, Liminka(Liminka)";"";"Pohjois-Pohjanmaa";"Oulun lääni";"";"Noin 40 vuotta päiväystä aiemmin kuultuja.";"";"";"-3-4-3-3+1-5-3+3+5+4-2-7+4+3+3-3+2+1+2+2+2+1-3-4-3-3+1-5-3+3+5+4-2-7+4+3+3-3-2+12-3-4-3-3+1-5-3+3+5+4-2-7+4+3+3-3+2+1+2+2+2+1-3-4-3-3+1-5-3+3+5+4-2-7+4+3+3-3-2-5+0+4+3+3-3-3+1+4+5-2-1+1-12+4+3+3-3-3+1-5-3+3-7+7+4+3+3-3-3+1+4+5-2-1+1-12+4+3+3-3-3+1-5+0+4+3+3-3-3+1+4+5-2-1+1-12+4+3+3-3-3+1-5-3+3-7+7+4+3+3-3-3+1+4+5-2-1+1-12+4+3+3-3-3+1-12+0+12+4-16+12+4-9+4+3+3-3-3+1+4+3-19+12+4-16+12+4-9+4+3+3-3-3+1-12+0+12+4-16+12+4-9+4+3+3-3-3+1+4+3-19+12+4-16+12+4-9+4+3+3-3-3+1-1+1+2-1+1-3-4+5+4+3-3-4+4-2-1+1-3-4+5-5-3+3-7+14-1+1-3-4+4+1+4+3-3-4+4-2-1+1-3-4+4+1-1+1+2-1+1-3-4+5+4+3-3-4+4-2-1+1-3-4+5-5-3+3-7+14-1+1-3-4+4+1+4+3-3-4+4-2-1+1-3-4+4+1-5+9+0+0-4-1+1+2+2+1+1+1+2-2-2-3-2-1+1+4-9+5+4+0+0-4-1+1+2+2+1+1+1+2-2-2-3-2-5+9+0+0-4-1+1+2+2+1+1+1+2-2-2-3-2-1+1+4-9+5+4+0+0-4-1+1+2+2+1+1+1+2-2-2-3-2-1+1+2+0+0+0+0+0+0+1-3-3-3+1+2+2+1+2+1+1+0+0-4-1+1+2+2+1+1+1+2-2-2-3-2-1+1+2+0+0+0+0+0+0+1-3-3-3+1+2+2+1+2+1+1+0+0-4-1+1+2+2+1+1+1+2-2-2-3-2+4+3-5+2+1+4-2-15+3+5+4-2-7+2+2+3-2-8+3+5+4+3-5+2+1+4-2-15+3+5+4+1-10+2+2+3-2+4-4+0-1-4+2+2+3-2-8+3+5+4+3-5+2+1+4-2-15+3+5-1-4+2+2+3-2-8+3+5+4+1-10+2+2+3-2+0+7-5+2+1+4-2-15+3+5+4-2-7+2+2+3-2-8+3+5+4+3-5+2+1+4-2-15+3+5+4+1-10+2+2+3-2+4-4+0-1-4+2+2+3-2-8+3+5+4+3-5+2+1+4-2-15+3+5-1-4+2+2+3-2-8+3+5+4+1-10+2+2+3-2";"ddddudduuudduuuduuuuuuddddudduuudduuudduddddudduuudduuuduuuuuuddddudduuudduuudddruuudduuudduduuuddudduduuuudduuudduduuuddudruuudduuudduduuuddudduduuuudduuudduduuuddudruuduuduuudduuuduuduuduuuddudruuduuduuudduuuduuduuduuudduduududduuudduddudduddudududduuuudduddudduuduududduuudduddudduddudududduuuudduddudduudurrdduuuuuuuddddduuduurrdduuuuuuudddddurrdduuuuuuuddddduuduurrdduuuuuuuddddduurrrrrruddduuuuuuurrdduuuuuuuddddduurrrrrruddduuuuuuurrdduuuuuuudddduuduuudduuudduuudduuuuduuudduuuuduuududrdduuudduuuuduuudduudduuudduuuuduuudruduuudduuudduuudduuuuduuudduuuuduuududrdduuudduuuuduuudduudduuudduuuuduuud"
"kt1_0156";"";"Kansantanssit";"Vanhoja valsseja";"";"Robert Lehrbäck, lukkari Kuopiosta";"29";"177";"3/4";"d";"Pohjanmaa, Liminka(Liminka)";"";"Pohjois-Pohjanmaa";"Oulun lääni";"";"Noin 40 vuotta päiväystä aiemmin kuultuja.";"";"";"+5+0+4-4+4+0-2+3-1-2-2+0-1+3-3-4+5+0+4-4+4+0-2+3-1-5+3-2-5+5+0+4-4+4+0-2+3-1-2-2+0-1+3-3-4+5+0+4-4+4+0-2+3-1-5+3-2+4+0-2+3-1-2-2+0-1+3-2-1-2+0-1+3-3-4+4+1-1+1+2+1+2+2-2+3-1-2-2+0-1+3-2-1-2+0-1+3-3-4+4+1+7+0-2+3-1-2-2+0-1+3-2-1-2+0-1+3-3-4+4+1-1+1+2+1+2+2-2+3-1-2-2+0-1+3-2-1-2+0-1+3-3-4+4+1";"urudurdudddrduddurudurdudduddurudurdudddrduddurudurduddudurdudddrdudddrdudduuduuuuududddrdudddrdudduuurdudddrdudddrdudduuduuuuududddrdudddrdudduu"
"kt1_0157";"Sianporsaan valssi";"Kansantanssit";"Vanhoja valsseja";"";"Robert Lehrbäck, lukkari Kuopiosta";"29";"177";"3/8";"D";"Pohjanmaa, Liminka(Liminka)";"";"Pohjois-Pohjanmaa";"Oulun lääni";"";"Noin 40 vuotta päiväystä aiemmin kuultuja.";"";"";"+3-2+4-5+3-5+3-1+3-12+0+9+3-5+3-10+0+7+3-1+3-12+0+9+3-2+4-5+3-5+3-1+3-12+0+9+3-5+3-10+0+4+3-2+4+3-2+4-5+3-5+3-1+3-12+0+9+3-5+3-10+0+7+3-1+3-12+0+9+3-2+4-5+3-5+3-1+3-12+0+9+3-5+3-10+0+4+3-2+4-2+3-10+0+7+3-1+3-12+0+9+3-2+4-5+3-5+3-1+3-12+0+9+3-5+3-10+0+7+3-1+3-12+0+9+3-2+2+2-4-3-3+1+4-2+3-10+0+7+3-1+3-12+0+9+3-2+4-5+3-5+3-1+3-12+0+9+3-5+3-10+0+7+3-1+3-12+0+9+3-2+2+2-4-3-3+1";"udududududruududruududruudududududruududruuduudududududruududruududruudududududruududruudududruududruudududududruududruududruuduuddduududruududruudududududruududruududruuduudddu"
"kt1_0158";"Kotiljongi-Valssi";"Kansantanssit";"Vanhoja valsseja";"";"Robert Lehrbäck, lukkari Kuopiosta";"29";"178";"3/8";"G";"Pohjanmaa, Liminka(Liminka)";"";"Pohjois-Pohjanmaa";"Oulun lääni";"";"Noin 40 vuotta päiväystä aiemmin kuultuja.";"";"";"+4-4-5-3+1+4+0-2-3-9+5+4+3-2-3-7+4+3+7-2-3+8+4-4-5-3+1+4+0-2-3-9+5+4+3-2-3-7+4+3-2+12+4-4-5-3+1+4+0-2-3-9+5+4+3-2-3-7+4+3+7-2-3+8+4-4-5-3+1+4+0-2-3-9+5+4+3-2-3-7+4+3-2+4+3-2-3-7+4+3+7-2-3-9+5+4+3-2-3-7+4+3+7-2-3+8+4-4-5-3+1+4+0-2-3-9+5+4+3-2-3-7+4+3-2+4+3-2-3-7+4+3+7-2-3-9+5+4+3-2-3-7+4+3+7-2-3+8+4-4-5-3+1+4+0-2-3-9+5+4+3-2-3-7+4+3-2+4+1+2+2-2-2-1-4+4+3+5+0-1+1+4-2-3+3-2-1-2-2-1+1+2-2-2-1-4+4+3+5+0-1+1+4-2-3+1-8+1+2+2-2-2-1-4+4+3+5+0-1+1+4-2-3+3-2-1-2-2-1+1+2-2-2-1-4+4+3+5+0-1+1+4-2-3+1";"uddduurddduuuddduuudduuddduurddduuuddduuduuddduurddduuuddduuudduuddduurddduuuddduuduuddduuuddduuuddduuudduuddduurddduuuddduuduuddduuuddduuuddduuudduuddduurddduuuddduuduuuudddduuurduudduddddduudddduuurduudduduuudddduuurduudduddddduudddduuurduuddu"
"kt1_0159";"";"Kansantanssit";"Valsseja 1860-luvulta";"";"O. A. J. Carlenius";"1869";"183";"3/4";"D";"Hollola";"";"Päijät-Häme";"Länsi-Suomen lääni";"";"";"";"";"+4+0+0+3+0+0+5+4-2-2-1-2-2-2-1-2-2-1+3+0+0+3+0+0+2+4+3+3-6+1-10+3-3-3-4+4+3+3-3-3-4+4+1+4+3+5+4-4-5-3-4-5+5+4-2+3-3-3-4+4+3+3-3-3-4+4+1+4+3+5-1+3-2-10+3-3-3-4+4+3+3-3-3-4+4+1+4+3+5+4-4-5-3-4-5+5+4-2+3-3-3-4+4+3+3-3-3-4+4+1+4+3+5-1+3-2";"urrurruuddddddddddurrurruuuudududdduuuddduuuuuuddddduududdduuuddduuuuududduddduuuddduuuuuuddddduududdduuuddduuuuudud"
"kt1_0160";"";"Kansantanssit";"Valsseja 1860-luvulta";"";"O. A. J. Carlenius";"1869";"183";"3/4";"D";"Kokkola";"";"Keski-Pohjanmaa";"Länsi-Suomen lääni";"";"";"";"";"-5+5+0+5-1-2-2-1+3+0+0+5-2-1-2-2-5+5+0+5-1-2-2-1-4+2+2+3-2+0-5+5+0+5-1-2-2-1+3+0+0+5-2-1-2-2-5+5+0+5-1-2-2-1-4+2+2+3-2+7-3-4+4+3+0+2-2-2-1+1-3+0+3-1+3-2-1-2-2-5+5+0+5-1-2-2-1-4+2+2+3-2+7-3-4+4+3+0+2-2-2-1+1-3+0+3-1+3-2-1-2-2-5+5+0+5-1-2-2-1-4+2+2+3-2";"duruddddurruddddduruddddduuudrduruddddurruddddduruddddduuududduurudddudrududdddduruddddduuududduurudddudrududdddduruddddduuud"
"kt1_0161";"";"Kansantanssit";"Valsseja 1860-luvulta";"";"O. A. J. Carlenius";"1869";"184";"3/4";"C";"Kokkola";"";"Keski-Pohjanmaa";"Länsi-Suomen lääni";"";"";"";"";"+5+2-2-1+1-5+5+4-2+3+0-1-4+4+3-1+1+2-2-8+3-2-1+1+2-2-5-3+8+2-2-1+1-5+5+4-2+3+0-1-4+4+3-1+1+2-2-8+3-2-1+1+2-2+2+2+1+2-2-1+1+4-4-1+1-1-2+2+3-3-2+2-2-2+2+3-3-2+2-2-1+1+2+2+1+2-2-1+1+4-4-1+1-1-2+2+3-3-2+2-2-2+2+3-3-2+2-2-1+1+2+2-4";"uudduduudurdduuduuddudduuddduudduduudurdduuduuddudduuduuuudduuddudduuddudduuddudduuuuudduuddudduuddudduuddudduuud"
"kt1_0162";"";"Kansantanssit";"Valsseja 1860-luvulta";"";"O. A. J. Carlenius";"1869";"185";"3/4";"C";"Kokkola";"";"Keski-Pohjanmaa";"Länsi-Suomen lääni";"";"";"";"";"+4-2+0-5+0+3-1+0-2-2+0-1-4+4+3+3-1-2-2+9-2+0-5+0+3-1+0-2-2+0-1-4+4+3-2+2-3+0+3+5+4-4-8+1-3+3+6+3-2-1-2-2-2-1+3-3+0+3+5+4-4-8+1-3+3+6+3-2";"udrdrudrddrdduuudddudrdrudrddrdduududruuudduduuuddddddudruuudduduuud"
"kt1_0163";"Knäpp valsen";"Kansantanssit";"Valsseja 1860-luvulta";"";"O. A. J. Carlenius";"1869";"185";"3/4";"C";"Kruunupyy";"";"Pohjanmaa";"Länsi-Suomen lääni";"";"";"";"";"+9-4+0-5+9-4+0-5+10-3+0-7+10-3+0-7+9-4+0-5+9-4+0-5+10-3+0-2+0+12-1-2-2+2-2-8+3+3";"udrdudrdudrdudrdudrdudrdudrdrudddudduu"
"kt1_0164";"";"Kansantanssit";"Valsseja 1860-luvulta";"";"O. A. J. Carlenius";"1869";"186";"3/4";"G";"Kokkola";"";"Keski-Pohjanmaa";"Länsi-Suomen lääni";"";"";"";"";"+4+3+4+5-16+4+3+4+5-2-3-4+4+3-2-1-2-2-2-1-4+4+3+4+5-16+4+3+4+5-2-3-4+4+3-2-7+4+0-2-2-1+3+5-8+10-3-4+4+3-2-1-2-2-2-3+3+4+0-2-2-1+3+5-8+10-3-4+4+3-2";"uuuuduuuuddduuddddddduuuuduuuuddduuddurddduududduudddddduurddduududduud"
"kt1_0165";"";"Kansantanssit";"Valsseja 1860-luvulta";"";"O. A. J. Carlenius";"1869";"186";"3/4";"F";"Kruunupyy";"";"Pohjanmaa";"Länsi-Suomen lääni";"";"";"";"";"+9-2-2-5+9-2-2-5+10-3-3+3+3-1-2-2-5+9-2-2-5+9-2-2-5+10-3-3+3-2-8+1+4-2-3+3-2-3+3-1-4+4+1+4-2-3+3-2-3-2";"udddudddudduudddduddduddduddudduudduddudduuudduddd"
"kt1_0166";"";"Kansantanssit";"Valsseja 1860-luvulta";"";"O. A. J. Carlenius";"1869";"187";"3/4";"Bb";"Kokkola";"";"Keski-Pohjanmaa";"Länsi-Suomen lääni";"";"";"";"";"-3-4-3-2+4+3-3-4-3+5+3-3-3+1+4+3-3-4+12-3-4-3-2+4+3-3-4-3+5+3-3-3+1-5-3+3+5+4-9-3+3+5+4-2+3-3-3+3-2+0+4+3-12-3+3+5+4-9-3+3+5+4-2+3-3-3+3-2";"dddduuddduudduuuddudddduuddduuddudduuudduuududdudruudduuudduuududdud"
"kt1_0167";"";"Kansantanssit";"Valsseja 1860-luvulta";"";"O. A. J. Carlenius";"1869";"187";"3/4";"Bb";"Kruunupyy";"";"Pohjanmaa";"Länsi-Suomen lääni";"";"";"";"";"+2-2-1+1+4-2-2+2-2-1+1-5+5+4-2+2+1+2-3+0+1-1-2+2-9+5+2-2-1+1+4-2-2+2-2-1+1-5+5+4-2+2+1+2-3+0+1-1-2+5+2-2-2+2+4-2-2+2+2+1-1-2-2+2-2-2+2-3-4-5+4+3+3-1-2-2+0+0+2+5+4-4+0-5+5-1-4+2+2+3-2+2-2-1+1-5+5+4-4+0-5+5-1-4+2+2+3-2-3+1-1-2+2+1+4-2-3-4+2-2-1+1+2-2+4-4-3+2-2-1+1+0+8-1-2+0-2+2+2-4+4+1-1-2+2+1+4-2-3-4+2-2-1+1+2-2+4-4-3+2-2-1+1+0+8-1-2+0-2+2+2-4";"udduuddudduduuduuudrudduduudduuddudduduuduuudrudduudduudduuudddudduddduuudddrruuudrdudduuududduduudrdudduuuddudduuudddudduududdudduruddrduuduudduuudddudduududdudduruddrduud"
"kt1_0168";"";"Kansantanssit";"Valsseja 1860-luvulta";"";"O. A. J. Carlenius";"1869";"188";"3/4";"D";"Kokkola";"";"Keski-Pohjanmaa";"Länsi-Suomen lääni";"";"";"Menee lopuksi G-duurissa.";"";"+2-2-2-1-2+2+3-7+4-2+3+0-10+4+3+3-1-4+4+3+2-2-2-1-2+2+3-7+4-2+3+0-10+4+3-2-5+4+3-3+3+0-7+5+4-4+4+0-9+4+3-3+3+0-7+5+4-4+4+0-4+5+4-9+5+4+0-4-5+4+3-7+4+3+3-1-4-5+5+4-9+5+4+0-4-5+4+3-7+4+3-2";"udddduududurduuudduuudddduududurduudduudurduudurduudurduudurduuduurdduuduuuddduuduurdduuduud"
"kt1_0169";"";"Kansantanssit";"Valsseja 1860-luvulta";"";"O. A. J. Carlenius";"1869";"189";"3/4";"F";"Lohtaja";"";"Keski-Pohjanmaa";"Länsi-Suomen lääni";"";"";"";"";"+2+2+1+2+2+1-1-2-2-1+3-2+4-4-5+2+2+1+2+2+1-1-2-2-1+3-2-5+10-1-2-2-1-2-2-3-4+4+3+0+2+2+1+2+2+1-1-2-2-1-2-2-3-4+4+3+0+2+2+1";"uuuuuuddddududduuuuuudddduddudddddddduuruuuuuudddddddduuruuu"
"kt1_0170";"";"Kansantanssit";"Valsseja 1860-luvulta";"";"O. A. J. Carlenius";"1869";"189";"3/4";"C";"Kruunupyy";"";"Pohjanmaa";"Länsi-Suomen lääni";"";"";"";"";"+5+4+1-1+0-2+0-7+4+3+2-2+0-2+0-5+5+4+1-1+0-2+0+7-2-2-10+4+3-2+7-2+4-2+0-3-4+4+3+5-5-3-2+2+1+4-2-3-2+2+1+4-2+0-12+4+3-2+7-2+4-2+0-3-4+4+3+5-5-3-2+2+1+4-2-3-2+2+1+4-2+0-12+4+3-2";"uuudrdrduuudrdrduuudrdruddduudududrdduuuddduuuddduuudrduudududrdduuuddduuuddduuudrduud"
"kt1_0171";"";"Kansantanssit";"Valsseja 1860-luvulta";"";"O. A. J. Carlenius";"1869";"190";"3/4";"F";"Savonlinna";"";"Etelä-Savo";"Itä-Suomen lääni";"";"";"";"";"+2-2-2+2-3+1-1-2+2+1-1-2+2+1+4-2+2-2-2+2-3+1-1-2+2+1-1-2-2-1+1-1-2+2+1+2-2-1+1+2+2-2-2+2+2-4+0-1+1-1-2+2+1+2-2-1+1+2+2-2-2+2-2";"uddududduudduuududdududduuddddudduuudduuudduudrdudduuudduuuddud"
"kt1_0172";"";"Kansantanssit";"Valsseja 1860-luvulta";"";"O. A. J. Carlenius";"1869";"190";"3/4";"a";"Savonlinna";"";"Etelä-Savo";"Itä-Suomen lääni";"";"Savonlinnassa muinoin asuneen larinettisoittajan tekemä, Rutsin vallan aikuinen.";"";"";"-1+1+3-1-2-1+3-7+0+5-1+1+2+1+2+2-2-2-1+1-3-1+1+3-1-2-1+3-7+0+5-1+1+3-1-3+1+0+0-1+1+3-1-2-1+3-7+0+5-1+1+2+1+2+2-2-2-1+1-3-1+1+3-1-2-1+3-7+0+5-1+1+3-1-3+1+0+2+1-1+1+4-2-2-1+3-7+0+5-1+1+4-2-2-1+3-2-1-2-1+1+3-1-2-1+3-7+0+5-1+1+3-1-3+4-1+1+4-2-2-1+3-7+0+5-1+1+4-2-2-1+3-2-1-2-1+1+3-1-2-1+3-7+0+5";"duudddudruduuuuudddudduudddudruduuddurrduudddudruduuuuudddudduudddudruduudduruuduudddudruduudddudddduudddudruduudduduudddudruduudddudddduudddudru"
"kt1_0173";"Vanha valssi";"Kansantanssit";"Valsseja 1860-luvulta";"";"O. A. J. Carlenius";"1869";"191";"3/4";"G";"Savonlinna";"";"Etelä-Savo";"Itä-Suomen lääni";"";"";"";"";"+2-2-2-1-4-5+5+4-2-3-4+4+3+2-4-5+5+4+3+2-2-2-1-4-5+5+4-2-3-4+4+3-2+5-3-3+3+3-1-4-5+5+4-2-3-4+4+3+2-4-5+5+4+1-3-3+3+3-1-4-5+5+4-2-3-4+4+3-2";"uddddduuddduuudduuuuddddduuddduududduuddduuddduuudduuudduuddduuddduud"
"kt1_0174";"";"Kansantanssit";"Valsseja 1860-luvulta";"";"O. A. J. Carlenius";"1869";"191";"3/4";"a";"Savonlinna";"";"Etelä-Savo";"Itä-Suomen lääni";"";"Toinen säe on unohtunut.";"";"";"-2-2-1-2-5+5+3-1-7+4+3-2-1+1+2+1+2+2-2-2-1-2-5+5+3-1-7+4+3-2";"ddddduudduudduuuuuddddduudduud"
"kt1_0175";"";"Kansantanssit";"Valsseja 1860-luvulta";"";"O. A. J. Carlenius";"1869";"192";"3/4";"A";"Rantasalmi";"";"Etelä-Savo";"Itä-Suomen lääni";"";"";"";"";"-1-2+0-2-3+3-2-3+3-1-4+12-1-2+0-2-3+3-2-3-2+4+0-2+2+1+4-2-3+3-2-3+3-1-4+4+0-2+2+1+4-2-3+3-2-3-2";"ddrdduddudduddrddudddurduuuddudduddurduuudduddd"
"kt1_0176";"";"Kansantanssit";"Valsseja 1860-luvulta";"";"O. A. J. Carlenius";"1869";"192";"3/4";"D";"Pirkkala";"";"Pirkanmaa";"Länsi-Suomen lääni";"";"";"";"";"-5+5+4-4-1+3+3-1-2-2-1-4+4+3-2-1+3+5-2-1-2-2-5+5+4-4-1+3+3-1-2-2-1-4+4+3-2-1-4+4+3-3+1+7-3-4+4+3-3-2+3+4-2-2-1+1-10+4+3+3-3+2+3-2-1-2-2-5+5+4-4-1+3+3-1-2-2-1-4+4+3-3+1";"duudduuddddduudduuddddduudduuddddduuddduuduudduudduuddduduuuduuddddduudduuddddduudu"
"kt1_0177";"Heinola valsen";"Kansantanssit";"Valsseja 1860-luvulta";"";"O. A. J. Carlenius";"1869";"193";"3/4";"Bb";"Heinola";"";"Päijät-Häme";"Länsi-Suomen lääni";"";"";"";"";"+4+3+2-2-2-1+3+0+5+0+4-9+2+2+1+2+2-4+2+2-4-8+1+2+2-2-2-1+3+0+5+0+4-9+2+2+1+2+2-4+2+2+1-3-3+1+2+2+1-3-3+1+2+2+1-1-2-2-1-2-2-2-1+1+2+2-2-2-1+3+0+5+0+4-9+2+2+1+2+2-4+0-2-1-4+0+12-1-2-2-2-1";"uuudddururuduuuuuduudduuudddururuduuuuuduuudduuuudduuuudddddddduuudddururuduuuuudrdddruddddd"
"kt1_0178";"";"Kansantanssit";"Valsseja 1860-luvulta";"";"O. A. J. Carlenius";"1869";"194";"3/4";"D";"Pirkkala";"";"Pirkanmaa";"Länsi-Suomen lääni";"";"Katso nro 157.";"";"";"+4-5+3-5+3-1+3-12+5+4+3-5+3-10+4+3+3";"ududududuuududuuu"
"kt1_0179";"";"Kansantanssit";"Valsseja 1860-luvulta";"";"O. A. J. Carlenius";"1869";"194";"3/4";"d";"Sääminki";"Vesikansa";"Etelä-Savo";"Itä-Suomen lääni";"";"";"";"";"+4+0-7+0+3+4+0-7+0+5+3+0-6+0+1+2-2-1+1+2-2+4+0-7+0+3+4+0-7+0+5+3+0-6+0+1+2-2-1+1+2+2+1-1-2-3+1-1+3-2-1-3+1-1-4+4+3+0-2+3+2+2+1-1-2-3+1-1+3-2-1-3+1-1-4+4+3+0-2";"urdruurdruurdruudduudurdruurdruurdruudduuuudddududddudduurduuuudddududddudduurd"
"kt1_0180";"";"Kansantanssit";"Valsseja 1860-luvulta";"";"O. A. J. Carlenius";"1869";"195";"3/4";"D";"Juva";"";"Etelä-Savo";"Itä-Suomen lääni";"";"";"";"";"-1+1+2+2+1+2+2-2-3-4-1-4+4+3+0-2+4-9+5-1+1+2+2+1+2+2-2-3-4-1-4+4+3+0-2+4+1-1-2-2-1-2-2+0+10+2-2-1+1+2";"duuuuuuddddduurdududuuuuuuddddduurduuddddddruudduu"
"kt1_0181";"";"Kansantanssit";"Valsseja 1860-luvulta";"";"O. A. J. Carlenius";"1869";"195";"3/4";"G";"Heinävesi";"";"Etelä-Savo";"Itä-Suomen lääni";"";"";"";"";"+0+0+0+4+3+0+5-1+0+0+0-6+0+0+0+4+0+0+0-2+0+0+0-2-1-2+2+1-3-2+0+0+0+0+4+3+0+5-1+0+0+0-6+0+0+0+4+0+0+0-2+0+0+0-2-1-2+2+1-3-2+0+0+0+0+4+3+0+5+4+0+0+0-9+0+0+5+2+0+0+0-2+0+0+0-1+0-4+2+2+1-12+0+0+0+4+3+0+5+4+0+0+0-9+0+0+5+2+0+0+0-2+0+0+0-1+0-4+2+2+1";"rrruurudrrrdrrrurrrdrrrddduuddrrrruurudrrrdrrrurrrdrrrddduuddrrrruuruurrrdrruurrrdrrrdrduuudrrruuruurrrdrruurrrdrrrdrduuu"
"kt1_0182";"Pielaveden valssi";"Kansantanssit";"Valsseja 1860-luvulta";"";"O. A. J. Carlenius";"1869";"196";"3/4";"D";"Pielavesi";"";"Pohjois-Savo";"Itä-Suomen lääni";"";"";"";"";"+1-1-2+2+1-1+1-1-2+2+1+2+2-2-2+2+2-2-3+1+2-2-1-2-2-1-4+7-2-1+1+4-2-2-5+9+1-1-2+2+1-1+1-1-2+2+1+2+2-2-2+2+2-2-3+1+2-2-1-2-2-1-4+7-2-1+1+4-2-2+9+2-2-2+2+2+1-3-2+2-2-1+1+2-2-3+1+2-2-1+1+2+2-4-1+1-1-2+2+1-1-9";"udduududduuuudduudduuddddddudduuddduudduududduuuudduudduuddddddudduudduudduuuddudduudduudduuuddudduudd"
"kt1_0183";"Oriveden valssi";"Kansantanssit";"Valsseja 1860-luvulta";"";"O. A. J. Carlenius";"1869";"196";"3/4";"D";"Häme";"";"Karjalan kannas";"Karjalan, Inkerin, ym. alueet";"";"";"Ei tahtilajimerkintää.";"";"+5+4+3+0+0-2-1-2-3-4+4+3+3+0+0-1-2+3-1-2+7-2+0-2-3-2-5-3+3+5+4+3-3+3-2-1-2-2-1+3-2+4-4-5-3+3+5+4+3-3+3-2-1-2-2-1+3-2+2-2-1-2-2+12-2-1-2-2+2-2-1-2-2+12-2-1-2-2-5+5+4+3-3+1-1-2-2-1+3-2";"uuurrddddduuurrdduddudrddddduuuududddddududdduuuududddddududddduddddudddduddddduuududdddud"
"kt1_0184";"Kitkutos valssi";"Kansantanssit";"Valsseja 1860-luvulta";"";"O. A. J. Carlenius";"1869";"197";"3/4";"G";"Sääminki";"";"Etelä-Savo";"Itä-Suomen lääni";"";"";"";"";"+5+4+3-3-4-5+4+3+3-3-3-4+5+4+3-3-4-5+4+3-2+9+2+1-10+10-10+9-9+9-9+7-7+7-7+5-5+2+1-10+10-10+12-12+12-12+7-7+7-7+5+9+2+1-10+10-10+9-9+9-9+7-7+7-7+5-5+2+1-10+10-10+12-12+12-12+7-7+7-7+5";"uuuddduuuddduuuddduuduuudududududududuududududududuuuudududududududuududududududu"
"kt1_0185";"";"Kansantanssit";"Valsseja 1860-luvulta";"";"O. A. J. Carlenius";"1869";"198";"3/4";"C";"Kruunupyy";"";"Pohjanmaa";"Länsi-Suomen lääni";"";"";"";"";"+5+0+2+2+1+2-3+5-2-2-3+7";"uruuuududddu"
"kt1_0186";"Vanha valssi";"Kansantanssit";"Valsseja 1860-luvulta";"";"F. V. Illberg";"1866";"198";"3/8";"A";"Hirvensalmi";"";"Etelä-Savo";"Itä-Suomen lääni";"";"";"";"";"+0-1-3+3+5-2+0-2-1+1-3+3+0-1-3+3+5-2+0-2-1+1-3+3+0-1-3+3+5-2+0-2-1+1-3+3+0-1-3+3+5-2+0-2-1+1-3-5+5+4+3+0-2-1+1-1-2+2-4-5+5+4+3+0-2-1+1-1-2-2-5+5+4+3+0-2-1+1-1-2+2-4-5+5+4+3+0-2-1+1-1-2-2-1+0-2-3+3+5-2+0-1-2+2-4+4+0-2-3+3+5-2+0-1-2+2-4+4+0-2-3+3+5-2+0-1-2+2-4+4+0-2-3+3+5-2+0-1-2+2-4-5+5+4+3+0-2-1+1-1-2+2-4-5+5+4+3+0-2-1+1-1-2-2-5+5+4+3+0-2-1+1-1-2+2-4-5+5+4+3+0-2-1+1-1-2-2";"rdduudrddudurdduudrddudurdduudrddudurdduudrddudduuurdduddudduuurddudddduuurdduddudduuurdduddddrdduudrddudurdduudrddudurdduudrddudurdduudrddudduuurdduddudduuurddudddduuurdduddudduuurdduddd"
"kt1_0187";"Sippolan valssi";"Kansantanssit";"Valsseja 1860-luvulta";"";"F. V. Illberg";"1866";"199";"3/8";"a";"Sippola";"";"Kymenlaakso";"Etelä-Suomen lääni";"";"";"";"";"-1+1+2+2-4-5-3-4+12-1-4+4+3-2-1+1+2+2-9+5-1+1+2+2-4-5-3-4+12-1-4+4+3-2+0-1+1+2+2-4-5-3-4+12-1-4+4+3-2-1+1+2+2-9+5-1+1+2+2-4-5-3-4+12-1-4+4+3-2-3-1+1+2+1-3-1-4+0+4+1+0+2+1-3+2+5+0-7-1+1+2+1-3-1-4+0+4+1+0+3-1-3+1+0-1+1+2+1-3-1-4+0+4+1+0+2+1-3+2+5+0-7-1+1+2+1-3-1-4+0+4+1+0+3-1-3+1";"duuuddddudduudduuududuuuddddudduudrduuuddddudduudduuududuuuddddudduuddduuudddruuruuduurdduuudddruuruddurduuudddruuruuduurdduuudddruuruddu"
"kt1_0188";"Viron valssi";"Kansantanssit";"Valsseja 1860-luvulta";"";"F. V. Illberg";"1866";"199";"3/8";"G";"Parikkala";"";"Etelä-Karjala";"Etelä-Suomen lääni";"";"";"";"";"-3-4+4+3+5+4-4-5-3-4+4+1-3-3+3+5+4+1-1+1-5-3+1+2-3-4+4+3+5+4-4-5-3-4+4+1-3-3+3+5+4+1-5-3-4+4+3+5+4-4-5-3-4+4+1-3-3+3+5+4+1-1+1-5-3+1+2-3-4+4+3+5+4-4-5-3-4+4+1-3-3+3+5+4+1-7+4-2-2-1+3-2-1-2+9+3-2-1+1+2+2-9-2+4-2-2-1+3-2-1-2+9+3-2-7+4-2-2-1+3-2-1-2+9+3-2-1+1+2+2-9-2+4-2-2-1+3-2-1-2+9+3-2-5+5+4-2-2-1+1+2-5+2+1-1-2-2+5+4-11+4-2-2-1+3-2-1-2+9+3-2-5+5+4-2-2-1+1+2-5+2+1-1-2-2+5+4-11+4-2-2-1+3-2-1-2+9+3-2";"dduuuudddduudduuuududduudduuuudddduudduuuuddduuuudddduudduuuududduudduuuudddduudduuuududdduddduudduuudduddduddduudduddduddduudduuudduddduddduudduuddduuduuddduududdduddduudduuddduuduuddduududdduddduud"
"kt1_0189";"Hämeen valssi";"Kansantanssit";"Valsseja 1860-luvulta";"";"F. V. Illberg";"1866";"200";"3/8";"D";"Ristiina";"";"Etelä-Savo";"Itä-Suomen lääni";"";"";"";"";"+4+0-4-1+3+0-3+1-1+1-3-3-4+5-1+1+2+2-4+5+4+0-4-1+3+0-3+1-1+1-3-3-4+5-5+0+0+2+0+0+2+0+0+1+0+0-5+0+0+2+0+0+2+0+0+1+0+0+0";"urddurdududdduduuuduurddurdududddudrrurrurrurrdrrurrurrurrr"
"kt1_0190";"Pielaveden valssi";"Kansantanssit";"Valsseja 1860-luvulta";"";"F. V. Illberg";"1866";"201";"3/8";"G";"Parikkala";"";"Etelä-Karjala";"Etelä-Suomen lääni";"";"";"Väliosa D-duurissa.";"";"-4+2+2+1+2-1+1+2-2-2-3-3-4+4-4+10-1-4-5+5-5+9-4+2+2+1+2-1+1+2-2-2-3-3-4+2+2+1+4-4+2+2+1+2-1+1+2-2-2-3-3-4+4-4+10-1-4-5+5-5+9-4+2+2+1+2-1+1+2-2-2-3-3-4+2+2+1+9+2-2-2-2-1-4+4+0-2-3+3+0-2+2+2+1+1+1+2+2-2-2-2-1-4+4+0-2-3+3+0-2+9+2-2-2-2-1-4+4+0-2-3+3+0-2+2+2+1+1+1+2+2-2-2-2-1-4+4+0-2-3+3+0-2+9+2+1+2-3+1-3-3-4+4-4";"duuuuduudddddududddududuuuuduuddddduuuuduuuuduudddddududddududuuuuduuddddduuuuudddddurddurduuuuuuudddddurddurduudddddurddurduuuuuuudddddurddurduuuududddud"
"kt1_0191";"Mustalaisten valssi";"Kansantanssit";"Valsseja 1860-luvulta";"Vivace";"F. V. Illberg";"1866";"202";"3/8";"F";"Sippola";"";"Kymenlaakso";"Etelä-Suomen lääni";"";"";"";"";"+4+3-3-4+5+0+2+2-4+2-3-4+0+4+3-3-4+11+0+1+2-3+1-12+4+3-3-4+5+0+2+2-4+2-3-4+0+4+3-3-4+11+0+1+2-3+1+2-3+1+4-2-2-3+3+0";"uudduruududdruudduruududuudduruududdruudduruuduuduudddur"
"kt1_0192";"";"Kansantanssit";"Valsseja 1860-luvulta";"";"Jeremias Scharlin";"1865";"202";"3/4";"C";"Tampere, Tammela, Somero(Tampere)";"";"Pirkanmaa";"Länsi-Suomen lääni";"";"";"";"";"+5+0+0+0+0+0-5+0-1+1+2-2-3-4+0-1-4+4+3+3-1-2-2-1+1-3-2-1+1+2+2+1-1+1+2+2+3+0+5+0+0+0+0+0-5+0-1+1+2-2-3-4+0-1-4+4+3+3-1-2-2-1+1-3-2-1+1+2+2+1+7+0+5+0+0+0+0+0-5+0-1+1+2-2-3-4+0-1-4+4+3+3-1-2-2-1+1-3-2-1+1+2+2+1-1+1+2+2+3+0+5+0+0+0+0+0-5+0-1+1+2-2-3-4+0-1-4+4+3+3-1-2-2-1+1-3-2-1+1+2+2+1+4-4+2+3-1+0-4-1+3+3+4-2-2-1-4+2+3-1+0-4+0-1+0-4+4+3-2+4-4+2+3-1+0-4-1+3+3+4-2-2-1-4+2+3-1+0-4+0-1+0-4+4+3-2";"urrrrrdrduudddrdduuudddduddduuuuduuuururrrrrdrduudddrdduuudddduddduuuuururrrrrdrduudddrdduuudddduddduuuuduuuururrrrrdrduudddrdduuudddduddduuuuuduudrdduuudddduudrdrdrduududuudrdduuudddduudrdrdrduud"
"kt1_0193";"Someron valssi";"Kansantanssit";"Valsseja 1860-luvulta";"";"Jeremias Scharlin";"1865";"203";"3/4";"G";"Somero";"";"Varsinais-Suomi";"Länsi-Suomen lääni";"";"";"";"";"+4+3+5+4-4-12+4+3+5+4-4-5+4+3+2+1-3-7+4+3+2+1-3-14+4+3+5+4-4-12+4+3+5+4-4-5+4+3+2+1-3-2-12+0+4+3+5+4-4-12+4+3+5+4-4-5+4+3+2+1-3-7+4+3+2+1-3-14+4+3+5+4-4-12+4+3+5+4-4-5+4+3+2+1-3-2+12-1-2+5-2-1-2+0-2-1+1-3-4-1+1+2+2+1+2+2-2-1+1-3+3+5-1+3-2-1-2+0-2-1+1-3-4-1+1+2+2+1-3-2+12-1-2+5-2-1-2+0-2-1+1-3-4-1+1+2+2+1+2+2-2-1+1-3+3+5-1+3-2-1-2+0-2-1+1-3-4-1+1+2+2+1-3-2";"uuuudduuuudduuuudduuuudduuuudduuuudduuuudddruuuudduuuudduuuudduuuudduuuudduuuudduuuudduddudddrdduddduuuuuudduduududddrdduddduuuudduddudddrdduddduuuuuudduduududddrdduddduuuudd"
"kt1_0194";"Larkin valssi";"Kansantanssit";"Valsseja 1860-luvulta";"";"Jeremias Scharlin";"1865";"204";"3/4";"C";"Tampere, Tammela, Somero(Tampere)";"";"Pirkanmaa";"Länsi-Suomen lääni";"";"";"";"";"+4+3+0+0+0+0+0+0-2+0+0+0-1-2+2-4+4+3+0+0+5-1-2-2+2+2+1+4-2-2-12+4+3+0+0+0+0+0+0-2+0+0+0-1-2+2-4+4+3+0+0+5-1-2-2+2+2+1+4-2-2-5+5+0-5+5+4+3+2-2-3-4-1+1+2-3-4+2+5+2+1-3-3+1+4-9+2+8-1-2-2+0-1+0-4+4+3-2-5+5+0-5+5+4+3+2-2-3-4-1+1+2-3-4+2+5+2+1-3-3+1+4-9+2+8-1-2-2+0-1+0-4+4+3-2+7+0-1+1-5-3-4-5-3-4+22-1+1-3-3-4-5-3-4+21+0+0+0-2-2-1-2-4+4-2-3-4+19+0-1+1+4-4-5-3-4-5-3-4+22-1+1+4-4-3-3-4-5-3-4+21+0+0+0-2+0+5+2+2+1-8+1-1+1+2+2-4+0-1-4+4+3-3+0-2-3+1+2+2-2-7-2-1-2+5+12-3+1-1-2-2-1+1-3-2-1+1+4+3-2+7+0-1+1-5-3-4-5-3-4+22-1+1-3-3-4-5-3-4+21+0+0+0-2-2-1-2-4+4-2-3-4+19+0-1+1+4-4-5-3-4-5-3-4+22-1+1+4-4-3-3-4-5-3-4+21+0+0+0-2+0+5+2+2+1-8+1-1+1+2+2-4+0-1-4+4+3-3+0-2-3+1+2+2-2-7-2-1-2+5+12-3+1-1-2-2-1+1-3-2-1+1+4+3-2";"uurrrrrrdrrrdduduurruddduuuuddduurrrrrrdrrrdduduurruddduuuudddurduuuudddduudduuuudduuduudddrdrduuddurduuuudddduudduuuudduuduudddrdrduudurduddddddududdddddurrrdddddudddurduuddddddduduudddddddurrrdruuuududuuudrdduudrdduuuddddduududddduddduuudurduddddddududdddddurrrdddddudddurduuddddddduduudddddddurrrdruuuududuuudrdduudrdduuuddddduududddduddduuud"
"kt1_0195";"Pillipojan valssi";"Kansantanssit";"Valsseja 1860-luvulta";"";"Jeremias Scharlin";"1865";"205";"3/4";"C";"Tampere, Tammela, Somero(Tampere)";"";"Pirkanmaa";"Länsi-Suomen lääni";"";"";"";"";"+9+0+0+0+0+0-2-2+7-1+1+2-2-2-1+1-3+0+0+0-3+3+5-1+1+2-2-2-1-2-2+4+0+0+0+0+0-2-2+7-1+1+2-2-2-1+1-3+0+0+0-3+3+5-1+1+2-2-7-5+0+9+0+0+0+0+0-2-2+7-1+1+2-2-2-1+1-3+0+0+0-3+3+5-1+1+2-2-2-1-2-2+4+0+0+0+0+0-2-2+7-1+1+2-2-2-1+1-3+0+0+0-3+3+5-1+1+2-2-7-5+5+4+0+1-1+3-7+0-1-2+0-2-1+1+2+2+1-1+1+2+2+1-1+0+3-3+3-7+0-1-2+0-2-1+1+2+2+1+5-1+0+1-1+3-7+0-1-2+0-2-1+1+2+2+1-1+1+2+2+1-1+0+3-3+3-7+0-1-2+0-2-1+1+2+2+1";"urrrrrdduduudddudrrrduuduudddddurrrrrdduduudddudrrrduuduudddrurrrrrdduduudddudrrrduuduudddddurrrrrdduduudddudrrrduuduuddduurududrddrdduuuuduuuudrududrddrdduuuuudrududrddrdduuuuduuuudrududrddrdduuuu"
"kt1_0196";"Purppuri valssi";"Kansantanssit";"Valsseja 1860-luvulta";"";"Jeremias Scharlin";"1865";"206";"3/4";"C";"Tampere, Tammela, Somero(Tampere)";"";"Pirkanmaa";"Länsi-Suomen lääni";"";"";"";"";"+0+0+0+5+0+0+4+0+0+3+0+0-12+4+3+3-1-2-2-1+1-3-2-1+1+2+2+1+2+2+1+2+2-2-5-3-4+4+3+3-1-2-2-1+1-3-2-1+1+2+2+1-5+0+0+0+0+5+0+0+4+0+0+3+0+0-12+4+3+3-1-2-2-1+1-3-2-1+1+2+2+1+2+2+1+2+2-2-5-3-4+4+3+3-1-2-2-1+1-3-2-1+1+2+2+1-5+5-5+5+4-4+4-9+5+4-4+4-9+5+4-4+4-9+5+4+3+0-5-3-4+4+3+3-1-2-2-1+1-3-2-1+1+2+2+1+2+2+1+2+2-2-5-3-4+4+3+3-1-2-2-1+1-3-2-1+1+2+2+1-5+5-5+5+4-4+4-9+5+4-4+4-9+5+4-4+4-9+5+4+3+0-5-3-4+4+3+3-1-2-2-1+1-3-2-1+1+2+2+1+2+2+1+2+2-2-5-3-4+4+3+3-1-2-2-1+1-3-2-1+1+2+2+1+0+0+5-1+1+4-4+0-1+0-4+0+4+3-2+0-3+0+3+4-2-1+1-3-4+0+5-1+1+4-4+0-1+0-4+0+4+3-2-1+1-3-3+1+0+0+5-1+1+4-4+0-1+0-4+0+4+3-2+0-3+0+3+4-2-1+1-3-4+0+5-1+1+4-4+0-1+0-4+0+4+3-2-1+1-3-3+1";"rrrurrurrurrduuudddduddduuuuuuuuudddduuudddduddduuuudrrrrurrurrurrduuudddduddduuuuuuuuudddduuudddduddduuuududuududuududuududuuurddduuudddduddduuuuuuuuudddduuudddduddduuuududuududuududuududuuurddduuudddduddduuuuuuuuudddduuudddduddduuuurruduudrdrdruudrdruudduddruduudrdrdruudduddurruduudrdrdruudrdruudduddruduudrdrdruudduddu"
"kt1_0197";"Fläskin Kallen valssi";"Kansantanssit";"Valsseja 1860-luvulta";"";"Jeremias Scharlin";"1865";"207";"3/4";"C";"Tampere, Tammela, Somero(Tampere)";"";"Pirkanmaa";"Länsi-Suomen lääni";"";"";"";"";"+4-2+2-4+4-2+2-2+3-1+1-3+3-1+1-3-2+4-2+2-4+4-2+2-2+5-2-1-2-2-5+5+4-2+2-4+4-2+2-2+3-1+1-3+3-1+1-3-2+4-2+2-4+4-2+2-2+5-2-1-2-2-5+5+4-2-2+0-1+0-4+4+3+5-1+1-12+4+3-2-1+1-5-3+3+9-2-2+0-1+0-4+4+3+5-1+1-12+4+3-2-5+5+4-2-2+0-1+0-4+4+3+5-1+1-12+4+3-2-1+1-5-3+3+9-2-2+0-1+0-4+4+3+5-1+1-12+4+3-2+7+2-2-1+1+2-2-5+2+3-2-1+1+2-3-4+7+2-2-1+1+2-2-3+3+5-1-2-2+0+2+2-4+5-5+2-2-1+1+2-2-5+2+3-2-1+1+2-3-4+7+2-2-1+1+2-2-3+3+5-1-2-2+0+2+2-4+5";"ududududududududdudududududdddduududududududududdudududududdddduuddrdrduuududuuddudduuddrdrduuududuudduuddrdrduuududuuddudduuddrdrduuududuuduudduudduudduudduudduudduudddruudududduudduudduudduudduudduudddruudu"
"kt1_0198";"Sarkin Joélin valssi";"Kansantanssit";"Valsseja 1860-luvulta";"";"Jeremias Scharlin";"1865";"208";"3/4";"A";"Tampere, Tammela, Somero(Tampere)";"";"Pirkanmaa";"Länsi-Suomen lääni";"";"";"";"";"+5+4+3+5-5-2-1+0-2+0+0+3+4+0-2-3+3+0-2-3-3+1+4-2-2+0-5-3+3+5+4+3+5-5-2-1+0-2+0+0+3+4+0-2-3+3+0-2-3-3+1+4-2-2-5+5+4+3+5-5-2-1+0-2+0+0+3+4+0-2-3+3+0-2-3-3+1+4-2-2+0-5-3+3+5+4+3+5-5-2-1+0-2+0+0+3+4+0-2-3+3+0-2-3-3+1+4-2-2-5+5+4-4+4+3+5-1+1-5-3+3-2-1+1-3-3+3-2-1+1-5-3+3+5+4-4+4+3+5-1+1-5-3+3-2-1+1-3-3+3-2-5+5+4-4+4+3+5-1+1-5-3+3-2-1+1-3-3+3-2-1+1-5-3+3+5+4-4+4+3+5-1+1-5-3+3-2-1+1-3-3+3-2";"uuuudddrdrruurddurddduuddrdduuuuudddrdrruurddurddduuddduuuudddrdrruurddurddduuddrdduuuuudddrdrruurddurddduuddduuduuududduddudduddudduuuduuududdudduddudduuduuududduddudduddudduuuduuududdudduddud"
"kt1_0199";"Pohjanmaan valssi";"Kansantanssit";"Valsseja 1870-luvulta ja myöhemmin";"";"Karl Grönholm/ K. V. Hanel";"1876";"211";"3/4";"G";"Wiitasaari(Viitasaari)";"";"Keski-Suomi";"Länsi-Suomen lääni";"";"";"Menee osittain C-duurissa.";"";"+1+2+5+4-4-5+5+4-4+5-3-3+3+3-3+2-4-1+1+4-4-5+5+4-4-5+5+4-4+5-3-3+3+3-3-2-8+1+2+5+4-4-5+5+4-4+5-3-3+3+3-3+2-4-1+1+4-4-5+5+4-4-5+5+4-4+5-3-3+3+3-3-2-2-1+3+5-5-3+3+5-5-3-4-5+5+4-2+3-3-3+3+3-3+2-4-5+5+4+3+2-2-3+3+2-2-3-4-5+5+4-2+3-3-3+3+3-3-2+4+3+5-5-3+3+5-5-3-4-5+5+4-2+3-3-3+3+3-3+2-4-5+5+4+3+2-2-3+3+2-2-3-4-5+5+4-2+3-3-3+3+3-3-2";"uuuudduududduududduudduudduududduuddduuuudduududduududduudduudduududduudddduudduudddduududduududduuuudduudddduududduudduuudduudddduududduududduuuudduudddduududduudd"
"kt1_0200";"";"Kansantanssit";"Valsseja 1870-luvulta ja myöhemmin";"";"Pekka Kiliander/ K. V. Hanel";"1876";"211";"3/4";"G";"Pielavesi";"";"Pohjois-Savo";"Itä-Suomen lääni";"";"";"";"";"+4+3+5+2+2-4-3-2-2-1-2+5+4+3+2+1-1+0-4+0-12+4+3+5+2+2-4-3-2-2-1-2+5+4+3+2-2-2-5+9-4+0-5+5+2+2-4-3-2-2-1-2+5+4+3+0+2+1-1+0-4-5+5+4-4+0-5+5+2+2-4-3-2-2-1-2+5+4+3+2-2-2-5+9-4+0-5+5+2+2-4-3-2-2-1-2+5+4+3+0+2+1-1+0-4-5+5+4-4+0-5+5+2+2-4-3-2-2-1-2+5+4+3+2-2-2";"uuuuudddddduuuuudrdrduuuuudddddduuuudddudrduuudddddduuuruudrdduudrduuudddddduuuudddudrduuudddddduuuruudrdduudrduuudddddduuuudd"
"kt1_0201";"";"Kansantanssit";"Valsseja 1870-luvulta ja myöhemmin";"";"Pekka Kiliander/ K. V. Hanel";"1876";"212";"3/4";"G";"Pielavesi";"";"Pohjois-Savo";"Itä-Suomen lääni";"";"";"";"";"-3-2-2+4-9+10-1-2+2+1-3-2-1+3-2-1+1+4-2-3+1+4+3-3-2-2+4-9+10-1-2+2+1-3-2-1+3-2-1+1+4-2-3+1+4+3+5+4+0+0+0-2-2-1-2-2-5+5+4+0+3+0+0+0-2+2-2-1-2-2-2+0-1-2-2+4+3+4+3+0-2-1-2-2-2-1+0-2+5+4+1+2+2+1-6+3-2+0+0-5+5+4+0+0+0-2-2-1-2-2-5+5+4+0+3+0+0+0-2+2-2-1-2-2-2+0-1-2-2+4+3+4+3+0-2-1-2-2-2-1+0-2+5+4+1+2+2+1-6+3-2+0+0";"dddududduudddudduudduuudddududduudddudduudduuuuurrrdddddduururrrdudddddrddduuuurddddddrduuuuuududrrduurrrdddddduururrrdudddddrddduuuurddddddrduuuuuududrr"
"kt1_0202";"";"Kansantanssit";"Valsseja 1870-luvulta ja myöhemmin";"";"Pekka Kiliander/ K. V. Hanel";"1876";"213";"3/4";"D";"Pielavesi";"";"Pohjois-Savo";"Itä-Suomen lääni";"";"";"";"";"-3-4+4+3+3-1-4-5+5+4+5-3-4+4+3+3-1-4-5+5+4-9-3-4+4+3+3-1-4-5+5+4+5-3-4+2+2+1+2+2+1+0-1+1-3+3-1-4-5+5+4-2-3-4+4+3+3-1-4-5+5+4+1+0-1+1-3+3-1-4-5+5+4-2-3-4+2+2+1";"dduuuddduuudduuuddduuddduuuddduuudduuuuuurdududdduuddduuuddduuurdududdduuddduuu"
"kt1_0203";"";"Kansantanssit";"Valsseja 1870-luvulta ja myöhemmin";"";"Paavo Kuutti/ K. V. Hanel";"1876";"213";"3/4";"A";"Kerimäki";"";"Etelä-Savo";"Itä-Suomen lääni";"";"";"Menee osittain D-duurissa.";"";"+0+0+0+4+0+0+0+3+0+0+0-8+3+3+0+0+0-3-2+4+0+0+0";"rrrurrrurrrduurrrddurrr"
"kt1_0204";"";"Kansantanssit";"Valsseja 1870-luvulta ja myöhemmin";"";"Paavo Kuutti/ K. V. Hanel";"1876";"214";"3/4";"D";"Kerimäki";"";"Etelä-Savo";"Itä-Suomen lääni";"";"";"Menee G-duurissa.";"";"-1+1-3-4+4+3-2+2-3-4+4+1-1+1-3-3+3+3-1+1-3-3+3+5-1+1-3-4+4+3-2+2-3-4+4+1-1+1-3-3+3+3-1+1-3-3+3-2-1+1-5-3+3+5-1+1-5-3+3+3-1+1-3-3+3+3-1+1-3-3+3+5-1+1-5-3+3+5-1+1-5-3+3+3-1+1-3-3+3-2";"dudduududduududduududduududduududduududduududduddudduududduududduududduududduududduududdud"
"kt1_0205";"";"Kansantanssit";"Valsseja 1870-luvulta ja myöhemmin";"";"Paavo Kuutti/ K. V. Hanel";"1876";"214";"3/4";"D";"Kerimäki";"";"Etelä-Savo";"Itä-Suomen lääni";"";"";"";"";"-2+2+2-2-3-4-5+5+4-2-3-4+4+3+2-4-1+1+4+3-2+2+2-2-3-4-1+1+4-2-3-4+2+2+1+7-2+2+2-2-3-4-5+5+4-2-3-4+4+3+2-4-1+1+4+3-2+2+2-2-3-4-1+1+4-2-3-4+2+2+1+5-3-2+2+3-1-4-1+1+4-2-3-4+2+2+1+4+1-3-2+2+3-1-4-1+1+4-2-3-4+2+2+1";"duudddduuddduuudduuuduudddduuddduuuuduudddduuddduuudduuuduudddduuddduuuudduuddduuddduuuuudduuddduuddduuu"
"kt1_0206";"";"Kansantanssit";"Valsseja 1870-luvulta ja myöhemmin";"";"Heikki Juutti/ K. V. Hanel";"1876";"251";"3/4";"G";"Kerimäki";"";"Etelä-Savo";"Itä-Suomen lääni";"";"";"Alku menne F-duurissa. Etumerkki vaihtuu tai on virhe kesken kappaleen.";"";"-2+0+0-7+0+7-2+0+0-8+0+12-2+0+0-7+0+7-2+0+0-8+0+1-1-2-2+0+4+0+1-1-2-2+4+0+1-1-2-2+0+4+0+1-1-2-2";"drrdrudrrdrudrrdrudrrdrudddrurudddurudddruruddd"
"kt1_0207";"Mamman-piikain valssi";"Kansantanssit";"Valsseja 1870-luvulta ja myöhemmin";"";"Paavo Kuutti/ K. V. Hanel";"1876";"215";"3/4";"G";"Kerimäki";"";"Etelä-Savo";"Itä-Suomen lääni";"";"";"";"";"-3-2+2+3+5-8+0-2+3-3+0-2+4-4+0+7-3-2+2+3+5-8+0-2+3-3+0-2+12-1+0+3+0-2-3-4+0+4-2-3+0+3-2-3+3-3+3-1-4+0+9-4+0+4-2-3+0+3-2-3+0-2";"dduuudrdudrdudrudduuudrdudrdudrurdddruddruddududdrudruddruddrd"
"kt1_0208";"";"Kansantanssit";"Valsseja 1870-luvulta ja myöhemmin";"";"Kaapo Tanninen/ K. V. Hanel";"1876";"216";"3/4";"F";"Rantasalmi";"";"Etelä-Savo";"Itä-Suomen lääni";"";"";"";"";"-2-2-1+0+0+0+0+1+2+0+0+9-5+3-2-3-2-5+0+0+0+0+2+1-1+1+4-2-2-1-4+0+0+9-2-2-1+0+0+0+0+1+2+0+0+9-5+3-2-3-2-5+0+0+0+0+2+1-1+1+4-2-2-1-4+0+0+16+0+0+0-2-2+0-1+3-2-1-2+0-2-3+3-2-3-2+16+0+0+0-2-2+0-1+3-2-1-2+0-2-3+3-2-3-2+7-3+3+2-2+0+4+1-1+1+2+2+1-1-4-1+1+2+2+1+2+0+0-2-3-3+1-5-3+3+2-2+0+4+1-1+1+2+2+1-1-4-1+1+2+2+1+2+0+0-2-3-3+1";"dddrrrruurrududdddrrrruuduuddddrrudddrrrruurrududdddrrrruuduuddddrrurrrddrdudddrddudddurrrddrdudddrdduddduduudruuduuuuddduuuuurrdddudduudruuduuuuddduuuuurrdddu"
"kt1_0209";"";"Kansantanssit";"Valsseja 1870-luvulta ja myöhemmin";"";"Kaapo Tanninen/ K. V. Hanel";"1876";"217";"3/4";"Bb";"Rantasalmi";"";"Etelä-Savo";"Itä-Suomen lääni";"";"";"";"";"+4-5+1+0+4-5+3-2+5-1-2-3+3-2-1-2-2+5+4-5+1+0+4-5+3-2+5-1-2-3+1-7+4-5+3-2+4-5+3-2+5-1-2-3+3-2-1-2-2+5+4-5+3-2+4-5+3-2+5-1-2-3+1";"udurudududddudddduudurudududddududududududddudddduudududududddu"
"kt1_0210";"";"Kansantanssit";"Valsseja 1870-luvulta ja myöhemmin";"";"Kaapo Tanninen/ K. V. Hanel";"1876";"217";"3/4";"Bb";"Rantasalmi";"";"Etelä-Savo";"Itä-Suomen lääni";"";"";"";"";"-2+2+2+2+1-8+1+2-2+2+2-7+2+1-1+1+4-4-3-2+4-4+16+0+0+0-2+0+0+0-2+0+0+0-8+1+2+0+0+0-2+0+4+0+0+0-2+0+9+0+0+0-2+0+0+0-2+0+0+0-8+1+4+0+0+0-2-8+3-2+0+0+0";"duuuuduuduuduuduudddudurrrdrrrdrrrduurrrdrurrrdrurrrdrrrdrrrduurrrddudrrr"
"kt1_0211";"";"Kansantanssit";"Valsseja 1870-luvulta ja myöhemmin";"";"Kaapo Tanninen/ K. V. Hanel";"1876";"218";"3/4";"G";"Rantasalmi";"";"Etelä-Savo";"Itä-Suomen lääni";"";"";"";"";"-2+2+2+2+1-8+1+2-2+2+2-7+2+1-1+1+4-4-3-2+4-4+16+0+0+0-2+0+0+0-2+0+0+0-8+1+2+0+0+0-2+0+4+0+0+0-2+0+9+0+0+0-2+0+0+0-2+0+0+0-8+1+4+0+0+0-2-8+3-2+0+0+0";"duuuuduuduuduuduudddudurrrdrrrdrrrduurrrdrurrrdrurrrdrrrdrrrduurrrddudrrr"
"kt1_0212";"";"Kansantanssit";"Valsseja 1870-luvulta ja myöhemmin";"";"Kust. Krautlein/ K. V. Hanel";"1876";"219";"3/4";"C";"Lohtaja";"";"Keski-Pohjanmaa";"Länsi-Suomen lääni";"";"";"";"";"+2+2+1-1-2-2-3-9+5+4+3-2-3-3+3+3+0-1-4-5+5+4+3+2+2+1-1-2-2-3-9+5+4+3-2+0-3-3+3-2+7+2+2+1-1-2-2-3-9+5+4+3-2-3-3+3+3+0-1-4-5+5+4+3+2+2+1-1-2-2-3-9+5+4+3-2+0-3-3+3-2+7-2-3-3+3+3+0-1-4-5+5+4+0-2-3-4+4+3-2+4+3+2-2+0-2-3-3+3+3+0-1-4-5+5+4+0-2-3-4+4+3-2+7-2-3-3+3+3+0-1-4-5+5+4+0-2-3-4+4+3-2+4+3+2-2+0-2-3-3+3+3+0-1-4-5+5+4+0-2-3-4+4+3-2";"uuuddddduuuddduurddduuuuuuddddduuudrdduduuuuddddduuuddduurddduuuuuuddddduuudrddududdduurddduurddduuduuudrddduurddduurddduududdduurddduurddduuduuudrddduurddduurddduud"
"kt1_0213";"";"Kansantanssit";"Valsseja 1870-luvulta ja myöhemmin";"";"Kust. Krautlein/ K. V. Hanel";"1876";"219";"3/4";"Bb";"Lohtaja";"";"Keski-Pohjanmaa";"Länsi-Suomen lääni";"";"";"";"";"+5+0+0+0+0+0-5-2-1+3-7+4-4-5+12-2-1+1+4-4-3+3-3-3+3-3+1+4+3+5-1-2+0+0-2-2+0-1+0-2+0+3+4-2-7-5+12+5+0+0+0+0+0-5-2-1+3-7+4-4-5+12-2-1+1+4-4-3+3-3-3+3-3+1+4+3+5-1-2+0+0-2-2+0-1+0-2+0+3+4-2-7+0+4-9+5+0+4+0+3+2-2-2-1-2+3-10+4+3-3+1+4+5-2-2-1-2+3-10+4+1+4+0+3+2-2-2-1-2+2+1+2+2+2+1-12+4-9+5+0+4+0+3+2-2-2-1-2+3-10+4+3-3+1+4+5-2-2-1-2+3-10+4+1+4+0+3+2-2-2-1-2+2+1+2+2+2+1";"urrrrrdddududdudduuddudduduuuuddrrddrdrdruuddduurrrrrdddududdudduuddudduduuuuddrrddrdrdruuddrudururuudddduduuduuudddduduuuruudddduuuuuududururuudddduduuduuudddduduuuruudddduuuuuu"
"kt1_0214";"";"Kansantanssit";"Valsseja 1870-luvulta ja myöhemmin";"";"Kust. Krautlein/ K. V. Hanel";"1876";"220";"3/4";"Bb";"Lohtaja";"";"Keski-Pohjanmaa";"Länsi-Suomen lääni";"";"";"";"";"-8+8+0-1-2+0-2+0-7+2+3+0-1+0-9+5+4+8-8+8+0-1-2-2-2-1-2-2+0-5+5+4+1-1+0-9+5+4+3-2+4-2+0-2+0-1-2-7+4+3+0+3+0-1+0-9+4+3-2+4+3+2-2-2-3-2";"durddrdrduurdrduuudurdddddddrduuudrduuududrdrddduururdrduuduuudddd"
"kt1_0215";"";"Kansantanssit";"Valsseja 1870-luvulta ja myöhemmin";"";"Pekka Kiliander/ K. V. Hanel";"1876";"221";"3/4";"G";"Pielavesi";"";"Pohjois-Savo";"Itä-Suomen lääni";"";"";"";"";"-2-1+3+5+2+2+1-5-1+3-2-1+3-2-1+1-5-2-1+3+5+2+2+1-5-1+3-2-5-2-1+3+5+2+2+1-5-1+3-2-1+3-2-1+1-5-2-1+3+5+2+2+1-5-1+3-2-5+9-4-1+1-3-2-3-4+4+3+2-4-3-3-4+5+4+3+9-4-1+1-3-2-3-4+4+3+2-4-3-3-4+5+7+9-4-1+1-3-2-3-4+4+3+2-4-3-3-4+5+4+3+9-4-1+1-3-2-3-4+4+3+2-4-3-3-4+5";"dduuuuudduddudduddduuuuuddudddduuuuudduddudduddduuuuuddudduddudddduuudddduuuuddudddduuudddduuuddudddduuudddduuuuddudddduuuddddu"
"kt1_0216";"";"Kansantanssit";"Valsseja 1870-luvulta ja myöhemmin";"";"K. V. Hanel";"1876";"221";"3/4";"D";"-()";"";"";"";"";"";"";"";"-5+5+4+3+12-2+4-4+2-5+3-1-4-5-7-5+5+4+3+12-2+4-4+2-5+3-1-4-12-5+5+4+3+12-2+4-4+2-5+3-1-4-5-7-5+5+4+3+12-2+4-4+2-5+3-1-4+0+5+4-2-2-1-4+5-1-2-2-1+1+0+5+4-2-2-1-4+5-1-2-2-1+1+0+5+4-2-2-1-4+5-1-2-2-1+1+0+5+4-2-2-1-4+5-1-2-2-1+1";"duuuududududdddduuuududududddduuuududududdddduuuududududdruuddddudddduruuddddudddduruuddddudddduruudddduddddu"
"kt1_0217";"Piikoppelo";"Kansantanssit";"Valsseja 1870-luvulta ja myöhemmin";"";"K. V. Hanel";"1876";"222";"3/4";"G";"Wiitasaari(Viitasaari)";"";"Keski-Suomi";"Länsi-Suomen lääni";"";"";"";"";"-2-10+8+4-2-10+8+2-3-9+9+3-3-9+9+5-4-8+8+4-4-5+4+3-3-4+2+2+1+4-2-10+8+4-2-10+8+2-3-9+9+3-3-9+9+5-4-8+8+4-4-5+4+3-3-4+2+2+1+0-1-2-2-3+1+4-2-2-1+1-1-2+5+4+3-3-4+2+2+1+0-1-2-2-3+1+4-2-2-1+1-1-2+5+4+3-3-4+2+2+1";"dduudduudduudduudduudduudduuuudduudduudduudduudduudduudduuurdddduudddudduuudduuurdddduudddudduuudduuu"
"kt1_0218";"";"Kansantanssit";"Valsseja 1870-luvulta ja myöhemmin";"";"Kust. Lemberg/ K. V. Hanel";"1876";"222";"3/4";"F";"Lempäälä";"";"Pirkanmaa";"Länsi-Suomen lääni";"";"Soitetaan klarinetilla.";"";"";"+5+4-9+5+4-9+7+3-10+7+3-10+5+4-9+5+4-9+4+3+3-3-2+0+4+3+5-1+0-2-2+2-2-2+4-2-2-1-2+0+0+7-2-2-1-2-3+1";"uuduuduuduuduuduuduuuddruuudrddudduddddrrudddddu"
"kt1_0219";"Hyvin vanha valssi";"Kansantanssit";"Valsseja 1870-luvulta ja myöhemmin";"";"I. J. Inberg";"1857";"223";"3/8";"d";"Tampere";"";"Pirkanmaa";"Länsi-Suomen lääni";"";"Alkuperäinen vihko katosi lainassa ja Inberg kirjoitti sävelmiä muistista uudelleen 1870-luvulla.";"";"";"+2+2+0+0+0+8-1-2+0-1-4+4+3-3+1+3+4-12+0+0+0+8-1-2+0-1-4+4+3-3+1-9+2+2+0+0+0+8-1-2+0-1-4+4+3-3+1+3+4-12+0+0+0+8-1-2+0-1-4+4+3-3+1+5-2-1+1+2+2-2-2-1-4+4+3-2-1-2+0-1+1+2+1-1-2+0-1-4+4+3-3+1+5-2-1+1+2+2-2-2-1-4+4+3-2-1-2+0-1+1+2+1-1-2+0-1-4+4+3-3+1";"uurrruddrdduuduuudrrruddrdduududuurrruddrdduuduuudrrruddrdduuduudduuudddduudddrduuuddrdduuduudduuudddduudddrduuuddrdduudu"
"kt1_0220";"Varpusta";"Kansantanssit";"Valsseja 1870-luvulta ja myöhemmin";"";"I. J. Inberg";"1857";"223";"3/4";"D ja d";"Akaa";"";"Pirkanmaa";"Länsi-Suomen lääni";"";"Alkuperäinen vihko katosi lainassa ja Inberg kirjoitti sävelmiä muistista uudelleen 1870-luvulla.";"Etumerkki vaihtuu tai on virhe kesken kappaleen.";"";"+4-4+2-3-4+5+4-4+2-3-4+5+2+2-2+2+1+2+0-2+4-2-2-1-2-3+1";"ududduududduuuduuurdudddddu"
"kt1_0221";"Juelan valssi";"Kansantanssit";"Valsseja 1870-luvulta ja myöhemmin";"";"K. Näppinen";"1887";"224";"3/4";"Bb";"Urjala";"";"Pirkanmaa";"Länsi-Suomen lääni";"";"Juela on talo Urjalassa.";"";"";"-2-3+3+5+0-1-2+0-4+0+0+4-2-2-3+0+0+5+0-3+0+1-6+3-2+9-2-3+3+5+0-1-2+0-4+0+0+4-2-2-3+0+0+5+0-3+0+1-6+3-2-5+0+5+0+4+0-4-5+5+0+4+0-4-8+3+0+10+0-3-10+3+0+10+0-3-7+5+0+4+0-4-5+5+0+4+0-4-1+1+2+2+1-3-2-5+0+5+0+4+0-4-5+5+0+4+0-4-8+3+0+10+0-3-10+3+0+10+0-3-7+5+0+4+0-4-5+5+0+4+0-4-1+1+2+2+1-3-2";"dduurddrdrrudddrrurdrudududduurddrdrrudddrrurdrududdrururddururddururddururddururddururdduuuudddrururddururddururddururddururddururdduuuudd"
"kt1_0222";"Alvarssin valssi";"Kansantanssit";"Valsseja 1870-luvulta ja myöhemmin";"";"K. Näppinen";"1887";"224";"3/4";"C";"Tyrvää(Tyrvään";"";"Pirkanmaa";"Länsi-Suomen lääni";"";"";"";"";"+5+4+3-2-1+1-3-3-4+5+4+3+5-1-2-9+4+3-2-1-2-3+0-4+4+3-2-5+5+4+3-2-1+1-3-3-4+5+4+3+5-1-2-9+4+3-2-1-2-3+0-4+4+3-2+4+1-3-3-4+4+3+3-3-3-4+4+3-2-1+1-5-3-4+0+4+3+5+4+3-2-3-3-4+4+3+3-3-3-4+4+3-2-1-2-2+2+2+1+4+1-3-3-4+4+3+3-3-3-4+4+3-2-1+1-5-3-4+0+4+3+5+4+3-2-3-3-4+4+3+3-3-3-4+4+3-2-1-2-2+2+2+1";"uuudduddduuuuddduuddddrduudduuudduddduuuuddduuddddrduuduuddduuuddduuddudddruuuuudddduuuddduudddduuuuuddduuuddduuddudddruuuuudddduuuddduudddduuu"
"kt1_0223";"";"Kansantanssit";"Valsseja 1870-luvulta ja myöhemmin";"";"K. Näppinen";"1887";"225";"3/4";"C";"Urjala";"";"Pirkanmaa";"Länsi-Suomen lääni";"";"";"";"";"+4+3-7+4+3-8+3+3+0-1+3-2-1-2-2+4+3-7+4+3-8+3+0-2+0+5+4+0+0-2+0-8+3+3+0-1+0-4+9+0+0-2+0+0+2+2+1-12+5+4+0+0-2+0-8+3+3+0-1+0-4+9+0+0-2+0+0+2+2+1";"uuduuduurdudddduuduudurdruurrdrduurdrdurrdrruuuduurrdrduurdrdurrdrruuu"
"kt1_0224";"";"Kansantanssit";"Valsseja 1870-luvulta ja myöhemmin";"";"P. Salonius";"1870";"225";"3/8";"C";"Multia";"";"Keski-Suomi";"Länsi-Suomen lääni";"";"";"";"";"-2-1+1+5-5-3-4-1+1+4+3+0-2-3+3+4-4-1-4-1+1+4+3+2-2-1+1+5-5-3-4-1+1+4+3+0-2-3+3+4-5-4+9-2-1+1+5-5-3-4-1+1+4+3+0-2-3+3+4-4-1-4-1+1+4+3+2-2-1+1+5-5-3-4-1+1+4+3+0-2-3+3+4-5-4+9-2-2+0+2-2-1+0-4-1+1+4-4+0-1+0-4+4+3-2-1+1+2+2+3+2-2-2+0+2-2-1+0-4-1+1+4-4+0-1-4+4+3-3+1+9-2-2+0+2-2-1+0-4-1+1+4-4+0-1+0-4+4+3-2-1+1+2+2+3+2-2-2+0+2-2-1+0-4-1+1+4-4+0-1-4+4+3-3+1";"dduudddduuurdduudddduuuudduudddduuurdduuddudduudddduuurdduudddduuuudduudddduuurdduudduddruddrdduudrdrduudduuuuuddruddrdduudrdduuduuddruddrdduudrdrduudduuuuuddruddrdduudrdduudu"
"kt1_0225";"";"Kansantanssit";"Valsseja 1870-luvulta ja myöhemmin";"";"P. Salonius";"1870";"226";"3/8";"Bb";"Pohjanmaa";"";"Pohjanmaa";"Länsi-Suomen lääni";"";"";"";"";"+4+0-9+5+4+3+5+0-8+3-2+0+0-10+4+3-2+4+0-9+5+4+0-9+5+4+3+5+0-8+3-2+0+0-10+4+3-2+0+4+0-9+5+4+3+5+0-8+3-2+0+0-10+4+3-2+4+0-9+5+4+0-9+5+4+3+5+0-8+3-2+0+0-10+4+3-2+9-4-1+1+4+0-2-3-9+5+4+3-2+0-10+4+3-2+4+3+2-4-1+1+4+0-2-3-9+5+4+3-2+0-10+4+3-2+9-4-1+1+4+0-2-3-9+5+4+3-2+0-10+4+3-2+4+3+2-4-1+1+4+0-2-3-9+5+4+3-2+0-10+4+3-2";"urduuuurdudrrduudurduurduuuurdudrrduudrurduuuurdudrrduudurduurduuuurdudrrduududduurddduuudrduuduuudduurddduuudrduududduurddduuudrduuduuudduurddduuudrduud"
"kt1_0226";"Kalamiehen valssi";"Kansantanssit";"Valsseja 1870-luvulta ja myöhemmin";"";"P. Salonius";"1870";"227";"3/8";"C";"Keuruu";"";"Keski-Suomi";"Länsi-Suomen lääni";"";"";"";"";"+4+3+5+7-2-1+1+4-2-3-4+0-1-4+4+3+0-3+1-5-3-4+0+4+3+5+7-2-1+1+4-2-3-4+0-1-4+4+3+5-2-1+1+4+0-2-3-4-1+1+4-4+0-1+0-4+4+3-2+4+3+0+5-5-2-1+1+4+0-2-3-4-1+1+4-4+0-1+0-4+4+3";"uuuudduudddrdduurdudddruuuudduudddrdduuudduurdddduudrdrduuduuruddduurdddduudrdrduu"
"kt1_0227";"";"Kansantanssit";"Valsseja 1870-luvulta ja myöhemmin";"";"P. Salonius";"1870";"227";"3/8";"Bb";"Keuruu";"";"Keski-Suomi";"Länsi-Suomen lääni";"";"";"";"";"-2-2-1-2-2+4+0-9+5+4-2+3+0-10+4+3-2+4+0-9+5+4+7-2-2-2-3-2+4+0-9+5+4-2+3+0-10+4+3-2+9-2-2-1-2-2+4+0-9+5+4-2+3+0-10+4+3-2+4+0-9+5+4+7-2-2-2-3-2+4+0-9+5+4-2+3+0-10+4+3-2+0+4+0-9+5+4-4+4+0-9+5+4-2+3+0-10+4+3-2+4+3-2-1-2-2+4+0-9+5+4-4+4+0-9+5+4-2+3+0-10+4+3-2+0+4+0-9+5+4-4+4+0-9+5+4-2+3+0-10+4+3-2+4+3-2-1-2-2+4+0-9+5+4-4+4+0-9+5+4-2+3+0-10+4+3-2+7-7+2-2-1+3+3+4-10+0+1+4+8-12+2-2-1+3+7-2-2-1-2-2+7-7+2-2-1+3+3+4-10+0+1+4+8-12+2-2-1+3+7-2-2-1-2-2";"dddddurduudurduudurduuudddddurduudurduududddddurduudurduudurduuudddddurduudurduudrurduudurduudurduuduuddddurduudurduudurduudrurduudurduudurduuduuddddurduudurduudurduudududduuudruuududduudddddududduuudruuududduuddddd"
"kt1_0228";"Lapin akan valssi";"Kansantanssit";"Valsseja 1870-luvulta ja myöhemmin";"";"P. Salonius";"1870";"228";"3/8";"D";"-()";"";"";"";"";"";"";"";"+2-2-2-1+1+2+5+0+2+2+1-3+2-4+0-5+2-2-2-1+1+2+5+0+2+2+1-3-2-5+2-2-2-1+1+2+5+0+2+2+1-3+2-4+0-5+2-2-2-1+1+2+5+0+2+2+1-3-2+2+2+1+2-2-1+1-1+1-1-2+2-2+2+1-3+2-4+0+5+2-2-1+1-1+1-1-2+2-2+2+1-3-2+2+2+1+2-2-1+1-1+1-1-2+2-2+2+1-3+2-4+0+5+2-2-1+1-1+1-1-2+2-2+2+1-3-2";"uddduuuruuududrduddduuuruuuddduddduuuruuududrduddduuuruuudduuuuddududduduududruuddududduduudduuuuddududduduududruuddududduduudd"
"kt1_0229";"";"Kansantanssit";"Valsseja 1870-luvulta ja myöhemmin";"";"P. Salonius";"1870";"229";"3/4";"D";"-()";"";"";"";"";"";"";"";"-3+3+5-5-3+3+5-3-4+0+0-1+0+3-3+3+5-5-3+3+5-3-4+0+2+0-3+3+5-5-3+3+5-3-4+0+0-1+0+3-3+3+5-5-3+3+5-3-4+0+2+2+1+2+0+0-2-1+0+1-1-2-3+1+2+2-5+3-2-3+2-2-2+9+1+2+0+0-2-1+0+1-1-2-3+1+2+2-5+3-2-3+2-2-2";"duudduuddrrdruduudduuddrurduudduuddrrdruduudduuddruuuurrddruddduuududdudduuurrddruddduuududdudd"
"kt1_0230";"";"Kansantanssit";"Valsseja 1870-luvulta ja myöhemmin";"";"P. Salonius";"1870";"229";"3/8";"Bb";"-()";"";"";"";"";"";"";"";"+2+2+1-1-2-2+5-8+0+1-1-2-2+4-4+0+7+2+2+1-1-2-2+5-3+0-4-1-2-3+1+7+2+2+1-1-2-2+5-8+0+1-1-2-2+4-4+0+7+2+2+1-1-2-2+5-3+0-4-1-2-3+1-1+1+4-2-1+1+10-1-2+2+1-1-2-2+4-4+0-3-2-1+1+10-1-2+2+1-1-2-3+1-8+1+4-2-1+1+10-1-2+2+1-1-2-2+4-4+0-3-2-1+1+10-1-2+2+1-1-2-3+1";"uuudddudrudddudruuuudddudrdddduuuuudddudrudddudruuuudddudrdddduduudduudduudddudrddduudduuddduduudduudduudddudrddduudduudddu"
"kt1_0231";"";"Kansantanssit";"Valsseja 1870-luvulta ja myöhemmin";"";"P. Salonius";"1870";"230";"3/8";"D";"-()";"";"";"";"";"";"";"";"-8+3+5-8+3+9-2+2+1+2+2-2-2+2-3+1-3+2+1-1+1+2+2-2";"duuduuduuuuddududuuduuud"
"kt1_0232";"";"Kansantanssit";"Valsseja 1870-luvulta ja myöhemmin";"";"P. Salonius";"1870";"230";"3/4";"G";"-()";"";"";"";"";"";"";"";"+4+3+5-1+1+2-3-4-2-1+0+3-7+4+3+5-1+1+2-3-4+2+2+1-12+4+3+5-1+1+2-3-4-2-1+0+3-7+4+3+5-1+1+2-3-4+2+2+1+2+2+0+0+1-1-2+0+0+2-2-7+2+2+1-1+1+2-3-4+2+2+1+2+2+0+0+1-1-2+0+0+2-2-7+2+2+1-1+1+2-3-4+2+2+1";"uuuduuddddruduuuduudduuuduuuduuddddruduuuduudduuuuurruddrrudduuuduudduuuuurruddrrudduuuduudduuu"
"kt1_0233";"Kolm'askelista";"Kansantanssit";"Valsseja 1870-luvulta ja myöhemmin";"";"Johannes Nurmi/ E. Sivori";"1888";"231";"3/4";"D";"Walkeala(Valkeala)";"";"Kymenlaakso";"Etelä-Suomen lääni";"";"";"";"";"+5+4+0+0+0-4+4+0+0+0+3-8+3-3+3+0+0+0-3+3+0+0+2+1-1+1-3+2-4-5+5+4+0+0+0-4+4+0+0+0+3-8+3-3+3+0+0+0-3+3+0+0+2+1-1+1-3+2-4+4+0+0-2-2-5+0+5+4+3+0+0+2-2-2-10+0+0+0+2+2+1+4+0+0-2-2-5+0+5+4+3+0+0+2-2-2-10+0+0+0+2+2+1";"uurrrdurrrududurrrdurruudududduurrrdurrrududurrrdurruudududurrdddruuurrudddrrruuuurrdddruuurrudddrrruuu"
"kt1_0234";"";"Kansantanssit";"Valsseja 1870-luvulta ja myöhemmin";"";"Kustaa Korpi/ E. Sivori";"1888";"231";"3/4";"A";"Leivonmäki";"";"Keski-Suomi";"Länsi-Suomen lääni";"";"";"";"";"+5+4-2-2-1+3-7+0+4-2+3-10+4+3-2+4+3+0+5-12+5+4-2-2-1+3-7+0+4-2+3-10+4+3-2+0+0+7+5-1+0+3-7+0+9-4+0+4-9+0+10-3+0+3-10+0+12-3+0+3-12";"uudddudrududuuduuruduudddudrududuudrruudrudrudrudrudrudrudrud"
"kt1_0235";"";"Kansantanssit";"Valsseja 1870-luvulta ja myöhemmin";"";"H. Siikanen/ E. Sivori";"1888";"232";"3/4";"D";"Sysmä";"";"Päijät-Häme";"Länsi-Suomen lääni";"";"";"";"";"+4-9+5+4-4-1+3+3-1-2-2-1+3-7+4+3-3+1-5+5+4-9+5+4-4-1+3+3-1-2-2-1+3-7+4+3-3+1+4+3+0-3-4+4+3+0+2-2-2-1+1-3-3+3+3+0+2-2-1-2-2+4-9+5+4-4-1+3+3-1-2-2-1+3-7+4+3-3+1";"uduudduudddduduududuuduudduudddduduuduuurdduurudddudduurudddduduudduudddduduudu"
"kt1_0236";"";"Kansantanssit";"Valsseja 1870-luvulta ja myöhemmin";"";"H. Siikanen/ E. Sivori";"1888";"232";"3/4";"D";"Sysmä";"";"Päijät-Häme";"Länsi-Suomen lääni";"";"";"";"";"+0-2-1+3+9-2-2-1-2-2-2-1+0+3+4+3-2+4+3-12-2-1+1+11-2-2+4-2-5+2+1-5+0-2-1+3+9-2-2-1-2-2-2-1+0+3+4+3-2+4+3-12-2-1+1+11-2-2+4-2-5+2+1-5+0+10-1-2+3-1-2-2+4-2-5+2+1+4+3-2-1-2+3-1-2-2+4-2-5+2+1";"rdduudddddddruuuduuddduuddudduudrdduudddddddruuuduuddduuddudduudruddudddudduuuudddudddudduu"
"kt1_0237";"";"Kansantanssit";"Valsseja 1870-luvulta ja myöhemmin";"";"K. A. Saarinen/ E. Sivori";"1888";"233";"3/4";"A";"Suomenniemi";"";"Etelä-Karjala";"Etelä-Suomen lääni";"";"";"";"";"-1+1+4-9+5+4+0-1+1+3-12+5+4-2-1+1+3-10+2+2+1-1+1+4-9+5+4+0-1+1+3-12+5+4+1-1+1+4-14+4+3+7-2-2-1-2-2+2+2-4+0-1+1+4-9+5+4+0-1+1+3-12+5+4-2-1+1+3-10+2+2+1-1+1+4-9+5+4+0-1+1+3-12+5+4+1-1+1+4-14+4+3+7-2-2-1-2-2+2+2-4+7+0+0+0+0-2-1+3+0+0+0+0-2-1-2+0+0+0+10-1-2-2+2-2-3-4+7+0+0+0+0-2-1+3+0+0+0+0-2-1-2+0+0+0+10-1-2-2+2-2-3-4";"duuduurduuduudduuduuuduuduurduuduuuduuduuuddddduudrduuduurduuduudduuduuuduuduurduuduuuduuduuuddddduudurrrrddurrrrdddrrrudddudddurrrrddurrrrdddrrruddduddd"
"kt1_0238";"";"Kansantanssit";"Valsseja 1870-luvulta ja myöhemmin";"";"Heikki Kuokkanen/ E. Sivori";"1888";"233";"3/4";"F";"Nurmes";"Ylikylä";"Pohjois-Karjala";"Oulun lääni";"";"muistiinpanijan ikä 50";"";"";"+5+4+0-9+5+4+0-2+3+0";"uurduurdur"
"kt1_0239";"Vanhaa valssia";"Kansantanssit";"Valsseja 1870-luvulta ja myöhemmin";"";"Joh. Kiiski/ E. Sivori";"1888";"234";"3/4";"D";"Pielisjärvi";"Kylälahti";"Pohjois-Karjala";"Oulun lääni";"";"muistiinpanijan ikä 67";"";"";"+3-2-3+0+3+0-1-4+0+4+0-2-3+0+3+0+2+3-2-3+0+3+0-1-4+0+4+0-2-3-4+4+1+0-1+1+2+2+1+2+5-1-2-7+2+1+2+2-4+0+4+0-2-7-1+1+2+2+1+2+5-1-2-7+2+1+2+2-4+0+4+0-2";"uddrurddrurddruruuddrurddrurddduurduuuuuuddduuuudrurddduuuuuuddduuuudrurd"
"kt1_0240";"";"Kansantanssit";"Valsseja 1870-luvulta ja myöhemmin";"";"Niilo Suihko/ E. Sivori";"1888";"234";"3/4";"F";"Ilomantsi";"Kuksenvaara";"Pohjois-Karjala";"Oulun lääni";"";"muistiinpanija s.1824";"";"";"+5+4-2+2-9+5+4-2+2-9+4+3-2+2-7+4+3-2+2-7+4+3-2+2+2+1-1-9+5+4-2+2-9+5+4-2+2-9+4+3-2+2-7+4+3-2+2-7+4+3-2+2+2+1-1+12-4-3-4+4+5-3-4-3+3+5-3-4-3+3+4-2-3-4+4+3-2-3-3+3+3-1-4+16-4-3-4+4+5-3-4-3+3+5-3-4-3+3+4-2-3-4+4+3-2-3-3+3+3-1-4";"uududuududuududuududuuduuudduududuududuududuududuuduuududdduuddduuddduuddduuddduudduddduuddduuddduuddduuddduudd"
"kt1_0241";"Lippaa";"Kansantanssit";"Valsseja 1870-luvulta ja myöhemmin";"";"Jaska Ivanoff/ E. Sivori";"1888";"235";"3/4";"F";"Impilahti";"Pitkäranta";"Laatokan Karjala";"Karjalan, Inkerin, ym. alueet";"";"musitiinpanijan ikä 45";"";"";"+0+4-4+4-2-3+0+1-3+3-3+3-1+3+5-7+0+4-4+4-2-3+0+1-1-2+2+1-3-2+0+5+0+4-4+4-2-3+0+1-3+3-3+3-1+3+5-7+0+4-4+4-2-3+0+1-1-2+2+1-3-2+0+0+0+4-4+4-2-3+0+1-1-2+2+1-3+2-7+0+8+0+4-4+4-2-3+0+1-1-2+2+1-3+2+5+0-4+0+4-4+4-2-3+0+1-1-2+2+1-3+2-7+0+8+0+4-4+4-2-3+0+1-1-2+2+1-3+2+5+0";"rududdrudududuudrududdrudduuddrurududdrudududuudrududdrudduuddrrrududdrudduududrurududdrudduuduurdrududdrudduududrurududdrudduuduur"
"kt1_0242";"";"Kansantanssit";"Valsseja 1870-luvulta ja myöhemmin";"";"Mikko Haltunen/ E. Sivori";"1888";"235";"3/4";"d";"Kitee";"Suorlahden kylä";"Pohjois-Karjala";"Oulun lääni";"";"musitiinpanijan ikä 49";"";"";"+0+8-1-2-1+0+0+1+0+0-5+0+8-1-2-1+3+5-7-5+0+8-1-2-1+0+0+1+0+0-5+0+8-1-2-1+3+5-7+3-5+0+10-1-2-3-4+0+4+5-2-2-3-5+0+5+3-1-2-1+3+5-7+3-5+0+10-1-2-3-4+0+4+5-2-2-3-5+0+5+3-1-2-1+3+5-7";"rudddrrurrdruddduuddrudddrrurrdruddduududruddddruuddddruuddduududruddddruuddddruuddduud"
"kt1_0243";"";"Kansantanssit";"Valsseja 1870-luvulta ja myöhemmin";"";"Mikko Haltunen/ E. Sivori";"1888";"236";"3/4";"D";"Kitee";"Suorlahden kylä";"Pohjois-Karjala";"Oulun lääni";"";"musitiinpanijan ikä 49";"";"";"+0+9-2-2-1-2+2+1+2+2-9+0+9-2-2-1-2+2+1-5+0+9-2-2-1-2+2+1+2+2-9+0+9-2-2-1-2+2+1+7-3+1-3-2+4+0-2-3-4+4+3-3+1+2+2+3-3+1-3-2+4+0-2-3-4+4+3+2-4+7-3+1-3-2+4+0-2-3-4+4+3-3+1+2+2+3-3+1-3-2+4+0-2-3-4+4+3+2-4";"rudddduuuudrudddduudrudddduuuudrudddduuududdurddduuduuuududdurddduuudududdurddduuduuuududdurddduuud"
"kt1_0244";"Ruotsin katrilli ""Prins Oskar""";"Kansantanssit";"Vanhoja katrilleja";"";"Robert Lehrbäck, lukkari Kuopiosta";"24";"239";"2/4";"D";"-()";"";"";"";"";"Noin 40 vuotta päiväystä aiemmin kuultuja.";"";"";"+4+3+0+0-3-4+0+0+12-1+1-1-2+2-4+2+2+1+2+2-4-5-7+4+3+0+0+5+4-4-5+0+0+5+4+0-2+3-3-3-4+4+3-2+0+0-12+4+3+0+0-3-4+0+0+12-1+1-1-2+2-4+2+2+1+2+2-4-5-7+4+3+0+0+5+4-4-5+0+0+5+4+0-2+3-3-3-4+4+3-2+0+0-1+1+2+0+0+2-2-3+3+0-2+0-3-3-4+5-1+1+2+2-2+2+1+2-3+3-3+3-2+4-4+2+0+0+2+2+1+0-3+0-4-3-3+1+4+1+2+0+0+2-2-3+3+0-2+0-3-3-4+5-1+1+2+2-2+2+1+2-3+3-3+3-2+4-4+2+0+0+2+2+1+0-3+0-4-3-3+1-7+4+3+0-2-1+3+5-1-2-2-2-1+1-3+2+1+0-1-2+12-2-1-2-2-2-1-4+4+3+0-2-1+8-1-2+8-1-2+0-2+0-1-2-2-1+1+2+2+1+4-4-12+4+3+0-2-1+3+5-1-2-2-2-1+1-3+2+1+0-1-2+12-2-1-2-2-2-1-4+4+3+0-2-1+8-1-2+8-1-2+0-2+0-1-2-2-1+1+2+2+1+4-4";"uurrddrrududduduuuuuddduurruuddrruurduddduudrrduurrddrrududduduuuuuddduurruuddrruurduddduudrrduurruddurdrddduduuuduuududududurruuurdrddduuuurruddurdrddduduuuduuududududurruuurdrddduduurdduuddddduduurdduddddddduurddudduddrdrdddduuuuudduurdduuddddduduurdduddddddduurddudduddrdrdddduuuuud"
"kt1_0245";"Ruotsin katrilli ""Emeli""";"Kansantanssit";"Vanhoja katrilleja";"";"Robert Lehrbäck, lukkari Kuopiosta";"24";"240";"2/4";"F";"-()";"";"";"";"";"Noin 40 vuotta päiväystä aiemmin kuultuja.";"";"";"+4+3+0-3+8+0-5+9+0-4+7+0-3-3+1-1+1-2-1-2+2+1+2+2-4-5-7+4+3+0-3+8+0-5+9+0-4+7+0-3-3+1-1+1-3-4+2+2+1+4-4-12+4+3+0-3+8+0-5+9+0-4+7+0-3-3+1-1+1-2-1-2+2+1+2+2-4-5-7+4+3+0-3+8+0-5+9+0-4+7+0-3-3+1-1+1-3-4+2+2+1+4-4-8+5+0-1+1+3-1-2+7-1+1-5+3-2+0-1+1-1+1-3-1+1+2-3-4+0+5+0-1+1+3-1-2+7-1+1-5+3-2+0+2-2-1-2-1+1+0+0-5+5+0-1+1+3-1-2+7-1+1-5+3-2+0-1+1-1+1-3-1+1+2-3-4+0+5+0-1+1+3-1-2+7-1+1-5+3-2+0+2-2-1-2-1+1+0+0-9+4+3+0-3+8+0-5+9+0-4+7+0-3-3+1-1+1-2-1-2+2+1+2+2-4-5-7+4+3+0-3+8+0-5+9+0-4+7+0-3-3+1-1+1-3-4+2+2+1+4-4-12+4+3+0-3+8+0-5+9+0-4+7+0-3-3+1-1+1-2-1-2+2+1+2+2-4-5-7+4+3+0-3+8+0-5+9+0-4+7+0-3-3+1-1+1-3-4+2+2+1+4-4-5+9-2+2-4+0+4-9+0+5-3+8-1-2-2-1+1+2-1+1+2-2-3+5-2+2-4+0+4-9+0+5-3+8-1-2-2-1+1+2-2-5+7+2-2-2-1-2-2-1+1+2+2+1-1-2-1+1+5+3-3-2-1-4+9-2+2-4+0+4-9+0+5-3+8-1-2-2+0-1+3-2-5+9-2+2-4+0+4-9+0+5-3+8-1-2-2-1+1+2-1+1+2-2-3+5-2+2-4+0+4-9+0+5-3+8-1-2-2-1+1+2-2-5+7+2-2-2-1-2-2-1+1+2+2+1-1-2-1+1+5+3-3-2-1-4+9-2+2-4+0+4-9+0+5-3+8-1-2-2+0-1+3-2";"uurdurdurdurddududdduuuuddduurdurdurdurddududduuuudduurdurdurdurddududdduuuuddduurdurdurdurddududduuuuddurduuddudududrdududduuddrurduuddudududruddddurrdurduuddudududrdududduuddrurduuddudududruddddurrduurdurdurdurddududdduuuuddduurdurdurdurddududduuuudduurdurdurdurddududdduuuuddduurdurdurdurddududduuuuddududrudrududddduuduuddududrudrududddduudduudddddduuuuddduuuddddududrudrududddrduddududrudrududddduuduuddududrudrududddduudduudddddduuuuddduuuddddududrudrududddrdud"
"kt1_0246";"Ruotsin katrilli";"Kansantanssit";"Vanhoja katrilleja";"";"Robert Lehrbäck, lukkari Kuopiosta";"24";"241";"2/4";"C";"-()";"";"";"";"";"Noin 40 vuotta päiväystä aiemmin kuultuja.";"";"";"-1+1+2-2-3-4+2-2-1+1+2-7-1+1+2+2+1+2-2-1+1+2+2+1+2-1+1+2-2-3-4+2-2-1+1+2-7-1+1+2+2+1+2-2+7-1+1+2-2-3-4+2-2-1+1+2-7-1+1+2+2+1+2-2-1+1+2+2+1+2-1+1+2-2-3-4+2-2-1+1+2-7-1+1+2+2+1+2-2+2+0+2-2+5+4-4+4-4+4-2-1+1-3+1+2-2-1+1-1-2-2+0+2-2+5+4-4+4-4-1+3+5-8+1-5+0+2-2+5+4-4+4-4+4-2-1+1-3+1+2-2-1+1-1-2-2+0+2-2+5+4-4+4-4-1+3+5-8+1-3+1-1-1+1-4+2-2-1+1+2-2-1-2-2+14-2-2-1+1-1-1+1+3-2+0-1+0-2+0+0-1+1+2-4+4-4+4+1-1-1+1-4+2-2-1+1+2-2-1-2-2+14-2-2-1+1-1-1+1+3-2+0-1+0-2+0+0-1+1+2-4+4-4+4+0+1-1+4+1+2+1-3+2+0-2-1+1+2-3+1-2+0-2+0-1+0-2+0-2-1+1+2+2+3-2-3-3+1+4-4+4+0+1-1+4+1+2+1-3+2+0-2-1+1+2-3+1-2+0-2+0-1+0-2+0-2-1+1+2+2+3-2-3-3+1+4-4";"duudddudduudduuuuudduuuuuduudddudduudduuuuududuudddudduudduuuuudduuuuuduudddudduudduuuuuduruduudududduduuddudddruduududduududruduudududduduuddudddruduududduudududdududduuddddudddudduudrdrdrrduududuuddududduuddddudddudduudrdrdrrduududuruduuuudurdduududrdrdrdrdduuuuddduuduruduuuudurdduududrdrdrdrdduuuuddduud"
"kt1_0247";"Ruotsin katrilli";"Kansantanssit";"Vanhoja katrilleja";"";"Robert Lehrbäck, lukkari Kuopiosta";"24";"242";"2/4";"F";"-()";"";"";"";"";"Noin 40 vuotta päiväystä aiemmin kuultuja.";"";"";"+1+2-2-1-2-2+4-9+0-2-1+3+5-8+3+5+2-1+1+2-2+2+1-1-2-2-1+3-9+0-1-2+5+4-9+5+4+1+4-4+4+1+2-2-1-2-2+4-9+0-2-1+3+5-8+3+5+2-1+1+2-2+2+1-1-2-2-1+3-9+0-1-2+5+4-9+5+4+1+4-4-5+4+3+0+0+0-1+1+2-4-8+3+5-8+3+10+0+0+0-1+1+2-3-9+5+4-9+5+4-2+0+0+0-1+1+2-4-8+3+5-8+3+2-4+4+3-1-4+4+3-2-5+5+4-4-5+4+3+0+0+0-1+1+2-4-8+3+5-8+3+10+0+0+0-1+1+2-3-9+5+4-9+5+4-2+0+0+0-1+1+2-4-8+3+5-8+3+2-4+4+3-1-4+4+3-2-5+5+4-4-5-2-1+3+0+0+0+5+0+0-3-4+0+0+0-1-2+5+4-9+5+4+1-1+1+2-2-5-2-1+3+0+0+0+5+0+0-3-4+0+0+0-1-2+5+4-9+5+4+1+4-4-5-2-1+3+0+0+0+5+0+0-3-4+0+0+0-1-2+5+4-9+5+4+1-1+1+2-2-5-2-1+3+0+0+0+5+0+0-3-4+0+0+0-1-2+5+4-9+5+4+1+4-4-1+1+2-9-1+1-3+3-1+1-1+3-1+1-3+3+5+4-2-9-1+1-3+3-1+1-1-4+4+3+5-5-2-1+3+0+0+0+5+0+0-3-4+0+0+0-1-2+5+4-9+5+4+1-5+5+4-4-1+1+2-9-1+1-3+3-1+1-1+3-1+1-3+3+5+4-2-9-1+1-3+3-1+1-1-4+4+3+5-5-2-1+3+0+0+0+5+0+0-3-4+0+0+0-1-2+5+4-9+5+4+1-5+5+4-4";"uuddddudrdduuduuuduuduuddddudrdduuduuuuduuuddddudrdduuduuuduuduuddddudrdduuduuuudduurrrduudduuduurrrduudduuduudrrrduudduuduuduudduudduudduurrrduudduuduurrrduudduuduudrrrduudduuduuduudduudduuddddurrrurrddrrrdduuduuuduuddddurrrurrddrrrdduuduuuuddddurrrurrddrrrdduuduuuduuddddurrrurrddrrrdduuduuuudduuddudududududuuudddudududduuudddurrrurrddrrrdduuduuuduudduuddudududududuuudddudududduuudddurrrurrddrrrdduuduuuduud"
"kt1_0248";"Ruotsin katrilli";"Kansantanssit";"Vanhoja katrilleja";"";"Robert Lehrbäck, lukkari Kuopiosta";"24";"244";"2/4";"F";"-()";"";"";"";"";"Noin 40 vuotta päiväystä aiemmin kuultuja.";"";"";"+2+2-4-5-3-4+4+3+5+2+2+1-3-3-4-2-3-3-4+21+0+1+0+2+0-2-3-2+0+4-2-1+1-2-1+5-2-2-1-2-2+5+2+2-4-5-3-4+4+3+5+2+2+1-3-3-4-2-3-3-4+21+0+1+0+2+0-2-3-2+0+4-2-1+1-2+4-4-5+10-3-3-4-1+1+4+3+3-3-3-4-3-4+17-3+0+2-4+0+2-1+1+2-2-7+10-3-3-4+2-2-1+1+10-3-3-4-1+1+2+2+1+4-2-1+1+2-4+4-4-5+10-3-3-4-1+1+4+3+3-3-3-4-3-4+17-3+0+2-4+0+2-1+1+2-2-7+10-3-3-4+2-2-1+1+10-3-3-4-1+1+2+2+1+4-2-1+1+2-4+4-4-12+0+4+3-7+0+4+3+0-2-3+3+0-1-4+4+3-1+3+3-1+0-2+0-2-1+1+2-2-2-1-2-2+0+4+3-7+0+4+3+0-2-3+3+0-1-4+4+3-1+3+3-1+0-2+0-2-1+1+2-2+0+7-3+3-7+7-3+3-7+9-4+4-9+9-4+4-9+10-3+3-10+10-3+3-10+9-4+4-9+9-4+4-9+7-3+3-7+7-3+3-7+9-4+4-9+9-4+4-2-1+1+2-2-2-1-2-2-1+1+2-2-2-1-2-2+0+4+3-7+0+4+3+0-2-3+3+0-1-4+4+3-1+3+3-1+0-2+0-2-1+1+2-2+0+7-3+3-7+7-3+3-7+9-4+4-9+9-4+4-9+10-3+3-10+10-3+3-10+9-4+4-9+9-4+4-9+7-3+3-7+7-3+3-7+9-4+4-9+9-4+4-2-1+1+2-2-2-1-2-2-1+1+2-2-2-1-2-2+0+4+3-7+0+4+3+0-2-3+3+0-1-4+4+3-1+3+3-1+0-2+0-2-1+1+2-2";"uudddduuuuuudddddddurururdddruddudduddddduuudddduuuuuudddddddurururdddruddududdudddduuuudddddudrudruduuddudddudduudddduuuuudduududdudddduuuudddddudrudruduuddudddudduudddduuuuudduududdruudruurddurdduuduudrdrdduudddddruudruurddurdduuduudrdrdduudrududududududududududududududududududududududududduudddddduudddddruudruurddurdduuduudrdrdduudrududududududududududududududududududududududududduudddddduudddddruudruurddurdduuduudrdrdduud"
"kt1_0249";"Wenäjän katrilli";"Kansantanssit";"Vanhoja katrilleja";"";"Robert Lehrbäck, lukkari Kuopiosta";"24";"245";"3/8";"C ja F";"-()";"";"";"";"";"Noin 40 vuotta päiväystä aiemmin kuultuja.";"Alkuosa C-duurissa, loppuosa F-duurissa.";"";"+4+3+0+0+5-5-3+3-2-1-2-2-1+1+2-2-1-2-2-2-1+3+5+4+3+5-5-3+3-2-1+1-3-3+3-2+0+4+3+0+0+5-5-3+3-2-1-2-2-1+1+2-2-1-2-2-2-1+3+5+4+3+5-5-3+3-2-1+1-3-3+3-2+7+2-2-1+1-1+1+5-5+0+2-2-1+1-1+1-3-4+0+9-2-1+1-1+1+5-1-2-2-2-1-2+0+0+2-4+7+2-2-1+1-1+1+5-5+0+2-2-1+1-1+1-3-4+0+9-2-1+1-1+1+5-1-2-2-2-1-2+0+0+2-4+0+7+2-5+1+2+2-2+0-2-1+0-2-2-1+8-8+1+0+7+2-5+1+2+2-2+0-2-1+0-2-2-1+8-8+1+2+3+0-1+3+0+3-1+1-3+2+1+2-2-1-2-2-1-2+3-3+3-3+3-1+3-3+3-3+3+3-1+1-3+2+1+2-10+3+0-1+3+0+3-1+1-3+2+1+2-2-1-2-2-1-2+3-3+3-3+3-1+3-3+3-3+3+3-1+1-3+2+1+2-19+4+3-3+3+5-5-3-4+4+3-3-2-3+3+3-3-2-1+1+2+2+1+2-3+3+5-5-3-4+4+3-3-2-3+3+3-3-2+0+4+3-3+3+5-5-3-4+4+3-3-2-3+3+3-3-2-1+1+2+2+1+2-3+3+5-5-3-4+4+3-3-2-3+3+3-3-2+0+5+4+0+2+1-3+0-2+0-2+0-1+1-3-2-1+1+2+2+1+4+0+2+1-3+0-2+0-2+0-1+1-3-2+0+5+4+0+2+1-3+0-2+0-2+0-1+1-3-2-1+1+2+2+1+4+0+2+1-3+0-2+0-2+0-1+1-3-2";"uurrudduddddduudddddduuuuuddudduddudruurrudduddddduudddddduuuuudduddudduduudduduudruddududdrudduduuddddddrruduudduduudruddududdrudduduuddddddrrudruuduuudrddrddduduruuduuudrddrddduduuurdurududuuuddddddudududududuududuuudurdurududuuuddddddudududududuududuuuduuduuddduuddduuddduuuuuduuddduuddduuddruuduuddduuddduuddduuuuuduuddduuddduuddruuruudrdrdrduddduuuuuruudrdrdrduddruuruudrdrdrduddduuuuuruudrdrdrdudd"
"kt1_0250";"Franska katrilli";"Kansantanssit";"Vanhoja katrilleja";"";"Robert Lehrbäck, lukkari Kuopiosta";"24";"247";"2/4";"C";"-()";"";"";"";"";"Noin 40 vuotta päiväystä aiemmin kuultuja.";"";"";"+5+0+4+0+3-2-1-2+2-4+0+4+0-2-3-2-2+2+2+1+0+4+0+3-2-1-2+2-4+0+4-2-1+1+2-4+4-4-5+5+0+4+0+3-2-1-2+2-4+0+4+0-2-3-2-2+2+2+1+0+4+0+3-2-1-2+2-4+0+4-2-1+1+2-4+4-4+7+5+0+0-8+3-2-1-2+2-4+0+4+0-2-3-2-2+12+5+0+0-8+3-2-1-2+3-1+3-1+3-2-1-1-3";"ururudddudrurdddduuururudddudrudduududdururudddudrurdddduuururudddudrudduududuurrdudddudrurdddduurrdudddudududddd"
"kt1_0251";"";"Kansantanssit";"Uudempia katrilleja";"";"Jehki Mujunen/ E. Sivori";"1888";"251";"2/4";"F";"Suistamo(Läskelä)";"Läskelä";"Laatokan Karjala";"Karjalan, Inkerin, ym. alueet";"";"muistiinpanijan ikä 40";"";"";"+1+2-3+1+2-2-1-2-2-1-2-2+2+2+1+0+0+4+1+2-3+1+2-2-1-2-2-1-2-2+2+2+1+0+0+2+2+1-1+1+2-5+2+1-1+1+2-5+2+1-1-2-2+0+2+2+1-1+1+2-5+2+1-1+1+2-5+2+1-1-2-2+0";"uuduuddddddduuurruuuduuddddddduuurruuuduuduuduuduudddruuuduuduuduuduudddr"
"kt1_0252";"Karjalan yleis-katrilli";"Kansantanssit";"Uudempia katrilleja";"";"Gregor Vasil Pantschu/ E. Sivori";"1888";"251";"2/4";"a";"Impilahti";"Kirkonkylä";"Laatokan Karjala";"Karjalan, Inkerin, ym. alueet";"";"muistiinpanijan ikä 25";"";"";"+5+3+4-5+3-2-3-5+5+3+4-2-3+3-2-8+5+3+4-5+3-2-3-5+5+3+4-2-3+3-2+2+3-5+4-2-2-1-3+1+3+2+3-5+4-2-2-1-3+1+5+3-5+4-2-2-1-3+1+3+2+3-5+4-2-2-1-3+1+5-1-2-7+2+2+3-2+4+1-1-2-7+2+2+3-2+5-1-2-7+2+2+3-2+4+1-1-2-7+2+2+3-2+3+0-1+0-7+2+0+2+1+2-3+1+2+1-3+3-1-7+2+2+1+2+1+2+2+0-5+5-4-3+2+1+2+2+0-5+5-4-3+3-1-7+2+1+4-2+2+1-1-7+2+1+4-5+6-1-7+2+1+4-2+2+1-1-7+2+1+4-5+5+1+2+2+0-7+3-1-4+4+1+2+2+0-7+3-1-4+2+3-1-2-2+2-3+1-3+5+3-1-2-2+2-3+1-5+2+2+1+2-2-1+1+2-3-4+2+2+1+2-2-1+1+2-7+2+2+1+2-2-1+1+2-3-4+2+2+1+2-2-1+1+2-2+0+2+2+0-5+0+1+2+0-5+0+2+1+0-5+0+2+2+0+1+0+2+2+0-5+0+1+2+0-5+0+2+1+0-5+0+2+2+0";"uuududdduuuddudduuududdduuudduduududddduuuududddduuududddduuuududddduuddduuuduuddduuududdduuuduuddduuudurdrduruuuduuududduuuuuuurdudduuuurduddudduuuduudduuududduuuduudduuuduuuurdudduuuurdudduudddududuudddududuuuudduudduuuudduuduuuudduudduuuudduudruurdruurdruurdruururuurdruurdruurdruur"
"kt1_0253";"";"Kansantanssit";"Uudempia katrilleja";"";"Juho Hänninen/ E. Sivori";"1888";"252";"2/4";"D";"Sortavala";"";"Laatokan Karjala";"Karjalan, Inkerin, ym. alueet";"";"muistiinpanijan ikä 48";"";"";"+3+0+0+0-2-1-4+2+0+2-2+0+0+3-1-4+2+0+0+3-1-2+2+3-5+2-2-2+2+3-1-4+0+4+3+0+0+0-2-1-4+2+0+2-2+0+0+3-1-4+2+0+0+3-1-2+2+3-5+2-2-2+2+3-1-4+0+9+0-2-2-1+1+2-3-4+4+1-1-2+0-9+0+4+0+3+0+5-5+2-2-2-3+7-2-3-4+0+0+4+0+3+0+5-5+2-2-2-3-2+0+2+5-1+1-5+5-1+1-1+1-5+5-1+1-5+5-1+1-1+1+2+0+0+0+0+0+0+0+0-3+3+0+2-2+0-3+1+4+3-5+0+0+0+0+0+0+0+0-3+3+0+2-2+0-3+1+4+3-12+0+2+2+1+4+0-4+2+0+2-2-3+1+0-5+0+2+2+1+4+0-4+2+0+2-2-3+1+0";"urrrdddurudrruddurrudduududduuddruurrrdddurudrruddurrudduududduuddrurddduudduuddrdrururududddudddrrururududdddruudududududududududuurrrrrrrrdurudrduuudrrrrrrrrdurudrduuudruuuurduruddurdruuuurduruddur"
"kt1_0254";"";"Kansantanssit";"Uudempia katrilleja";"";"Kust. Lemberg/ K. V. Hanel";"1876";"253";"2/4";"C";"Lempäälä";"";"Pirkanmaa";"Länsi-Suomen lääni";"";"Soitetaan klarinetilla.";"";"";"+0+4+0-4+0+4+0-2+0-3+0+1-1+1+2-2-5+5+0+4+0-4+0+4+0-2+0-3+0+1+4-4+0+0+4+0-4+0+4+0-2+0-3+0+1-1+1+2-2-5+5+0+4+0-4+0+4+0-2+0-3+0+1+4-4+2-1+1+2+1+0+0-3-3+5-2+2+1+2+0+0-3-4-5+5+0+4+0-4+0+4+0-2+0-3+0+1+4-4+2-1+1+2+1+0+0-3-3+5-2+2+1+2+0+0-3-4-5+5+0+4+0-4+0+4+0-2+0-3+0+1+4-4-5+5+4+3+0+0-2-1+0+0+0+1+0-3+0-2+2+2+1+2+0+0-2-1+0+0+0+1+0-3+0-2+4-4-5+5+4+3+0+0-2-1+0+0+0+1+0-3+0-2+2+2+1+2+0+0-2-1+0+0+0+1+0-3+0-2+4-4";"rurdrurdrdruduuddururdrurdrdruudrrurdrurdrdruduuddururdrurdrdruududuuurrdduduuurrdddururdrurdrdruududuuurrdduduuurrdddururdrurdrdruudduuurrddrrrurdrduuuurrddrrrurdrdudduuurrddrrrurdrduuuurrddrrrurdrdud"
"kt1_0255";"Höylä-katrilli";"Kansantanssit";"Uudempia katrilleja";"";"Karl Grönholm/ K. V. Hanel";"1876";"254";"2/4";"D";"Wiitasaari(Viitasaari)";"";"Keski-Suomi";"Länsi-Suomen lääni";"";"";"";"";"-1-2-2-1-2-2-3+1-1+1+2+5-5+5+2+2-9+10-1-2-2-1-2-2-3+1+2-2-1+1+2+2+2+1+2+2-2-2+5-1-2-2-1-2-2-3+1-1+1+2+5-5+5+2+2-9+10-1-2-2-1-2-2-3+1+2-2-1+1+2+2+2+1+2+2-2-2+4-9+10-3+2-4-1+1+4-2-2-1-2-2+10-1-2+2+3-2-1-2+2+1+2-12+0+2+2+1+4-4+4-9+10-3+2-4-1+1+4-2-2-1-2-2+10-1-2+2+3-2-1-2+2+1+2-12+0+2+2+1+4-4-5+2-2-2-1+1+2+4+1-5+5+4-2-2+2+3-1-2-2-1+1+4-4-5+2-2-2-1+1+2+4+1-5+5+4-2-2+2+5-8+3-2+0-5+2-2-2-1+1+2+4+1-5+5+4-2-2+2+3-1-2-2-1+1+4-4-5+2-2-2-1+1+2+4+1-5+5+4-2-2+2+5-8+3-2+0";"ddddddduduuuduuududdddddduudduuuuuuudduddddddduduuuduuududdddddduudduuuuuuuddudududduudddddudduuddduuudruuuududududduudddddudduuddduuudruuuudduddduuuuduudduudddduudduddduuuuduudduududrduddduuuuduudduudddduudduddduuuuduudduududr"
"kt1_0256";"Nurkka-katrilli";"Kansantanssit";"Uudempia katrilleja";"";"Martti Bålman/ K. V. Hanel";"1876";"255";"2/4";"G";"Wiitasaari(Viitasaari)";"";"Keski-Suomi";"Länsi-Suomen lääni";"";"";"";"";"+4+3-2-1-2-2-1+1+2+2+1+2-2-1+3+5-5-3-4+2+2+1+2-2-1+1+2+2+2+1+2+2-2-2-12+4+3-2-1-2-2-1+1+2+2+1+2-2-1+3+5-5-3-4+2+2+1+2-2-1+1+2+2+2+1+2+2-2-2-1-9+0+9-9+0+12+0+0+5-3-2-2-1+1-3-4+0+4-2-7+7-8+0+3-2+0+11-9+0+9-9+0+12+0+0+5-3-2-2-1+1-3-4+0+4-2-7+7-8+0+3-2+0";"uuddddduuuuudduuddduuuudduuuuuuuddduuddddduuuuudduuddduuuudduuuuuuuddddrudrurrudddduddruddudrudrudrudrurrudddduddruddudrudr"
"kt1_0257";"Enkeliska-katrilli";"Kansantanssit";"Uudempia katrilleja";"";"K. V. Hanel";"1876";"255";"2/4";"F";"Wiitasaari(Viitasaari)";"";"Keski-Suomi";"Länsi-Suomen lääni";"";"";"";"";"+0+2+2-4-3+3-1+3-2+12-12+0+2+2-4-3+3-1+3-2+0+0+2+2-4-3+3-1+3-2+12-12+0+2+2-4-3+3-1+3-2+2+0-2-1-2+2+1-3-2+4+3+0+2-2-2-1-2+2+1-3-2+7+0-2-1-2+2+1-3-2+4+3+0+2-2-2-1-2+2+1-3-2";"ruuddudududruuddududrruuddudududruuddududurddduudduurudddduuddurddduudduurudddduudd"
"kt1_0258";"Ruotsin-katrilli";"Kansantanssit";"Uudempia katrilleja";"";"K. V. Hanel";"1876";"256";"2/4";"G";"Wiitasaari(Viitasaari)";"";"Keski-Suomi";"Länsi-Suomen lääni";"";"";"";"";"+5+4-11-1-2+2+1+0-1+1+4-2-1+1+0+5+4-11-1-2+2+1+0-1+1+4-2-1+1+0+2-2-2-1-4+2+2+1-1-2-3+3+2+1-1-2-2+0+7+2-2-2-1-4+2+2+1-1-2-3+3+2+1-1-2-2+0+12+2-2-1+0-2+2+3+0-2+0-5+2-2-2-1-4+2+2+1-1-2-3+3+2+1-1-2-2+0+7+2-2-2-1-4+2+2+1-1-2-3+3+2+1-1-2-2+0+12+2-2-1+0-2+2+3+0-2+0+4-12+3+9-12+3+0+2-2-3-4+2-3+3+2+1-1-2-2+0+7+9-12+3+9-12+3+0+0-2-1-4+2-3+3+2+1-1-2-2+0+12+2-2-1+0-2+2+3+0-2+0+4-12+3+9-12+3+0+2-2-3-4+2-3+3+2+1-1-2-2+0+7+9-12+3+9-12+3+0+0-2-1-4+2-3+3+2+1-1-2-2+0+12+2-2-1+0-2+2+3+0-2+0";"uuddduurduudduruuddduurduuddurudddduuuddduuudddruudddduuuddduuudddruuddrduurdrdudddduuuddduuudddruudddduuuddduuudddruuddrduurdruduuduruddduduuudddruuduudurrddduduuudddruuddrduurdruduuduruddduduuudddruuduudurrddduduuudddruuddrduurdr"
"kt1_0259";"Suutarin polska";"Kansantanssit";"2/4 polskia";"";"Jeremias Scharlin";"1865";"259";"2/4";"D";"Tampere, Tammela, Somero(Tampere)";"";"Pirkanmaa";"Länsi-Suomen lääni";"";"";"";"";"+2+2+1+2+0-3+5+0-4+2+0-3+1+0-1+3+0-2-3+3-1-4+0+2+2+1+2+0-3+5+0-4+2+0-3+1+0-1+3+0-2-3+2-4+0+2+2+1+2+0-3+5+0-4+2+0-3+1+0-1+3+0-2-3+3-1-4+0+2+2+1+2+0-3+5+0-4+2+0-3+1+0-1+3+0-2-3+2-4+2-7+10-10+10-1-2+2-4+4-2-2-1+1+2+2+1-6+1-1+1+2+2-9+7-7+10-10+10-1-2+2-4+4-2-2-1+1+2+2+1-6+1+0+2-7+10-10+10-1-2+2-4+4-2-2-1+1+2+2+1-6+1-1+1+2+2-9+7-7+10-10+10-1-2+2-4+4-2-2-1+1+2+2+1-6+1+0";"uuuurdurdurdurdurdduddruuuurdurdurdurdurddudruuuurdurdurdurdurdduddruuuurdurdurdurdurddududududdududdduuuududuuududududdududdduuuudurudududdududdduuuududuuududududdududdduuuudur"
"kt1_0260";"Silvin polska";"Kansantanssit";"2/4 polskia";"";"Jeremias Scharlin";"1865";"259";"2/4";"D";"Tampere, Tammela, Somero(Tampere)";"";"Pirkanmaa";"Länsi-Suomen lääni";"";"";"";"";"+0+0-3+0+1+2+2-2-2-1+3+0+5+4-4-5+4+3-2-1-4+2+2+1-5+0+0-3+0+1+2+2-2-2-1+3+0+5+4-4-5+4+3-2-1-4+2+2+1+7+5+0-8+1+4+0-2-2-1-4-1+1+4+3-2-3-3-4+5+7+5+0-8+1+4+0-2-2-1-4-1+1+4+3-2-3-3-4+5";"rrdruuuddduruudduuddduuudrrdruuuddduruudduuddduuuuurduurddddduuudddduuurduurddddduuuddddu"
"kt1_0261";"Mölhön polska";"Kansantanssit";"2/4 polskia";"";"Jeremias Scharlin";"1865";"260";"2/4";"D";"Tampere, Tammela, Somero(Tampere)";"";"Pirkanmaa";"Länsi-Suomen lääni";"";"";"";"";"+2-2+0+2-2-3-2+0+0-2-1+1+2+2+3-2-3-3+1+7+2-2+0+2-2-3-2+0+0-2-1+1+2+2+3-2-3-3+1+4+1-1-2-2-1-2-2+0+0+4+3+7-2-3+1-3-2+4+1-1-2-2-1-2-2+0+0+4+3+7-2-3+1-3-2";"udrudddrrdduuuuddduuudrudddrrdduuuuddduuuddddddrruuuddudduuddddddrruuuddudd"
"kt1_0262";"Raatarin polska";"Kansantanssit";"2/4 polskia";"";"Jeremias Scharlin";"1865";"260";"2/4";"D";"Tampere, Tammela, Somero(Tampere)";"";"Pirkanmaa";"Länsi-Suomen lääni";"";"";"";"";"+4+3+5+0+0-3-4+4+0-2+12-2-3+3-1-9+5+4-2-7+4+3-2-12+4+3+5+0+0-3-4+4+0-2+12-2-3+3-1-9+5+4-2-7+4+3-2+2-1+1+12-2-1-2-2-2-1-2+3-1+3-7+4-2+3-6+3-2+2-1+1+12-2-1-2-2-2-1-2+3-1+3-7+4-2+3-6+3-2";"uuurrddurduddudduudduudduuurrddurduddudduudduududuudddddddududududududuudddddddududududud"
"kt1_0263";"Kaliomäen polska";"Kansantanssit";"2/4 polskia";"";"Jeremias Scharlin";"1865";"260";"2/4";"D";"Tampere, Tammela, Somero(Tampere)";"";"Pirkanmaa";"Länsi-Suomen lääni";"";"";"";"";"+4+3+5-1+0+1+2+2+1-1+3-3+3+5-1+0-2-4+4-2-19+4+3+5-1+0+1+2+2+1-1+3-3+3+5-1+0-2-4+4-2+5-1+3-3+1-1-2-2+5-1-2-2+0-7+2+2-2+3-1+3-7+4-2+3-6+3-2+12-1+3-3+1-1-2-2+5-1-2-2+0-7+2+2-2+3-1+3-7+4-2+3-6+3-2";"uuudruuuududuudrddudduuudruuuududuudrddududududddudddrduudududududududududddudddrduudududududud"
"kt1_0264";"Rysthollarin polska";"Kansantanssit";"2/4 polskia";"";"Jeremias Scharlin";"1865";"261";"2/4";"D";"Tampere, Tammela, Somero(Tampere)";"";"Pirkanmaa";"Länsi-Suomen lääni";"";"";"";"";"-3-4+4+3+0-2-1-2+2+1-1-2-2-1+1+2+2+3-2-3-3+1+7-3-4+4+3+0-2-1-2+2+1-1-2-2-1+1+2+2+3-2-3-3+1-5+5-1+1+0+5-1+1-3-2-1+1-3+15+0-1+3+0-2-1-2+2+1-17+5-1+1+0+5-1+1-3-2-1+1-3+15+0-1+3+0-2-1-2+2+1";"dduurddduudddduuuuddduudduurddduudddduuuudddududurududddudurdurddduududurududddudurdurddduu"
"kt1_0265";"Jankan polska";"Kansantanssit";"2/4 polskia";"";"Jeremias Scharlin";"1865";"261";"2/4";"D";"Tampere, Tammela, Somero(Tampere)";"";"Pirkanmaa";"Länsi-Suomen lääni";"";"";"";"";"-3-4+2+0+5-3-4+2+0+3-1-2-2-1+0-2+2+1-3-2+12-3-4+2+0+5-3-4+2+0+3-1-2-2-1+0-2+2+1-3-2+0+2+2+1+2+0+2-2+2-4+2+0+3-1-2-2-1+0-2+2+1-3-2+0+2+2+1+2+0+2-2+2-4+2+0+3-1-2-2-1+0-2+2+1-3-2";"ddurudduruddddrduudduddurudduruddddrduuddruuuurududuruddddrduuddruuuurududuruddddrduudd"
"kt1_0266";"Kyrön polska";"Kansantanssit";"2/4 polskia";"";"Jeremias Scharlin";"1865";"262";"2/4";"D";"Tampere, Tammela, Somero(Tampere)";"";"Pirkanmaa";"Länsi-Suomen lääni";"";"";"";"";"+2-2-2-1-4+4+3+5-1+1+4-2-2-1+1+2+2+1-3-2-1+3+3-3-2-5+2-2-2-1-4+4+3+5-1+1+4-2-2-1+1+2+2+1-3-2-1+3+3-3-2-5+5+4+3+0-12+4+3+3+0+0-1-2-2-1+1+2+2+3-2-3-3+1-5+5+4+3+0-12+4+3+3+0+0-1-2-2-1+1+2+2+3-2-3-3+1";"udddduuuduuddduuuuddduudddudddduuuduuddduuuuddduuddduuurduuurrdddduuuuddduduuurduuurrdddduuuudddu"
"kt1_0267";"";"Kansantanssit";"2/4 polskia";"";"Jeremias Scharlin";"1865";"262";"2/4";"D";"Tampere, Tammela, Somero(Tampere)";"";"Pirkanmaa";"Länsi-Suomen lääni";"";"";"";"";"-3+3+5+0+0-1+3-3+1-7+0-1-4+4+3+0-2-3-3+1+7-3+3+5+0+0-1+3-3+1-7+0-1-4+4+3+0-2-3-3+1-12+4+3-7+4+3+5+2+2+1+4-2-2-1-2+3-6+3-2-12+4+3-7+4+3+5+2+2+1+4-2-2-1-2+3-6+3-2";"duurrdududrdduurddduuduurrdududrdduurddduduuduuuuuuuddddududduuduuuuuuuddddudud"
"kt1_0268";"Maltan polska";"Kansantanssit";"2/4 polskia";"";"Jeremias Scharlin";"1865";"263";"2/4";"Bb";"Tampere, Tammela, Somero(Tampere)";"";"Pirkanmaa";"Länsi-Suomen lääni";"";"";"";"";"+5+4+3+2-2-2-1-2+3-6+3-2+4-9+0+5+4+3+5-1-2+3-7+4-2-12+5+4+3+2-2-2-1-2+3-6+3-2+4-9+0+5+4+3+5-1-2+3-7+4-2+5-5-3+3+2-2-2-1-2+3-6+3-2+4-9+0+5+4+3+2-2-2-1-2+3-6+3-2+12-5-3+3+2-2-2-1-2+3-6+3-2+4-9+0+5+4+3+2-2-2-1-2+3-6+3-2";"uuuuddddudududruuuuddududduuuuddddudududruuuuddudududduuddddudududruuuuddddudududduuddddudududruuuuddddudud"
"kt1_0269";"Suutalan polska";"Kansantanssit";"2/4 polskia";"";"Jeremias Scharlin";"1865";"263";"2/4";"D";"Tampere, Tammela, Somero(Tampere)";"";"Pirkanmaa";"Länsi-Suomen lääni";"";"";"";"";"-3+3+0+5+0+0-1+3-2+0-1+0-9+2+1+0+0-3-3-4+5+2+2+1+2-3+3+0+5+0+0-1+3-2+0-1+0-9+2+1+0+0-3-3-4+5+7-3+3+0+5+0+0-1+3-2+0-1+0-9+2+1+0+0-3-3-4+5+2+2+1+2-3+3+0+5+0+0-1+3-2+0-1+0-9+2+1+0+0-3-3-4+5-12+4+0+3+0+5+0+5+4-2-2-1-2-3+3+3-1-4+4+3-2-3-3-4+5-12+4+0+3+0+5+0+5+4-2-2-1-2-3+3+3-1-4+4+3-2-3-3-4+5";"dururrdudrdrduurrddduuuuudururrdudrdrduurrddduudururrdudrdrduurrddduuuuudururrdudrdrduurrdddudurururuuddddduudduuddddudurururuuddddduudduuddddu"
"kt1_0270";"Myysälän polska";"Kansantanssit";"2/4 polskia";"";"Jeremias Scharlin";"1865";"264";"2/4";"Bb";"Tampere, Tammela, Somero(Tampere)";"";"Pirkanmaa";"Länsi-Suomen lääni";"";"";"";"";"-1+1+5-3-3-4+5+0+4+3-3-2+10-1-2-3+1+4-2-4-3-3-4+5-1+1+5-3-3-4+5+0+4+3-3-2+10-1-2+0-2+2+2+1-12+7+5-1-2-2-2-1-2-2+5-1-2-2-5+4+3-2+2+2-4-1-4+2+2+1+7+5-1-2-2-2-1-2-2+5-1-2-2-5+4+3-2+2+2-4-1-4+2+2+1+7+2-4-1-2-2+2+2+1-10+0+2+2+1+2+2-2-2-1+1+2-3+1+7+2-4-1-2-2+2+2+1-10+0+2+2+1+2+2-2-2-1+1+2-3+1";"duuddduruudduddduuddddduduuddduruudduddrduuuduudddddddudddduuduuddduuuuudddddddudddduuduuddduuuuudddduuudruuuuuddduuduuudddduuudruuuuuddduudu"
"kt1_0271";"Rankon polska";"Kansantanssit";"2/4 polskia";"";"Jeremias Scharlin";"1865";"264";"2/4";"A";"Tampere, Tammela, Somero(Tampere)";"";"Pirkanmaa";"Länsi-Suomen lääni";"";"";"";"";"+5+0+4+3-3+1-3-3+3+3-1-2+2-4+5+4-2-2-1+1-3+2-4-5+0+5+0+4+3-3+1-3-3+3+3-1-2+2-4+5+4-2-2-1+1-3+2-4+17+0-1-2+2+3-2+0-1-2+2+1-10-2-1+3+5-1+1-5-2-1+1-3-2+17+0-1-2+2+3-2+0-1-2+2+1-10-2-1+3+5-1+1-5-2-1+1-3-2";"uruududduudduduudddududdruruududduudduduudddududurdduudrdduuddduududdduddurdduudrdduuddduududddudd"
"kt1_0272";"Someron polska";"Kansantanssit";"2/4 polskia";"";"Jeremias Scharlin";"1865";"265";"2/4";"D";"Tampere, Tammela, Somero(Tampere)";"";"Pirkanmaa";"Länsi-Suomen lääni";"";"";"";"";"+0-2-1-2-2+19+0-2-1-2+2+1+0-1+1+2-2-1+1-3+2-4-5+0-2-1-2-2+19+0-2-1-2+2+1+0-1+1+2-2-1+1-3+2-4-5+5+4+1-1-2-2-1-2-2-2-1-2-2+0+4+3+0+4+3+0+3-1-2-2-1+1-5+5+4+1-1-2-2-1-2-2-2-1-2-2+0+4+3+0+4+3+0+3-1-2-2-1+1";"rddddurddduurduuddududdrddddurddduurduuddududduuuddddddddddruuruurudddduduuuddddddddddruuruuruddddu"
"kt1_0273";"";"Kansantanssit";"2/4 polskia";"";"Jeremias Scharlin";"1865";"265";"2/4";"A";"Tampere, Tammela, Somero(Tampere)";"";"Pirkanmaa";"Länsi-Suomen lääni";"";"";"";"";"+2+2-4+5+4-4-1+3-3+1+4-2-2-1-2-2-5+5+2+2-4+5+4-4-1+3-3+1+4-2-2-1-2-2+2+2+1+2+5-1+1-3-2+2-2-2-1+1-3-2+2+2-2+2+1+4-2-2-1-2-2+2+2+1+2+5-1+1-3-2+2-2-2-1+1-3-2+2+2-2+2+1+4-2-2-1-2-2";"uuduudduduudddddduuuduudduduuddddduuuuududdudddudduuduuuddddduuuuududdudddudduuduuuddddd"
"kt1_0274";"10 ruplan polska";"Kansantanssit";"2/4 polskia";"";"Jeremias Scharlin";"1865";"266";"2/4";"D";"Tampere, Tammela, Somero(Tampere)";"";"Pirkanmaa";"Länsi-Suomen lääni";"";"";"";"";"+5-1+1-5-2+0-1-2+2+3+5-1+1-5-2-1-4+2+2-2-2-1+3+5-5-2+4+3-3-2+2-2-2-1+3+5-5-2+4+3-3-2+2-2-2-1+3+5-5-2+4+3-3-2+2-2-2-1+3+5-5-2+7+0+5-1+1-5-2+0-1-2-2+4-2-2-1+1-5+12+5-1+1-5-2+0-1-2+2+3+5-1+1-5-2-1-4+2+2-2-2-1+3+5-5-2+4+3-3-2+2-2-2-1+3+5-5-2+4+3-3-2+2-2-2-1+3+5-5-2+4+3-3-2+2-2-2-1+3+5-5-2+7+0+5-1+1-5-2+0-1-2-2+4-2-2-1+1-5+12+5-1+1+2+2+1-1+1+2+2-2+0-2-1+1+4-2-2-1+1-3+2-4+0+2+2-2-2+0-1+3-3-4+5+4-4+2+2-2-2+0-1+3-3+1-5+0+5-1+1-5-2+0-1-2-2+4-2-2-1+1+12-5+5-1+1+2+2+1-1+1+2+2-2+0-2-1+1+4-2-2-1+1-3+2-4+0+2+2-2-2+0-1+3-3-4+5+4-4+2+2-2-2+0-1+3-3+1-5+0+5-1+1-5-2+0-1-2-2+4-2-2-1+1+12";"ududdrdduuududddduuddduudduudduddduudduudduddduudduudduddduuddurududdrddduddduduududdrdduuududddduuddduudduudduddduudduudduddduudduudduddduuddurududdrddduddduduuduuuuduuudrdduudddududruuddrdudduuduuddrdududrududdrddduddduududuuuuduuudrdduudddududruuddrdudduuduuddrdududrududdrddduddduu"
"kt1_0275";"Tammelan polska";"Kansantanssit";"2/4 polskia";"";"Jeremias Scharlin";"1865";"267";"2/4";"C";"Tampere, Tammela, Somero(Tampere)";"";"Pirkanmaa";"Länsi-Suomen lääni";"";"";"";"";"+5+0+2+2+1-1-2-3+1+2+2+1-1+1+4-2-3+3-2-1-2-3+1+7-12+5+0+2+2+1-1-2-3+1+2+2+1-1+1+4-2-3+3-2-1-2-3+1-5+5+4+1-1-2-2-1+1+2+2-2-3-4+2-2-2-1-4+4+3+5+4+3-3+1-3-3+3-2-5+5+4+1-1-2-2-1+1+2+2-2-3-4+2-2-2-1-4+4+3+5+4+3-3+1-3-3+3-2";"uruuuddduuuuduuddudddduuduruuuddduuuuduuddudddduduuudddduuudddudddduuuuududdudduuudddduuudddudddduuuuududdud"
"kt1_0276";"Teiskon polska";"Kansantanssit";"2/4 polskia";"";"Jeremias Scharlin";"1865";"267";"2/4";"D";"Tampere, Tammela, Somero(Tampere)";"";"Pirkanmaa";"Länsi-Suomen lääni";"";"";"";"";"-2-1+1+2+0+5-1+1+2+2-4+0+2+2+1-1+1-3-2-1+3-3+1-5+0-2-1+1+2+0+5-1+1+2+2-4+0+2+2+1-1+1-3-2-1+3-3+1+7+0-2-1+1-3-2-1+1-3-2+2-4+0+2+2+2+1+2-2-1-4+2+2+1+7+0-2-1+1-3-2-1+1-3-2+2-4+0+2+2+2+1+2-2-1-4+2+2+1";"dduuruduuudruuududddududrdduuruduuudruuududdduduurdduddduddudruuuuuddduuuurdduddduddudruuuuuddduuu"
"kt1_0277";"Poikain polska";"Kansantanssit";"2/4 polskia";"";"Jeremias Scharlin";"1865";"268";"2/4";"A";"Tampere, Tammela, Somero(Tampere)";"";"Pirkanmaa";"Länsi-Suomen lääni";"";"";"";"";"+12-12+9-2+2-2-2-1-2-2+0+4+3-3-4+5+4-4+2+2+2-4+5-12+12-12+9-2+2-2-2-1-2-2+0+4+3-3-4+5+4-4+2+2+2-4+5-17+5+4+3+2-2+0-2+0-3+0-3+1+4+0+3+2-2-2-3-2-5+5+4+3+2-2+0-2+0-3+0-3+1+4+0+3+2-2-2-3-2";"udududddddruudduuduuudududududddddruudduuduuududuuuudrdrdrduuruuddddduuuudrdrdrduuruudddd"
"kt1_0278";"";"Kansantanssit";"Enkeliskoja";"Allegretto";"O. A. J. Carlenius";"1820";"271";"2/4";"G";"Savonlinna";"";"Etelä-Savo";"Itä-Suomen lääni";"";"";"";"";"-3-4+4+3-3-4+4+3+2+2+1+0-5-3-4+4+3-3-4+4+1-1-2-2+2+5+0-3-4+4+3-3-4+4+3+2+2+1+2+2-4+4-4+2-3+3-3+1+0+0-5-3-4+4+3-3-4+4+3+2+2+1+0-5-3-4+4+3-3-4+4+1-1-2-2+2+5+0-3-4+4+3-3-4+4+3+2+2+1+2+2-4+4-4+2-3+3-3+1+0+0+2+2-2+2-2+2+3-3+1-1-2-2+2+3-1-4+4-4+4+1-1-2-2-1-2-2+5+4-2+2-2+2+3-3+1-1-2-2+2+3-1-4+4-4+2-3+3-3+1+0+0+2+2-2+2-2+2+3-3+1-1-2-2+2+3-1-4+4-4+4+1-1-2-2-1-2-2+5+4-2+2-2+2+3-3+1-1-2-2+2+3-1-4+4-4+2-3+3-3+1+0+0";"dduudduuuuurddduudduuddduurdduudduuuuuuududududurrddduudduuuuurddduudduuddduurdduudduuuuuuududududurruududuududdduudduduudddddduududuududdduuddudududurruududuududdduudduduudddddduududuududdduuddudududurr"
"kt1_0279";"";"Kansantanssit";"Enkeliskoja";"Allegretto";"O. A. J. Carlenius";"1820";"271";"2/4";"F";"Savonlinna";"";"Etelä-Savo";"Itä-Suomen lääni";"";"";"";"";"+2+2+1+2+2-2-2+2+5-12+2+2+1+2+2-2-2+0-5+2+2+1+2+2-2-2+2+5-12+2+2+1+2+2-2-2+0+6+3-3-4+5-1+1+2+2-4-1+3-3-4+5-1+1+2-2-1+3-3-4+5-1+1+2+2-4-1+3-3-4+5-1+1+2-2";"uuuuudduuduuuuuddrduuuuudduuduuuuuddruudduduuuddudduduuddudduduuuddudduduud"
"kt1_0280";"";"Kansantanssit";"Enkeliskoja";"Allegretto";"O. A. J. Carlenius";"1820";"272";"2/4";"C";"Savonlinna";"";"Etelä-Savo";"Itä-Suomen lääni";"";"";"Menee d-mollissa.";"";"-1+1+2+2-2+2-4+2-3-4+4+1-5+5-1+1+2+2-2+2-4+2-3-4+4+1-3-2+2+2+1-1+1-3+2-3-4+4+1-5+5-2+2+2+1-1+1-3+2-3-4+4+1";"duuudududduududuuudududduudduuudududduududuuudududduu"
"kt1_0281";"";"Kansantanssit";"Enkeliskoja";"Allegretto";"O. A. J. Carlenius";"1820";"272";"2/4";"D";"Savonlinna";"";"Etelä-Savo";"Itä-Suomen lääni";"";"";"";"";"-4+4-4+7-3-4+4-4+7-3+3+5-5-2-1+1-1+0-4+4-4+4-4+7-3-4+4-4+7-3+3+5-5-2-1+1-1-4";"dududdududuudddudrdudududdududuudddudd"
"kt1_0282";"";"Kansantanssit";"Enkeliskoja";"Allegretto";"O. A. J. Carlenius";"1820";"272";"2/4";"F";"Savonlinna";"";"Etelä-Savo";"Itä-Suomen lääni";"";"";"";"";"-1+1+2+2-4+2-3-4+4+1-5+5-1+1+2+2-4+2-3-4+4+1+5-3+2-4+5-3+2-4+0-1+1+2+2-4+2-3-4+4+1";"duuududduududuuududduuududududrduuududduu"
"kt1_0283";"Ankeliskoo";"Kansantanssit";"Enkeliskoja";"";"I. J. Inberg";"1857";"273";"2/4";"F";"Tyrväntö";"";"Kanta-Häme";"Etelä-Suomen lääni";"";"";"";"";"+5-5+5-5+0+0-3-4+7+0+0+2+0-2+4+1-5+5-5+5-5+0+0-3-4+7+0+0+2+0-2+4+1-8+3+2-2-2-3-2-5+5+4+3+0+2-2-2-3-2+4+3+2-2-2-3-2-5+5+4+3+0+2-2-2-3-2";"ududrrddurrurduudududrrddurrurduuduuddddduuurudddduuuddddduuurudddd"
"kt1_0284";"Engelskaa";"Kansantanssit";"Enkeliskoja";"";"I. J. Inberg";"1857";"273";"2/4";"D";"Wanaja(Vanaja)";"";"Kanta-Häme";"Etelä-Suomen lääni";"";"";"";"";"-3-4+4+3-3-4+4+3+5+0+0-5-3-4+4+3-3-4+4+1-3+0+0+5-3-4+4+3-3-4+4+3+5+0+0+2+2+1-3-3-4+5+0-5-3-4+4+3-3-4+4+3+5+0+0-5-3-4+4+3-3-4+4+1-3+0+0+5-3-4+4+3-3-4+4+3+5+0+0+2+2+1-3-3-4+5+0+4+1-1-2+2+1-3+0+0+2-4+0+0+2-2-1-2-2+9+1-1-2+2+1-3+0+5-3-4+2-3+1+0+4+1-1-2+2+1-3+0+0+2-4+0+0+2-2-1-2-2+9+1-1-2+2+1-3+0+5-3-4+2-3+1+0";"dduudduuurrddduudduudrrudduudduuurruuudddurddduudduuurrddduudduudrrudduudduuurruuuddduruudduudrrudrrudddduudduudrudduduruudduudrrudrrudddduudduudruddudur"
"kt1_0285";"Vanhaa ankeliiniä";"Kansantanssit";"Enkeliskoja";"";"Martti Bålman/ K. V. Hanel";"1876";"274";"2/4";"F";"Wiitasaari(Viitasaari)";"";"Keski-Suomi";"Länsi-Suomen lääni";"";"";"Menee Bb-duurissa.";"";"+2-2-2-1+3+5+4-2+3-6+3-2+2+2-4-5+2-2-2-1+3+5+4-2+3-6+3-2-5+2-2-2-1+3+5+4-2+3-6+3-2+2+2-4-5+2-2-2-1+3+5+4-2+3-6+3-2-2-1-4-1+1+4-2+3-6+3-2+5+4-2-3+0-4-1+1+4-2+3-6+3-2+7-3-4-1+1+4-2+3-6+3-2+5+4-2-3+0-4-1+1+4-2+3-6+3-2";"uddduuudududuudduddduuudududduddduuudududuudduddduuudududdddduudududuuddrdduududududdduudududuuddrdduududud"
"kt1_0286";"Ankeliiniä";"Kansantanssit";"Enkeliskoja";"";"Martti Bålman/ K. V. Hanel";"1876";"274";"2/4";"C";"Wiitasaari(Viitasaari)";"";"Keski-Suomi";"Länsi-Suomen lääni";"";"";"";"";"+2+2+1+2+5+0-1+0-2-2+5+0-1+0-2-2-3+3-2-3-3+1-5+5+2+2+1+2+5+0-1+0-2-2+5+0-1+0-2-2-3+3-2-3-3+1-5+7+3-1-4-1-4+4+3-2+4-2+0+3-1+3+0-2-3-3+1-5+7+3-1-4-1-4+4+3-2+4-2+0+3-1+3+0-2-3-3+1";"uuuuurdrddurdrddduddduduuuuuurdrddurdrddduddduduudddduududrudurddduduudddduududrudurdddu"
"kt1_0287";"Ankeliiniä";"Kansantanssit";"Enkeliskoja";"";"Martti Bålman/ K. V. Hanel";"1876";"275";"2/4";"Bb";"Wiitasaari(Viitasaari)";"";"Keski-Suomi";"Länsi-Suomen lääni";"";"";"";"";"+12-12+9-2+2-2-2-1-2-2+7-7+7+2-9+9+2-11+11+1-12+12-12+9-2+2-2-2-1-2-2+7-7+7+2-9+9+2-11+11+1-17+5+4+3+0-2+0-3+0-2+4-4-5+5+4+3+0-2-3-3+1-5+5+4+3+0-2+0-3+0-2+4-4-5+5+4+3+0-2-3-3+1";"udududdddduduuduuduududududdddduduuduuduuduuurdrdrdudduuurddduduuurdrdrdudduuurdddu"
"kt1_0288";"Ankeliiniä";"Kansantanssit";"Enkeliskoja";"";"Martti Bålman/ K. V. Hanel";"1876";"275";"2/4";"F";"Wiitasaari(Viitasaari)";"";"Keski-Suomi";"Länsi-Suomen lääni";"";"";"Menee Bb-duurissa.";"";"+0-4+0+2-2-1+1+4-9+0+0+10+0-1+0-2+0-2+0-1-2+2+1+4+0-4+0+2-2-1+1+4-9+0+0+10+0-1+0-2+0-2+0-1-2+2+1+2-2-1+1-3+3-7+4-2+3-6+3-2+12+0-1-2-2-1+1-3+3-7+4-2+3-6+3-2+9-2-1+1-3+3-7+4-2+3-6+3-2+12+0-1-2-2-1+1-3+3-7+4-2+3-6+3-2";"rdrudduudrrurdrdrdrdduuurdrudduudrrurdrdrdrdduuuddudududududurddddududududududdudududududurddddududududud"
"kt1_0289";"Enkeliskaa";"Kansantanssit";"Enkeliskoja";"";"Martti Bålman/ K. V. Hanel";"1876";"276";"2/4";"C";"Wiitasaari(Viitasaari)";"";"Keski-Suomi";"Länsi-Suomen lääni";"";"";"";"";"-5+0+12-2-1-2-2-1+1+2-3+1-5+0+12-2-1-2-3+1+0-5+0+12-2-1-2-2-1+1+2-3+1-5+0+12-2-1-2-3+1+7+2-2-1+1+2+2+1-1-2-2+0+2-2-2-1-2-2-1+1+2-3+1+2+2+1+2+2-2-1+1+2+2+1-1-2-2+0+2-2-2-1-2-2-1+1+2-3+1";"druddddduududruddddurdruddddduududrudddduuudduuuudddrudddddduuduuuuuudduuuudddrudddddduudu"
"kt1_0290";"Enkeliskaa";"Kansantanssit";"Enkeliskoja";"";"Martti Bålman/ K. V. Hanel";"1876";"276";"2/4";"D";"Wiitasaari(Viitasaari)";"";"Keski-Suomi";"Länsi-Suomen lääni";"";"";"";"";"+3+0-3-4+4+1+4+0-4-3+3-1+3+0-3-4+4+1-3-2-1+1+4+3+0-3-4+4+1+4+0-4-3+3-1+3+0-3-4+4+1-3-2-1+1+4+1-1-2-2-1+1-3+5+0-3-4+4+3+5+0-3-4+4+1-3-2-1+1+4+1-1-2-2-1+1-3+5+0-3-4+4+3+5+0-3-4+4+1-3-2-1+1";"urdduuurddudurdduuddduuurdduuurddudurdduuddduuuddddudurdduuurdduuddduuuddddudurdduuurdduudddu"
"kt1_0291";"Suoraa enkeliskaa";"Kansantanssit";"Enkeliskoja";"";"K. V. Hanel";"1876";"277";"2/4";"C";"Wiitasaari(Viitasaari)";"";"Keski-Suomi";"Länsi-Suomen lääni";"";"";"";"";"+7+9+3+0-2+0-3+0-2+4-4-12+7+9+3+0-2-3+2-4-12+7+9+3+0-2+0-3+0-2+4-4-12+7+9+3+0-2-3+2-4+7+0+4-2+0-2-2-1+1+4-2+0+0-2+0-1+0-2+0-2-1-4+4+3-2+4+3+0+4-2+0-2-2-1+1+4-2+0+0-2+0-1+0-2+0-2-1-4+4+3-2";"uuurdrdrdudduuurddudduuurdrdrdudduuurddudurudrddduudrrdrdrdrddduuduurudrddduudrrdrdrdrddduud"
"kt1_0292";"Enkeliskaa";"Kansantanssit";"Enkeliskoja";"Allegro";"E. Kianstén/ K. V. Hanel";"1876";"277";"2/4";"A";"Puumala";"";"Etelä-Savo";"Itä-Suomen lääni";"";"";"";"";"-2+2-2-5-2-1-2-2+14-2-5-2-1-2-2+0+14+0-2-5-2-1-2-2+0+0+14-2+2-2-5-2-1-2-2+14-2-5-2-1-2-2+0+14+0-2-5-2-1-2-2+0+0+0+0+4+3-3-4+4+3-3-4+9+2-2-2-2-5+4+3-3-4+4+3-3+1-3-2+0+0+4+3-3-4+4+3-3-4+9+2-2-2-2-5+4+3-3-4+4+3-3+1-3-2";"dudddddduddddddrurddddddrrududddddduddddddrurddddddrrrruudduudduudddduudduududdrruudduudduudddduudduududd"
"kt1_0293";"Viiden enkelskaa";"Kansantanssit";"Enkeliskoja";"";"A. Leppä/ E. Sivori";"1888";"278";"2/4";"G";"Mäntyharju";"";"Etelä-Savo";"Itä-Suomen lääni";"";"";"";"";"-3+0-4+4+3-2-3+0+2+1-3-2+4+3+5+0+2-2-1-2-2+0-3+0-4+4+3-2-3+0+2+1-3-2+4+3-2-1+1-3+5-3+0-4+4+3-2-3+0+2+1-3-2+4+3+5+0+2-2-1+1+2+2-2-7+2+2+1+2-2-1+1+2+2-2-7+2+2+1-1-2-2-3+3+0-2-1+1-3-2+4+3-2-1+1-3-2+4+3+5+0+2-2-1-2-2+9-2-7+2+2+1+0+0";"drduuddruudduuuruddddrdrduuddruudduuddududrduuddruudduuurudduuudduuuudduuudduuuddddurddudduuddudduuuruddddudduuurr"
"kt1_0294";"Kolmen enkelskaa";"Kansantanssit";"Enkeliskoja";"";"A. Leppä/ E. Sivori";"1888";"279";"3/4";"A";"Mäntyharju";"";"Etelä-Savo";"Itä-Suomen lääni";"";"";"";"";"+5-1+1-5+5-1+1-5-3+3+5-1+1-5+5-1+1-5-2-1-2-2+0+4+3+5-1+1-5+5-1+1-5-3+3+5-1+1-5+5-1+1-5-2-1-2-2+0+4+3-3-4+4+3-3-4+4+3-3+1+4-2-3+3-3-4+4+3-3-4+4+3-3+1-1+0-2-2+2+2-4+7-3-4+4+3-3-4+4+3-3+1+4-2-3+3-3-4+4+3-3-4+4+3-3+1-1+0-2-2+2+2-4";"ududududduududududddddruuududududduududududddddruudduudduuduuddudduudduududrdduududduudduuduuddudduudduududrdduud"
"kt1_0295";"Engelska";"Kansantanssit";"Enkeliskoja";"";"H. A. Reinholm";"1848";"279";"2/4";"D";"Rauma";"";"Satakunta";"Länsi-Suomen lääni";"";"";"";"";"+4+3-3-4+4+3-3-4+4+3+5+0+0-5-3-4+4+3-3-4+4-2+0+0-2+4+3-3-4+4+3-3-4+4+3+5+0+2+2+1-1-2-2-1+1+2-3+1+0+0-12+4+3-3-4+4+3-3-4+4+3+5+0+0-5-3-4+4+3-3-4+4-2+0+0-2+4+3-3-4+4+3-3-4+4+3+5+0+2+2+1-1-2-2-1+1+2-3+1+0+0+2+3-1+0+0+3-2-1-2+0+0+3-1+0+0+3-2-1-2-2-1-2-2+7+3-1+0+0+3-2-1-2+0+0+3-1-2+2+3-3-4+2+3-3-3+1+0+0+2+3-1+0+0+3-2-1-2+0+0+3-1+0+0+3-2-1-2-2-1-2-2+7+3-1+0+0+3-2-1-2+0+0+3-1-2+2+3-3-4+2+3-3-3+1+0+0";"uudduudduuurrddduuddudrrduudduudduuuruuudddduudurrduudduudduuurrddduuddudrrduudduudduuuruuudddduudurruudrrudddrrudrruddddddduudrrudddrrudduudduuddurruudrrudddrrudrruddddddduudrrudddrrudduudduuddurr"
"kt1_0296";"Angelisko";"Kansantanssit";"Enkeliskoja";"";"H. A. Reinholm";"1848";"280";"2/4";"C";"Rauma";"";"Satakunta";"Länsi-Suomen lääni";"";"";"Ei tahtilajia eikä sävellajimerkintöjä, merkitsin 2 4 ja menee lähinnä d-mollissa.";"";"+2-2-2-2+0+2-2+2+4-2+0+0+2-2-2-2+0+2-3-2+7+2-2-2-2+0+2-2+2+4-2+0+0+2-2-2-2+0+2-3-2+3+0+2-3+1+2-2+2+2-4-3+3+0+2-3+1+2-3-2+3+0+2-3+1+2-2+2+2-4-3+3+0+2-3+1+2-3-2";"udddruduudrrudddrudduudddruduudrrudddrudduruduuduudduruduudduruduuduudduruduudd"
"kt1_0297";"Kasakki vals";"Kansantanssit";"Venäläis-tansseja";"";"Robert Lehrbäck, lukkari Kuopiosta";"1877";"283";"2/4";"G";"-()";"";"";"";"";"";"";"";"+2+2+1+2+2-2-1+1+5-12+2+2+1+2+2-2-1+1-7+2+2+1+2+2-2-1+1+5-12+2+2+1+2+2-2-1+1+4+1+2-7+2+2+1+2-2-1+1+4-5+1+2-7+2+2+1+4-4-1+1+2-7+2+2+1+2-2-1+1+4-5+1+2-7+2+2+1+4-4";"uuuuudduuduuuuudduduuuuudduuduuuuudduuuuduuuudduuduuduuuudduuduuuudduuduuduuuud"
"kt1_0298";"Kasakkaa";"Kansantanssit";"Venäläis-tansseja";"";"O. A. J. Carlenius";"1869";"283";"2/4";"D";"Sääksmäki";"";"Pirkanmaa";"Länsi-Suomen lääni";"";"";"";"";"+0+3-1-4-1+3-2+4-2+0+3-1-4-1+3-2+2+2-2-2-1-2-2+12+0+0-5+2-2-2-1-2-2+2+2+1+2+2-2-2-1-2-2+12+0+0-5+2-2-2-1-2-2+2+2+1";"rudddududruddduduudddddurrduddddduuuuudddddurrduddddduuu"
"kt1_0299";"Pryskää";"Kansantanssit";"Venäläis-tansseja";"Larghetto";"O. A. J. Carlenius";"1850";"283";"2/4";"D";"Rantasalmi";"";"Etelä-Savo";"Itä-Suomen lääni";"";"";"";"";"+5+4+3-12+4+3+3-10+5+4+3-12+4+3+3-10+5+4+3-12+4+3-3+1-5+5+4+3-12+4+3+3-10+5+4+3-12+4+3+3-10+5+4+3-12+4+3-3+1-12+5+4+3-12+4+3+3-10+5+4+3-12+5+4+3-12+5+4+3-12+4+3-3+1-5+5+4+3-12+4+3+3-10+5+4+3-12+5+4+3-12+5+4+3-12+4+3-3+1";"uuuduuuduuuduuuduuuduududuuuduuuduuuduuuduuuduududuuuduuuduuuduuuduuuduududuuuduuuduuuduuuduuuduudu"
"kt1_0300";"Venättä";"Kansantanssit";"Venäläis-tansseja";"Con fuoco";"O. A. J. Carlenius";"1869";"284";"2/4";"A";"Sääminki";"";"Etelä-Savo";"Itä-Suomen lääni";"";"";"";"";"+5-2-1-2-2-1+3-2+4-2+5-2-1-2-2-1+3-2+2+5-2-1-2-2-1+3-2+4-2+5-2-1-2-2-1+3-2-1-2-2+2+2-4+5+2-2-1-2-2+2+2-4+5";"udddddudududdddduduudddddudududddddudddduuduudddduudu"
"kt1_0301";"Venättä";"Kansantanssit";"Venäläis-tansseja";"Con fuoco";"O. A. J. Carlenius";"1869";"284";"2/4";"C";"Kokkola";"";"Keski-Pohjanmaa";"Länsi-Suomen lääni";"";"";"Menee lähinnä d-mollissa.";"";"+1-1-2+2+5+0-7+0+3-1+1-1-2+2+5+0-7+0+2+1-1-2+2+5+0-7+0+3-1+1-1-2+2+5+0-7+0+3-1+1-1-2-1-4+0+2+2+1+3-1+1-1-2-1-4+0+2+2+1";"udduurdrududduurdruudduurdrududduurdrududdddruuuududdddruuu"
"kt1_0302";"Venättä";"Kansantanssit";"Venäläis-tansseja";"Con fuoco";"O. A. J. Carlenius";"1869";"284";"2/4";"D";"Kokkola";"";"Keski-Pohjanmaa";"Länsi-Suomen lääni";"";"";"";"";"+2-2-2+2-3-4+0+0+4+3+2-2-2+2-3-4+0+0-5+2+2+1+2+3-2-1-2+0-5+2+2+1+2+3-2-1-2-5+2+2+1+2+3-2-1-2+0-5+2+2+1+2+3-2-1-2";"udduddrruuudduddrrduuuuudddrduuuuudddduuuuudddrduuuuuddd"
"kt1_0303";"Reppuryssää";"Kansantanssit";"Venäläis-tansseja";"";"I. J. Inberg";"1857";"285";"2/4";"D";"Renko";"";"Kanta-Häme";"Etelä-Suomen lääni";"";"";"";"";"+0+4+0+1+0-3+0-2+0+4+0-2-2-1-2-2+5+0+4+0+1+0-3+0-2+0+4+0-2-2-1-2-2+9-4-3-2+0+2+2+1+2+0+2+1-1-2-2+4-4-3-2+0+2+2+1+2+0+2+1-1-2-2";"rururdrdrurdddddurururdrdrurdddddudddruuuuruudddudddruuuuruuddd"
"kt1_0304";"Kasakan valssi";"Kansantanssit";"Venäläis-tansseja";"";"I. J. Inberg";"1857";"285";"2/4";"G";"Loviisa";"";"Itä-Uusimaa";"Etelä-Suomen lääni";"";"";"";"";"+2+2+1+2-1+1+2-2+5-12+2+2+1+2-1+1+2-2-7+2+2+1+2-1+1+2-2+5-12+2+2+1+2-1+1+2-2+4+3-3-4+5-1+1+2+2-4-1+3-3-4+4+1+2-2+0-1+3-3-4+5-1+1+2+2-4-1+3-3-4+4+1+2-2+0";"uuuuduududuuuuduudduuuuduududuuuuduuduudduduuuddudduuudrdudduduuuddudduuudr"
"kt1_0305";"Ryssää";"Kansantanssit";"Venäläis-tansseja";"";"K. V. Hanel";"1876";"285";"2/4";"D";"Savo";"";"Etelä-Savo";"Itä-Suomen lääni";"";"";"";"";"+0+2+2+1-8+1+4-2-2+2+2+2+1-8+1+2+0+2+2+1-8+1+4-2-2+2+2+2+1-8+1-1+3-3+3-3+3-3+3-7+2+2+1+0-1+3-3+3-3+3-3+3-7+2+2+1-1+3-3+3-3+3-3+3-7+2+2+1+0-1+3-3+3-3+3-3+3-7+2+2+1";"ruuuduudduuuuduuruuuduudduuuududududududuuurdududududuuudududududuuurdududududuuu"
"kt1_0306";"Pikku ryssää";"Kansantanssit";"Venäläis-tansseja";"";"Martti Bålman/ K. V. Hanel";"1876";"286";"2/4";"Bb";"Wiitasaari(Viitasaari)";"";"Keski-Suomi";"Länsi-Suomen lääni";"";"";"";"";"-2-2-1+3-2+4-4+4-4+4-4+4-2+3-3+3-6+3-3+3-2+4-4+4-4+4-2-2-1+3-2+4-4+4-4+4-4+4-2+3-3+3-6+3-3+3-2+4-4+4-4-5+2-2-2-1-4+5+4+5-2-2-1-2+2-2-2-1-4+5+4+3-3-4+2+2-2-2-1-4+5+4+5-2-2-1-2+2-2-2-1-4+5+4+3-3-4";"dddududududududududududududddudududududududududududdudddduuuddddudddduuudduudddduuuddddudddduuudd"
"kt1_0307";"Pikku ryssää";"Kansantanssit";"Venäläis-tansseja";"";"Martti Bålman/ K. V. Hanel";"1876";"286";"2/4";"F";"Wiitasaari(Viitasaari)";"";"Keski-Suomi";"Länsi-Suomen lääni";"";"";"Menee Bb-duurissa.";"";"+2+2+1+2+2-2-2+4-4+2+2-4-5+2+2+1+2-2-1+1+4-2-3+3-2-5+2+2+1+2+2-2-2+4-4+2+2-4-5+2+2+1+2-2-1+1+4-2-3+3-2-5+0-3-4+5+4-4+4+3-3-2+0-3-4+5+0+4+3-3-4+2+0-3-4+5+4-4+4+3-3-2+0-3-4+5+0+4+3-3-4";"uuuuudduduudduuuudduuddudduuuuudduduudduuuudduudduddrdduuduuddrdduruuddurdduuduuddrdduruudd"
"kt1_0308";"Harjaryssää";"Kansantanssit";"Venäläis-tansseja";"";"K. V. Hanel";"1876";"286";"2/4";"D";"Wiitasaari(Viitasaari)";"";"Keski-Suomi";"Länsi-Suomen lääni";"";"";"";"";"+2+2+1+2+0+2+1+4-5+1-3-3+1+0-5+2+2+1+2+0+2+1+4-5+1-3-3+1+0+4+3-3-2-2+2+2+1+4-5+1-3-3+8-3-2-2+2+2+1+4-5+1-3-3+1+0";"uuuuruuududdurduuuuruuududduruuddduuuududduddduuuududdur"
"kt1_0309";"Venättä";"Kansantanssit";"Venäläis-tansseja";"";"Kaapo Tanninen/ K. V. Hanel";"1876";"287";"2/4";"D";"Rantasalmi";"";"Etelä-Savo";"Itä-Suomen lääni";"";"";"";"";"+5+0-5+3-1-2-3+1+0+2+5+0-5+3-1-2-3+1+2+5+0-5+3-1-2-3+1+0+2+5+0-5+3-1-2-3+1-1+1-1-2-2+0+0+2+2+1+0-1+1-1-2-2+0+0+2+2+1-1+1-1-2-2+0+0+2+2+1+0-1+1-1-2-2+0+0+2+2+1";"urduddduruurduddduuurduddduruurdudddududddrruuurdudddrruuududddrruuurdudddrruuu"
"kt1_0310";"Ristiryssää";"Kansantanssit";"Venäläis-tansseja";"";"Joh. Kiiski/ E. Sivori";"1888";"287";"2/4";"D";"Pielisjärvi";"Kylälahti";"Pohjois-Karjala";"Oulun lääni";"";"";"";"";"+2+2+1+2-3+1-1-2+2+1-1+1-1-2-2-1+1+2+2-2+2+1+2-3+1-1-2+2+1-1+1-1-2-2-1+1+2-2+0+2+2+1+2-3+1-1-2+2+1-1+1-1-2-2-1+1+2+2-2+2+1+2-3+1-1-2+2+1-1+1-1-2-2-1+1+2-2+0+2+2+0+1-1+1-3+2-4+0+2+2+0+1-1+1-3+2-2+0+5+2+2+1+2+0-7-12+2+2+1+2-7+10-1-4+0+2+2+0+1-1+1-3+2-4+0+2+2+0+1-1+1-3+2-2+0+5+2+2+1+2+0-7-12+2+2+1+2-7+10-1-4+0+4-4+4+0+1-1-2+2-4+0+4-4+4+0+1-1-2+2-2+0-7+2+2+1+2+0+5-12+2+2+1+2+5-2-1-4+0+4-4+4+0+1-1-2+2-4+0+4-4+4+0+1-1-2+2-2+0-7+2+2+1+2+0+5-12+2+2+1+2+5-2-1-4";"uuuududduududddduuuduuududduududddduudruuuududduududddduuuduuududduududddduudruurudududruurudududruuuuurdduuuududdruurudududruurudududruuuuurdduuuududdruduruddudruduruddudrduuuuruduuuuudddruduruddudruduruddudrduuuuruduuuuuddd"
"kt1_0311";"Ryssää";"Kansantanssit";"Venäläis-tansseja";"";"Juho Hänninen/ E. Sivori";"1888";"288";"2/4";"D";"Sortavala";"";"Laatokan Karjala";"Karjalan, Inkerin, ym. alueet";"";"";"";"";"+5-5+3-1-4+2+5-5+3-1-4-1+3-7+0+2+2+1+4-5+3-7+0+2+2+1";"ududduududddudruuuududruuu"
"kt1_0312";"Kolmen hengen tanssi";"Kansantanssit";"Kolmen ja neljän hengen tansseja";"Allegretto";"F. V. Illberg";"1866";"291";"2/4";"F";"Vehkalahti";"Husula";"Kymenlaakso";"Etelä-Suomen lääni";"";"";"";"";"+5-1+1-5+5-1+1-5+4+1+4-2-2-5+5-1+1-5+5-1+1-5+4+1+4-2-2+7-3+1+2+2-4-1-4+0+2+2-4+5-3+0+3-1-2-2-1+1+7-3+1+2+2-4-1-4+0+2+2-4+5-3+0+3-1-2-2-1+1";"ududududuuudddududududuuudduduuudddruududrudddduuduuudddruududruddddu"
"kt1_0313";"Kolmen hengen tanssi";"Kansantanssit";"Kolmen ja neljän hengen tansseja";"Allegretto";"F. V. Illberg";"1866";"291";"2/4";"C";"Kangasniemi";"";"Etelä-Savo";"Itä-Suomen lääni";"";"";"";"";"+2-2-1+1+2-2-1+1+0+0+0+0+2-2-1+1+2-2-1+1+0+0+0+5-1-2-2-1+0+1+0+0+2-2-1+1+2-2-1+1+0+0+0+0+2-2-1+1+2-2-1+1+0+0+0+5-1-2-2-1+0+1+0+4+1-1-2+2+3-5+2-2-2+2+0+2+1-1-2+2+3-5+2-2-2+2+0+5-2-1-2-2-1+1+0+4+1-1-2+2+3-5+2-2-2+2+0+2+1-1-2+2+3-5+2-2-2+2+0+5-2-1-2-2-1+1+0";"udduuddurrrrudduuddurrruddddrurrudduuddurrrrudduuddurrruddddruruudduududduruudduududduruddddduruudduududduruudduududdurudddddur"
"kt1_0314";"Wehkalahden kolmwn tanssi";"Kansantanssit";"Kolmen ja neljän hengen tansseja";"Allegro";"F. V. Illberg";"1866";"292";"2/4";"D";"Sippola";"";"Kymenlaakso";"Etelä-Suomen lääni";"";"";"";"";"+1-1-2-2+4+1-3-2-1+5-2+2+1-1-2-2-1-4+2+2+1-5+9+1-1-2-2+4+1-3-2-1+5-2+2+1-1-2-2-1-4+2+2+1-3-4+4+3-3-4+4+3-5-3+3+3-3-3+3+3-1-4+4+3-3-4+4+3-1-4+2+2+1-3-4+4+3-3-4+4+3-5-3+3+3-3-3+3+3-1-4+4+3-3-4+4+3-1-4+2+2+1";"uddduuddduduuddddduuuduuddduuddduduuddddduuudduudduudduudduudduudduudduuudduudduudduudduudduudduudduuu"
"kt1_0315";"Neljän hengen tanssi";"Kansantanssit";"Kolmen ja neljän hengen tansseja";"Allegro";"L. Hämäläinen";"1868";"292";"2/4";"C";"-()";"";"";"";"";"";"";"";"-5+0+12-2-1-2-2-1+1+2-3+1-5+0+12-2-1-2+2-4+0-5+0+12-2-1-2-2-1+1+2-3+1-5+0+12-2-1-2+2-4+7+2-2-1+1+2+2+1-1-2-2+0+2-2-2-1-2-2-1+1+2-3+1+2+2+1+2+2-2-1+1+2+2+1-1-2-2+0+2-2-2-1-2-2-1+1+2-3+1";"druddddduududrudddudrdruddddduududruddduduudduuuudddrudddddduuduuuuuudduuuudddrudddddduudu"
"kt1_0316";"Nelihenkistä";"Kansantanssit";"Kolmen ja neljän hengen tansseja";"";"Martti Bålman/ K. V. Hanel";"1876";"293";"2/4";"D";"Wiitasaari(Viitasaari)";"";"Keski-Suomi";"Länsi-Suomen lääni";"";"";"";"";"+5+4+3+0-2-1-2-2-1-2+2-4+5+4+3+0-2-3+3-5-5+5+4+3+0-2-1-2-2-1-2+2-4+5+4+3+0-2-3+2-4+4+3+2-4-1+1+4-2-5+3-1+3+0-2-3+2-4+4+3+2-4-1+1+4-2-5+3-1+3+0-2-3+2-4";"uuurdddddduduuurddudduuurdddddduduuurdduduuudduuddudurdduduuudduuddudurddud"
"kt1_0317";"Nelosta";"Kansantanssit";"Kolmen ja neljän hengen tansseja";"Allegretto";"Martti Bålman/ K. V. Hanel";"1876";"293";"2/4";"Bb";"Wiitasaari(Viitasaari)";"";"Keski-Suomi";"Länsi-Suomen lääni";"";"";"";"";"+2+2+1+2+5-3-4+4+2-2-2-3+3-2-1-2+0-2-1+1+0+2+2+1+2+5-3-4+4+2-2-2-3+3-2-1-2+0-2-1+1+4+1-1-2+2-2+0-2-1+1+7+0+0-2-1+0-2-2+2+0+0-2-1+1+4+1-1-2+2-2+0-2-1+1+7+0+0-2-1+0-2-2+2+0+0-2-1+1";"uuuuudduudddudddrdduruuuuudduudddudddrdduuuddudrdduurrddrddurrdduuuddudrdduurrddrddurrddu"
"kt1_0318";"";"";"";"";"";"";"";"";"";"-()";"";"";"";"";"";"";"";"";""
"kt1_0319";"";"";"";"";"";"";"";"";"";"-()";"";"";"";"";"";"";"";"";""
"kt1_0320";"Morsiamen lähtö-polska";"Kansantanssit";"Morsiustansseja";"Tempo di marcia";"F. V. Illberg";"1866";"299";"2/4";"d";"Parikkala";"";"Etelä-Karjala";"Etelä-Suomen lääni";"";"";"";"";"+0+0+3-8+1+0+0+4-8+1+0+0+0+3-1-2-1-4+4+1+7+0+0+3-8+1+0+0+4-8+1+0+0+0+3-1-2-1-4+4+1+3-1-2-1+1-5+8-1-2-1+1-5+8+2-2+0-1-2+2+1-1+5-8+1+3-1-2-1+1-5+8-1-2-1+1-5+8+2-2+0-1-2+2+1-1+5-8+1+3-4+1+2+1-1+1+2+2-8+1+3-4+1+2+1-1+1+2+2-8+1";"rrudurrudurrrudddduuurrudurrudurrrudddduuudddududdduduudrdduududuudddududdduduudrdduududuuduuuduuuduuduuuduuudu"
"kt1_0321";"Morsiamen tulo-polska";"Kansantanssit";"Morsiustansseja";"Tempo di marcia";"O. A. J. Carlenius";"1869";"299";"4/4";"G";"Kokkola";"";"Keski-Pohjanmaa";"Länsi-Suomen lääni";"";"";"";"";"+4+3+5+2-2-1-2-2-2-1+3-2-1-2+2+1+4-2-2-1-2-2+12+0+2+2-4-1+1+2+2+1+0-1+0-2+0-2-1+1+2+2-4+0+0+2+2-4-1+1+2+2+1+0-1+0-2+0-2-1+1+2+2-4-12+0+2+2-4-1+1+2+2+1+0-1+0-2+0-2-1+1+2+2-4+0+0+2+2-4-1+1+2+2+1+0+6+1+2+2-5+3+0-2";"uuuudddddduddduuuddddduruudduuuurdrdrdduuudrruudduuuurdrdrdduuuddruudduuuurdrdrdduuudrruudduuuuruuuudurd"
"kt1_0322";"Sänky-polska (Morsianta maata viedessä)";"Kansantanssit";"Morsiustansseja";"Andante";"O. A. J. Carlenius";"1869";"300";"2/4";"d";"Keuruu";"";"Keski-Suomi";"Länsi-Suomen lääni";"";"";"";"";"+0+0-2+2+1-3+2-5+1-1+1+2+2-4-1-2-1+1+2-3+1+0+7+0+0-2+2+1-3+2-5+1-1+1+2+2-4-1-2-1+1+2-3+1+0+7+1-1-2-2-1-2+7+1-1-2-2-1-2-1+1+2-3+1+0+7+1-1-2-2-1-2+7+1-1-2-2-1-2-1+1+2-3+1+0-1+1+2-3+1+0-1+1+2-3+1+0";"rrduudududuuudddduudururrduudududuuudddduuduruuddddduudddddduuduruuddddduudddddduudurduudurduudur"
"kt1_0323";"Morsiamen itkua";"Kansantanssit";"Morsiustansseja";"";"V. L. Pääkkönen/ K. V. Hanel";"1876";"300";"2/4";"D";"Leppävirta";"";"Pohjois-Savo";"Itä-Suomen lääni";"";"";"";"";"+3+0+2-2-2-1+3+0+2-2-2-1+3+0+2-2-2-1-4+0+4+3+0+2-2-2-1+3+0+2-2-2-1+3+0+2-2-2-1-4+0-5+10-1+3-3-4+2+3-3+3-1+3-3-4+2+3-3+3-1+3-3-4+2-3+1-5+10-1+3-3-4+2+3-3+3-1+3-3-4+2+3-3+3-1+3-3-4+2-3+1";"uruddduruddduruddddruuruddduruddduruddddrdududduudududduudududdududududduudududduudududdudu"
"kt1_0324";"";"";"";"";"";"";"";"";"";"-()";"";"";"";"";"";"";"";"";""
"kt1_0325";"";"";"";"";"";"";"";"";"";"-()";"";"";"";"";"";"";"";"";""
"kt1_0326";"Puikko-ristikkoo";"Kansantanssit";"Ristikkotansseja";"";"O. A. J. Carlenius";"1869";"309";"2/4";"D";"Kerimäki";"";"Etelä-Savo";"Itä-Suomen lääni";"";"";"";"";"+5-2+2-2-3+2-2+0+2-2-3+1+2+5-2+2-2-3+2-2+0+2-2-3+1+2+2-2+0+2-2-3+1+0+2+2-2+0+2-2-3+1+0+5+0-1+1-1+1-3+0+2+1+0-1+1-1+1-3+0-2+5+0-1+1-1+1-3+0+2+1+0-1+1-1+1-3+0-2";"ududdudrudduuududdudrudduuudrudduruudruddururdududruurdududrdurdududruurdududrd"
"kt1_0327";"Ristitanssia";"Kansantanssit";"Ristikkotansseja";"Andante";"Paavo Kuutti/ K. V. Hanel";"1876";"309";"2/4";"D";"Kerimäki";"";"Etelä-Savo";"Itä-Suomen lääni";"";"";"";"";"+0+0-2-1+1+2+0+5+0-5+0+0-2-1+1+2-5+0+0+5+0+0-2-1+1+2+0+5+0+4+0-2+0-2+0+0-5+0+0-2-1+1+2+0+5+0-5+0+0-2-1+1+2-5+0+0+5+0+0-2-1+1+2+0+5+0+4+0-2+0-2+0+0+5-1+0+0+3-2-1-2+2+3-7+4-2-2-1-2-2+10-1+0+0+3-2-1-2+0+2+3-5-2-1+3-2+0+0+5-1+0+0+3-2-1-2+2+3-7+4-2-2-1-2-2+10-1+0+0+3-2-1-2+0+2+3-5-2-1+3-2+0+0";"rrdduururdrrdduudrrurrdduurururdrdrrdrrdduururdrrdduudrrurrdduurururdrdrrudrruddduududddddudrrudddruudddudrrudrruddduududddddudrrudddruudddudrr"
"kt1_0328";"Ristivalssi (8 henkilöä)";"Kansantanssit";"Ristikkotansseja";"";"Aksel Leppä/ E. Sivori";"1888";"310";"2/4";"G";"Mäntyharju";"";"Etelä-Savo";"Itä-Suomen lääni";"";"";"";"";"+4+3-3+3+5-5-2+2-3+0-2-2+2+2-4+0+4+3-3+3+5-5-2+2-3+0-2-2+2+2-4+16-2-2+2-2-3-2+0+5+4-2-3+1+2-2-3-2+9-2-2+2-2-3-2+0+5+4-2-3+1+2-2-3-2";"uuduuddudrdduudruuduuddudrdduududdudddruudduuddduddudddruudduuddd"
"kt1_0329";"Ristikontraa";"Kansantanssit";"Ristikkotansseja";"";"Antti Ripatti/ E. Sivori";"1888";"310";"2/4";"D";"Hirvensalmi";"";"Etelä-Savo";"Itä-Suomen lääni";"";"";"";"";"+4-4+4-4+2+2+1+2+0-8+3-3+3-3+1+2+2+1+0-5+4-4+4-4+2+2+1+2+0-5+2-2-2-1-2-2+0+5+4-4+4-4+2+2+1+2+0-8+3-3+3-3+1+2+2+1+0-5+4-4+4-4+2+2+1+2+0-5+2-2-2-1-2-2+0+10-1-2-2-1+1+4-2+0-3-4+2+2+1-1-2-7+12+0+3-1-2-2-1+1+4-2+0-3-4+2+2+1-1-2-7+5+0";"ududuuuurdududuuuurdududuuuurdudddddruududuuuurdududuuuurdududuuuurdudddddrudddduudrdduuudddurudddduudrdduuudddur"
"kt1_0330";"Morkotnaa (Ristivalssi)";"Kansantanssit";"Ristikkotansseja";"";"Petter Kailanen/ E. Sivori";"1888";"311";"2/4";"G";"Wiipuri(Viipuri)";"";"Karjalan kannas";"Karjalan, Inkerin, ym. alueet";"";"";"";"";"-3-2+0+3-1+0+3-2-3-3+1+0-1-2+2+1+0+0+4-2+5+2+2+1-1+1-3-2+0-3+0+1-3-3+1+0+0+7-5+5+4+3-2-1-2-2+2+2+1+0+0";"ddrudrudddurdduurruduuuududdrdruddurruduuudddduuurr"
"kt1_0331";"Risti-kontraa";"Kansantanssit";"Ristikkotansseja";"";"Joh. Kiiski/ E. Sivori";"1888";"311";"2/4";"D";"Pielisjärvi";"Kylälahti";"Pohjois-Karjala";"Oulun lääni";"";"";"";"";"-2-1-4+2+2+1-1-2+0-5+0+2+3-3+1+0+0+7-2-1-4+2+2+1-1-2+0-5+0+2+3-3+1+0+0+0+2+2+1+2+0+2+3-5-2-1-4+2-2+2+2-4+0+2+2+1+2+0+2+3-5-2-1-4+2-2+2+2-4";"ddduuuddrdruudurruddduuuddrdruudurrruuuuruudddduduudruuuuruudddduduud"
"kt1_0332";"Risti-kontraa";"Kansantanssit";"Ristikkotansseja";"";"Juho Hänninen/ E. Sivori";"1888";"311";"2/4";"D";"Sortavala";"";"Laatokan Karjala";"Karjalan, Inkerin, ym. alueet";"";"";"";"";"+2+2+1+2+2+1+2-3-2+2+1-1-2-3-4+0+0+2+2+1+2+2+1+2-3-2+2+1-6+1+0-5+2+2+1+2+2+1+2-3-2+2+1-1-2-3-4+0+0+2+2+1+2+2+1+2-3-2+2+1-6+1+0+2+2-2-2-1+3+5+0-8+0+1+0-3+0+2+0-4+2+2+1+2+2-2-2-1+3+5+0-8+0+1+0-3+0-2+0+0+7+2-2-2-1+3+5+0-8+0+1+0-3+0+2+0-4+2+2+1+2+2-2-2-1+3+5+0-8+0+1+0-3+0-2+0+0";"uuuuuuudduuddddrruuuuuuudduudurduuuuuuudduuddddrruuuuuuudduuduruuddduurdrurdrurduuuuuddduurdrurdrdrruuddduurdrurdrurduuuuuddduurdrurdrdrr"
"kt1_0333";"Polska (Soitetaan myös yhteen edelliseen kontraan)";"Kansantanssit";"Ristikkotansseja";"";"Juho Hänninen/ E. Sivori";"1888";"312";"2/4";"D";"Sortavala";"";"Laatokan Karjala";"Karjalan, Inkerin, ym. alueet";"";"";"";"";"-3-4+2+5-3-4+2+5-3-4-1+0+1+7-3-4+2+5-3-4+2+5-3-4-1+0+1+5-1-2-2-1+3-7+12-7+4+1-1-2-2-1+3-7+12-7+5-1-2-2-1+3-7+12-7+4+1-1-2-2-1+3-7+12-7";"dduudduudddruudduudduudddruuddddududuuddddudududdddududuuddddudud"
"kt1_0334";"Paimosen laulu";"Kansantanssit";"Paimensoittoja";"Andante/ Allegretto";"F. V. Illberg";"1866";"315";"2/4 ja 3/4";"d";"Savitaipale";"";"Etelä-Karjala";"Etelä-Suomen lääni";"";"Osa soitetaan sarvella.";"";"";"-2-3+5-2-2-1+8-1+5-2-2-1+1-3+0-2-3+5-2-2-1+8-1+5-2-2-1+1-3-5+7-7+7+5-4+2-2-1+1-3+2-3+1+3+2-2-1+1-3+2-2+0+5-2-1+1-3+2-3+1+3+2-2-1+1-3+2-2";"ddudddududddudrddudddududddudduduududdududuuuddududruddududuuuddudud"
"kt1_0335";"Paimenen torvisoitto ja laulu";"Kansantanssit";"Paimensoittoja";"Andante";"F. V. Illberg";"1866";"315";"2/4";"a ja A";"Kerimäki";"";"Etelä-Savo";"Itä-Suomen lääni";"";"";"";"";"-1+5-2-2-1-2+2+1+4-5-2+3-1+5-2-2-1-2+2+1+4-5-2+4+0-2+2+1-5+4-2-2+2-2+5+0-5+2+1-1-2+2-2-1+3-2";"dudddduuuddududddduuuddurduududdudurduudduddud"
"kt1_0336";"Vanha paimenen-soitto";"Kansantanssit";"Paimensoittoja";"Andante";"F. V. Illberg";"1866";"316";"3/4";"d";"Luumäki, Sääminki(Sääminki)";"";"Etelä-Savo";"Itä-Suomen lääni";"";"Kahdella sarvella.";"";"";"+2+2-4+4+0-5+3-2+0-1+1+2+2-2+2+0-5+3-2-1+1+2+2-4+4+0-5+3-2+0-1+1+2+2-2+2+0-5+3-2-1+1-1-3+0+1+3+2+0-2+0-1+0+1-1-3+0+1+3+2+0-2-1+1-1-3+0+1+3+2+0-2+0-1+0+1-1-3+0+1+3+2+0-2-1";"uudurdudrduuudurdudduuudurdudrduuudurdudduddruuurdrdruddruuurdduddruuurdrdruddruuurdd"
"kt1_0337";"Paimenen huhuileminen";"Kansantanssit";"Paimensoittoja";"Lento";"F. V. Illberg";"1866";"317";"2/4";"d";"Karjala";"";"Karjalan kannas";"Karjalan, Inkerin, ym. alueet";"";"";"";"";"-2-2-1+3-2-1-2+2-2+2+1+0+2-2-1+5-2-2-1+3-2-1-2+2-2+2+1+0+2-2-1";"ddduddduduurudduddduddduduurudd"
"kt1_0338";"Paimenen huhuileminen";"Kansantanssit";"Paimensoittoja";"Andante";"F. V. Illberg";"1866";"317";"2/4";"d";"Karjala";"";"Karjalan kannas";"Karjalan, Inkerin, ym. alueet";"";"";"";"";"+0+5+0-5+5-2-2-1+1-1-2+2+0+5+0-5+5-2-2-1+1-1-2+5-2-1+3-2-1+3-2+2-5+2+3-2-1+3-2-1+3-2+2-5+2";"rurduddduddururduddduddudduddududuudduddududu"
"kt1_0339";"Paimenen soittoa";"Kansantanssit";"Paimensoittoja";"";"Joh. Kiiski/ E. Sivori";"1888";"317";"2/4";"D";"Pielisjärvi";"Kylälahti";"Pohjois-Karjala";"Oulun lääni";"";"muistiinpanijan ikä 67";"";"";"+12-3-9+12-12+5-5+5+4-4+4-2-3+3-2-5+5+2+2+1+2-3+1+2-2-3+3-1+3-12+5+4+0-2+2+1-3+0+3-1+3-12+5+4+0-2+3-3-3+0+3-2";"uddududuududdudduuuuuduuddududuurduudrududuurduddrud"
"kt1_0340";"Paimenen kulku";"Kansantanssit";"Paimensoittoja";"";"Joh. Kiiski/ E. Sivori";"1888";"318";"4/4";"D";"Pielisjärvi";"Kylälahti";"Pohjois-Karjala";"Oulun lääni";"";"muistiinpanijan ikä 67";"";"";"+5+4+0+0+0+0-2-2-1-2-2+0+0+2+2+1+2+3-6+3-2+0+0-5+5+4+0+0+0+0-2-2-1-2-2+0+0+2+2+1+2+3-6+3-2+0+0+0+2+2+1+2+2-2-2-1+3-2-1+3-12+5+4+0-2+3-1-2-2+4-2-2+0+2+2+1+2+2-2-2-1+3-2-1+3-12+5+4+0-2+3-1-2-2+4-2-2";"uurrrrdddddrruuuuududrrduurrrrdddddrruuuuududrrruuuuudddudduduurduddduddruuuuudddudduduurdudddudd"
"kt1_0341";"Sovintoa";"Kansantanssit";"Sovintoa, Ottommia, Hailii, Minuettia, Mustalaisia";"Allegretto";"O. A. J. Carlenius";"1867";"321";"2/4";"G";"Kerimäki";"";"Etelä-Savo";"Itä-Suomen lääni";"";"";"";"";"+3-7-5+5+4-2+0-2+0+4+3-7-5+5+4-2-2+4+3-7-5+5+4-2+0-2+0+4+3-7-5+5+4-2-2-3+3-7-5+5+4-2+0-2+0+4+3-7-5+5+4-2-2";"udduudrdruudduudduudduudrdruudduudddudduudrdruudduudd"
"kt1_0342";"Sovintoa";"Kansantanssit";"Sovintoa, Ottommia, Hailii, Minuettia, Mustalaisia";"Allegretto";"O. A. J. Carlenius";"1869";"321";"2/4";"D";"Sulkava";"";"Inkeri";"Karjalan, Inkerin, ym. alueet";"";"";"";"";"+5+0-2+2-5+5+0-2+2-5+5+0-2+2-3-4+0-1+1+2-2-1-4+9-2-2-1+1+2-2-1-4+9-4+0+2-2-1-4+9-2-2-1+1+2-2-1-4+9-4+0";"urdudurdudurduddrduuddduddduudddudruddduddduudddudr"
"kt1_0343";"Kotterjollia (Sovintoa)";"Kansantanssit";"Sovintoa, Ottommia, Hailii, Minuettia, Mustalaisia";"Moderato";"O. A. J. Carlenius";"1866";"321";"2/4";"G";"Sääminki";"";"Etelä-Savo";"Itä-Suomen lääni";"";"";"Menee d-mollissa.";"";"-8+3+0+2-4+2+9-2+2+1-1-2-7+5+0-8+3+0+2-4+2+9-2+2+1-1-2-2";"duruduuduudddurduruduuduuddd"
"kt1_0344";"Ottommia";"Kansantanssit";"Sovintoa, Ottommia, Hailii, Minuettia, Mustalaisia";"Allegretto";"O. A. J. Carlenius";"1865";"322";"2/4";"D";"Rantasalmi";"";"Etelä-Savo";"Itä-Suomen lääni";"";"";"";"";"+5-1+1+2-7+9-2+2+1-1-2+5-2+4-4-1-2+2-2-2-1+1+2-3+1+0-5+5-1+1+2-7+9-2+2+1-1-2+5-2+4-4-1-2+2-2-2-1+1+2-3+1+0";"uduududuuddududdduddduudurduduududuuddududdduddduudur"
"kt1_0345";"Ottommia";"Kansantanssit";"Sovintoa, Ottommia, Hailii, Minuettia, Mustalaisia";"Allegro";"O. A. J. Carlenius";"1867";"322";"2/4";"D";"Sääminki";"";"Etelä-Savo";"Itä-Suomen lääni";"";"";"";"";"+0+0+2+1-1-2+0+0+2+1-1-2+0+5+0-5+0-2+2+0+0+2+1-1-2+0+0+2+1-1-2+0+5+0-5+0-2-1-2+2+0-2-2+0+5+0-1-2+2+0-2-2+0+5-1-2+2+0-2-2+0+5+0-1-2+2+0-2-2+0+5";"rruuddrruuddrurdrdurruuddrruuddrurdrdddurddrurddurddruddurddrurddurddru"
"kt1_0346";"Hailii";"Kansantanssit";"Sovintoa, Ottommia, Hailii, Minuettia, Mustalaisia";"";"O. A. J. Carlenius";"1868";"322";"2/4";"G";"Kuopio";"";"Pohjois-Savo";"Itä-Suomen lääni";"";"";"";"";"-3+3-3+1+0+0+4+0-2+0+0-2-1+1+2-2-1+1+2-2-1-2-2+0";"dudurrurdrrdduudduuddddr"
"kt1_0347";"Hailii";"Kansantanssit";"Sovintoa, Ottommia, Hailii, Minuettia, Mustalaisia";"Moderato";"O. A. J. Carlenius";"1850";"323";"2/4";"G";"Sulkava";"";"Inkeri";"Karjalan, Inkerin, ym. alueet";"";"";"Menee D-duurissa.";"";"+3+0-2+4-2-2-3+2-4+2-2+4+3+0-2+4-2-2-3+2-4+2-2+2-2-1-2-2+0+10-1-2-2-5+0+10-3+2-4+2-2";"urdudddududuurdudddudududdddruddddrududud"
"kt1_0348";"Minuettia";"Kansantanssit";"Sovintoa, Ottommia, Hailii, Minuettia, Mustalaisia";"Tempo di marcia";"O. A. J. Carlenius";"1830";"323";"3/4 ja 2/4";"C";"Kokkola";"";"Keski-Pohjanmaa";"Länsi-Suomen lääni";"";"Tanssittiin Kokkolassa viimeisiä kertoja noin vuonna 1830.";"";"";"-2+2+0-4+4-2-2-1-2-2+5-1+1+4-2-2-1-2-2-1+1+2+2+1+0-3-3-4+2+2+3-2+2+2-2-2-1+3+3+0-3-3-4+2+2+1+5-1+1+0-1+1+4-2-2-1-2-2-1+1+2+2+1+0-3-3-4+2+2+3-2";"durduddddduduudddddduuuurddduuuduuddduurddduuuudurduudddddduuuurddduuud"
"kt1_0349";"Minuettia";"Kansantanssit";"Sovintoa, Ottommia, Hailii, Minuettia, Mustalaisia";"";"O. A. J. Carlenius";"1869";"324";"2/4 ja 3/4";"G";"Kokkola";"";"Keski-Pohjanmaa";"Länsi-Suomen lääni";"";"";"";"";"+5+4+0-4-1+1-5-3-4+12+0-1-2-4+4+3-1-4+4+3+0-2-5+5+4+0-4-1+1-5-3-4+12+0-1-2-4+4+3-1-4+4+3+0-2-5+5+4+0-4+4+0-4-5+4+3+0+0+0+0-3-4+5+4+0-4+4+0-4-5+4+3+0+0+0+0-3+1+0-1-2-4+4+3-1-4+4+3+0-2";"uurddudddurddduudduurdduurddudddurddduudduurdduurdurdduurrrrdduurdurdduurrrrdurddduudduurd"
"kt1_0350";"Mustalaista";"Kansantanssit";"Sovintoa, Ottommia, Hailii, Minuettia, Mustalaisia";"Larghetto";"O. A. J. Carlenius";"1845";"324";"2/4";"Bb";"Heinävesi";"";"Etelä-Savo";"Itä-Suomen lääni";"";"";"Menee c-mollissa.";"";"+0+0+1-1-2-1+1+2+0+0+1-1-2-1+1+2+1+2+2-2+0-3+1-1+0-4+2+2+0+0+1-1-2-1+1+2+0+0+1-1-2-1+1+2+1+2+2-2+0-3+1-1+0-4+2";"rruddduurruddduuuuudrdudrduurruddduurruddduuuuudrdudrdu"
"kt1_0351";"Mustalaista";"Kansantanssit";"Sovintoa, Ottommia, Hailii, Minuettia, Mustalaisia";"";"O. A. J. Carlenius";"1869";"325";"2/4";"D";"Pirkkala";"";"Pirkanmaa";"Länsi-Suomen lääni";"";"";"";"";"+12+0-2-10+10+0-1+0-2+0-2-1+1+2-3+1-5+0+12+0-2-10+10+0-1+0-2+0-2-1+1+2-3+1+4-4+4-4+2-2-1-2+2+1+4-2-3+1-3-2+9-4+4-4+2-2-1-2+2+1+4-2-3+1-3-2";"urddurdrdrdduududrurddurdrdrdduuduudududdduuudduddudududdduuuddudd"
"kt1_0352";"Mustalaista";"Kansantanssit";"Sovintoa, Ottommia, Hailii, Minuettia, Mustalaisia";"";"I. J. Inberg";"1857";"325";"2/4";"D";"Akaa";"";"Pirkanmaa";"Länsi-Suomen lääni";"";"";"";"";"+5+0-1-4+5+0-1-4+5+0-1+1+2-3-4+0+5+0-1-4+5+0-1-4+5+0-1+1+2-3-4+7+2+1+0-1-2-2-1+1+0-5+0+2+2+1+0+2+2+1+0-1-2-2-1+1+0-5+0+2+2+1+0";"urddurddurduuddrurddurddurduudduuurddddurdruuuruuurddddurdruuur"
"kt1_0353";"Mustalais-polska";"Kansantanssit";"Sovintoa, Ottommia, Hailii, Minuettia, Mustalaisia";"";"H. A. Reinholm";"1848";"325";"2/4";"d";"Karkku";"";"Satakunta";"Länsi-Suomen lääni";"";"";"";"";"+5-4+2-3+1+4-2-2-1+1-3+2-3-4+5+2+5-4+2-3+1+4-2-2-1+1-3+2-3-4+5+3-3+2-3-4+2+2+1+2+1-3+3-1-3-4+5+3-3+2-3-4+2+2+1+2+1-3+3-1-3-4+5";"ududuudddududduuududuudddududduududduuuuududdduududduuuuududddu"
"kt1_0354";"Hempua";"Kansantanssit";"Sovintoa, Ottommia, Hailii, Minuettia, Mustalaisia";"Allegro";"Tuomas Glödstaf/ K. V. Hanel";"1876";"326";"2/4";"G";"Puumala";"";"Etelä-Savo";"Itä-Suomen lääni";"";"";"";"";"-1-2+2+1+2-3-4+4+1-1-2+2+1";"dduuudduudduu"
"kt1_0355";"Hempua";"Kansantanssit";"Sovintoa, Ottommia, Hailii, Minuettia, Mustalaisia";"";"Kaapo Tanninen/ K. V. Hanel";"1876";"326";"2/4";"G";"Rantasalmi";"";"Etelä-Savo";"Itä-Suomen lääni";"";"";"";"";"+0+0+0+0+2-2+0-3-4+2+2+1-1-2+2+1-5+0+0+0+0+0+0+2-2+0-3-4+2+2+1-1+1-3+2+1-5+0";"rrrrudrdduuudduudrrrrrrudrdduuududuudr"
"kt1_0356";"Nätin likan hempua";"Kansantanssit";"Sovintoa, Ottommia, Hailii, Minuettia, Mustalaisia";"Allegretto";"O. A. J. Carlenius";"1867";"327";"2/4";"D";"Sääminki";"";"Etelä-Savo";"Itä-Suomen lääni";"";"";"";"";"+0+0+0-1+1-3-2+0+5+0+0+2+0+2-2-2+0+0+0-1+1-3-2+0+4+0+0-2+0-2+0-2+0+0+0+0+0-3-2+0+5+0+0+2+0+2-2-2+0+0+0+0+0-3-2+0+4+0+0-2+0-2+0";"rrrduddrurruruddrrrduddrurrdrdrdrrrrrddrurruruddrrrrrddrurrdrdr"
"kt1_0357";"Nätin likan hempua";"Kansantanssit";"Sovintoa, Ottommia, Hailii, Minuettia, Mustalaisia";"Allegretto";"O. A. J. Carlenius";"1867";"327";"2/4";"G";"Sulkava";"";"Inkeri";"Karjalan, Inkerin, ym. alueet";"";"";"";"";"+5+0+0+0-2-1-2+0+2+1+0-1+0-2+0+7+5+0+0+2+0-7+0+2+1+0-1+0-2+0";"urrrdddruurdrdruurrurdruurdrdr"
"kt1_0358";"Varpuista";"Kansantanssit";"Sovintoa, Ottommia, Hailii, Minuettia, Mustalaisia";"Allegretto";"O. A. J. Carlenius";"1845";"327";"2/4";"D";"Sulkava";"";"Inkeri";"Karjalan, Inkerin, ym. alueet";"";"";"";"";"+0+0-3-4+4+1+0+0-3-3+3+2+0-2-3-4+4+3-2+0+7+0+0-3-4+4+1+0+0-3-3+3+2+0-2-3-4+4+3-2+0+5+0-3+3-1+3-7+4+1-3+0-3-4+4+3-2+0+2+2+1+0-3+3-1+3-7+4+1-3+0-3-4+4+3-2+0";"rrdduurrdduurddduudrurrdduurrdduurddduudrurdududuudrdduudruuurdududuudrdduudr"
"kt1_0359";"Varpuista";"Kansantanssit";"Sovintoa, Ottommia, Hailii, Minuettia, Mustalaisia";"Larghetto";"O. A. J. Carlenius";"1869";"328";"2/4";"d";"Sulkava";"";"Inkeri";"Karjalan, Inkerin, ym. alueet";"";"";"";"";"+0+7-2+3-1-2-3+1-3+3-1-2+0+0+7-2+3-1-2-3+1-3+3-1-2+2+1-1-2-2-3+8-3+0+3-1+1-1-2-2-3+8-3+0+2+1-1-2-2-3+8-3+0+3-1+1-1-2-2-3+8-3+0";"rududddududdrrududddududduuddddudrududdddudruuddddudrududdddudr"
"kt1_0360";"Varpunen";"Kansantanssit";"Sovintoa, Ottommia, Hailii, Minuettia, Mustalaisia";"";"Joh. Kiiski/ E. Sivori";"1888";"328";"3/4 ja 2/4";"D";"Pielisjärvi";"Kylälahti";"Pohjois-Karjala";"Oulun lääni";"";"";"";"";"+5+0-1+1+2+0-7+9-2+2+1+2-2-1-2-2+4-2+2+3-2-1-2-7+4+1+7-3+3+0-2+0+0-3+2+1+0-3+2+1+2-3+1+2+0-2+0+0-3+2+1+0-1-2-2-1+1+2+2-2-3-4+9-2+2+1+2-2-1-2-2+4-2+2-9+4+1";"urduurduduuudddduduudddduuudurdrrduurduuuduurdrrduurdddduuuddduduuuddddududuu"
"kt1_0361";"Kaakkuria";"Kansantanssit";"Kaakkuria, Vanhaa piikaa, Kopukkaa, Kellonsoittoa";"Andante";"O. A. J. Carlenius";"1869";"331";"2/4";"G";"Oulu";"";"Pohjois-Pohjanmaa";"Oulun lääni";"";"";"";"";"+5+4-9+5+4+0-2-2+2+5-12+5+4-9+5+4+0-2-2+2+5-12+5+4-9+5+4+0-2-2+2+5-12+5+4-9+5+4+0-2-2+2+5";"uuduurdduuduuduurdduuduuduurdduuduuduurdduu"
"kt1_0362";"Kaakkuria";"Kansantanssit";"Kaakkuria, Vanhaa piikaa, Kopukkaa, Kellonsoittoa";"";"I. J. Inberg";"1857";"331";"2/4";"G";"Hämeenlinna";"";"Kanta-Häme";"Etelä-Suomen lääni";"";"Tätä tanssia paikoin nimitetään Tanttuliksi.";"";"";"+4+3-7+4+3+0-2-1+1-3+0-7+4+3-7+4+3+3-1-2+2-4+0+0+4+3-7+4+3+0-2-1+1-3+0-7+4+3-7+4+3+3-1-2+2-4+0+0+4+1+2+2+2+1-3-4+4+0-2-2-1+3-2-1-2-2+0+0+0+0+4+1+2+2+2+1-3-4+4+0-2-2-1+3-2-1-2-2+0+0+0";"uuduurddudrduuduuuddudrruuduurddudrduuduuuddudrruuuuuuddurddduddddrrrruuuuuuddurddduddddrrr"
"kt1_0363";"Vanhaa piikaa";"Kansantanssit";"Kaakkuria, Vanhaa piikaa, Kopukkaa, Kellonsoittoa";"";"I. J. Inberg";"1857";"331";"2/4";"d ja D";"Kalvoola(Kalvola)";"";"Kanta-Häme";"Etelä-Suomen lääni";"";"";"";"";"-5+1+2+2-4-1+5-5+1+2+2-4-1+1-3+0-1+1+2+1-1-2-1-4+8-3+0-1+1+2+1-1-2-1-4";"duuudduduuuddudrduuuddddudrduuudddd"
"kt1_0364";"Vanhaa piikaa";"Kansantanssit";"Kaakkuria, Vanhaa piikaa, Kopukkaa, Kellonsoittoa";"Grave/ Allegretto";"O. A. J. Carlenius";"1869";"332";"2/4";"a ja A";"Sääksmäki";"";"Pirkanmaa";"Länsi-Suomen lääni";"";"";"";"";"-2-2-1+3-2-1+1+2-2-1-2-1+1+3-1+1-1-2-1-4+8+2-2-1-2-1+1+3-1+1-1-2-1-4+12+0-5+0+3-2+0-1-7+8+2-2-1-2-1+1+3-1+1-1-2-1-4";"dddudduudddduududddduudddduududdddurdrudrdduudddduududddd"
"kt1_0365";"Vanhaa poikaa";"Kansantanssit";"Kaakkuria, Vanhaa piikaa, Kopukkaa, Kellonsoittoa";"";"V. L. Pääkkönen/ K. V. Hanel";"1876";"332";"2/4";"a";"Hankasalmi";"";"Keski-Suomi";"Länsi-Suomen lääni";"";"";"";"";"+0+3+0+2+0+2+0+3+0+2-2-2-1+1-1-7+0+3+0+2+0+2+0+3+0+2-2-2-1+1-1+0+1-1-2+2-2-2+2-2-1-2+0+2+1+0-1-3+1+0+7+1-1-2+2-2-2+2-2-1-2+0+2+1+0-1-3+1+0";"rururururuddduddrururururudddudrudduddudddruurdduruudduddudddruurddur"
"kt1_0366";"Kopukkata";"Kansantanssit";"Kaakkuria, Vanhaa piikaa, Kopukkaa, Kellonsoittoa";"";"Tuomas Glödstaf/ K. V. Hanel";"1876";"332";"2/4";"D";"Puumala";"";"Etelä-Savo";"Itä-Suomen lääni";"";"";"";"";"+0+4+0-2-3-4+10+0+4+0";"rurdddurur"
"kt1_0367";"Kopposta";"Kansantanssit";"Kaakkuria, Vanhaa piikaa, Kopukkaa, Kellonsoittoa";"";"I. J. Inberg";"1857";"333";"2/4";"G";"Hausjärvi";"";"Kanta-Häme";"Etelä-Suomen lääni";"";"";"";"";"+5-1-2+2+1+2+2-2+2+2+1+0+2-2-1-2+0-2-7+5-1-2+2+1+2+2-2+2+2+1+0+2-2-1-2+0-2+0-2-1+1-3+2+1+2-2-1-4+2+2+1-1-2-3+1+0+7-2-1+1-3+2+1+2-2-1-4+2+2+1-1-2-3+1+0";"udduuuuduuurudddrddudduuuuduuurudddrdrdduduuuddduuudddurudduduuuddduuudddur"
"kt1_0368";"Kopukkaa";"Kansantanssit";"Kaakkuria, Vanhaa piikaa, Kopukkaa, Kellonsoittoa";"Hyvin nopeasti";"J. Paasonen/ E. Sivori";"1888";"333";"2/4";"D";"Mäntyharju";"";"Etelä-Savo";"Itä-Suomen lääni";"";"";"";"";"+2+2+1-1-4+2+5-2-1-4+0+2+2+1-1-4+2+5-2-1-4+2+2+1-1-4+2+5-2-1-4+0+2+2+1-1-4+2+5-2-1-2+2-2-2-1+1-1-2-2+2+2-4+5+4-2+2-2-2-1+1-1-2-2+2+2-4+5+2+2-2-2-1+1-1-2-2+2+2-4+5+4-2+2-2-2-1+1-1-2-2+2+2-4+5";"uuudduudddruuudduuddduuudduudddruuudduuddduddduddduuduududdduddduuduuuddduddduuduududdduddduudu"
"kt1_0369";"Kopukkaa";"Kansantanssit";"Kaakkuria, Vanhaa piikaa, Kopukkaa, Kellonsoittoa";"";"Risto Tikka/ E. Sivori";"1888";"334";"2/4";"D";"Ristiina";"";"Etelä-Savo";"Itä-Suomen lääni";"";"";"";"";"+0+2+2+1+2+2-4+4-2-2-3-2-3+1+2+0+2+2+1+2+2-4+4-2-2-3-2+0+7+0+0+0+0+0-3-4+0+12+0+0+0+0+0-3-4+0+2+0+0+0+0+0-3-4+0+12+0+0+0+0+0-3-4+2";"ruuuuududdddduuruuuuududdddrurrrrrddrurrrrrddrurrrrrddrurrrrrddu"
"kt1_0370";"Kopukkaa";"Kansantanssit";"Kaakkuria, Vanhaa piikaa, Kopukkaa, Kellonsoittoa";"";"E. Seppänen/ E. Sivori";"1888";"334";"2/4";"A";"Ristiina";"";"Etelä-Savo";"Itä-Suomen lääni";"";"";"";"";"+0+1-1-2-2-1-2+0+7+0+0+4-4+0";"rudddddrurrudr"
"kt1_0371";"Valamon kellot";"Kansantanssit";"Kaakkuria, Vanhaa piikaa, Kopukkaa, Kellonsoittoa";"";"Helena Toivanen/ E. Sivori";"1888";"335";"2/4";"D";"Pielisjärvi";"";"Pohjois-Karjala";"Oulun lääni";"";"muistiinpanijan ikä 19";"";"";"-2+5-1-4+4-2-2+5-1-4+4-2-2+4-2+2-4+4-2+2-4+4-2+2-4+4-2-2+4-2-2+4-2+2-4+4-2+2-2+5-12+12-12+12-12+12-12+12-3+1+2-3+1+2-3+1+2-3+1+2-2-1+1+2-2-1+1+2-2-1+1+2-2-1+1-3-7+7-7+7-7+7-7+9-2-2+4-2-2+2-2";"dudduddudduddudududududududduddudududududududududuuduuduuduudduudduudduudduddududududduddud"
"kt1_0372";"Rauman kirkon-rakennus-soitto";"Kansantanssit";"Kaakkuria, Vanhaa piikaa, Kopukkaa, Kellonsoittoa";"";"Joh. Kiiski/ E. Sivori";"1888";"336";"2/4";"D";"Pielisjärvi";"Kylälahti";"Pohjois-Karjala";"Oulun lääni";"";"";"";"";"+0+5+0-1+1+2-2+2-2+2+0+2-2+2-2-2-1-2+2-4+9-2+2-4+0+4-2+2+1+2-3-2-2+0-1+1+2-3+3-2";"rurduududurududdddudududruduuudddrduudud"
"kt1_0373";"Sappua";"Kansantanssit";"Kaakkuria, Vanhaa piikaa, Kopukkaa, Kellonsoittoa";"";"J. Viskari/ E. Sivori";"1888";"336";"2/4";"G";"Räisälä";"";"Karjalan kannas";"Karjalan, Inkerin, ym. alueet";"";"";"";"";"+4+3+0+2-2-2-1-2-2+0-1-4+2+2+1-5-3+3+5+4+3+0+2-2-2-1-2-2+0-1-4+2+2+1+0+5-1-2+2+1-1-2-2-1+3+0+3+4-2-2-1-2+2+1-1-2-2+0-1-4+2+2+1+0";"uurudddddrdduuudduuuurudddddrdduuurudduudddduruudddduudddrdduuur"
"kt1_0374";"Sappoa";"Kansantanssit";"Kaakkuria, Vanhaa piikaa, Kopukkaa, Kellonsoittoa";"";"Eero Saarelainen/ E. Sivori";"1888";"337";"2/4";"F";"Jääski(Jaaski)";"Niemenkylä";"Karjalan kannas";"Karjalan, Inkerin, ym. alueet";"";"muistiinpanijan ikä 19";"";"";"-4+2+2+1-1-2-2-1+3+2+1+2+2-2-3-4+2+2+1-1-2-2-1-4+2+2+1+0+7+2+2+1+2-3-4+4+1-1-2-3+1-3-2+5+2+2+1+2+2-7+3-1-2-2-1+1+0";"duuudddduuuuuddduuuddddduuuruuuuudduudddudduuuuuududdddur"
"kt1_0375";"Haarasappua";"Kansantanssit";"Kaakkuria, Vanhaa piikaa, Kopukkaa, Kellonsoittoa";"";"Hanna Hahl";"";"337";"2/4";"F";"Rautu";"";"Karjalan kannas";"Karjalan, Inkerin, ym. alueet";"";"";"";"";"+4+1+2+0-2-1+0-2-2-1+3+2+1+0-1-2+0-2+0+4+1+2+0-2-1+0-2-2-1+3+2+1+0-1-2+0-2+0-3-4+4+0-2-3+3+0-2-3+3+0-1+0+8-3-4+4+0-2-3+3+0-2-3+3+0-1+0";"uuurddrddduuurddrdruuurddrddduuurddrdrddurddurddurdruddurddurddurdr"
"kt1_0376";"Melkutusta";"Kansantanssit";"Melkutusta, Hapanlohkoa, Pirun polskaa ja Sotissia";"Moderato";"O. A. J. Carlenius";"1835";"341";"2/4";"D";"Pieksämäki";"";"Etelä-Savo";"Itä-Suomen lääni";"";"";"";"";"+5-2-1-4-1+3-2+4-2+5-2-1-4-1+3-2+2+5-2-1-4-1+3-2+4-2+5-2-1-4-1+3-2";"uddddudududddduduuddddudududdddud"
"kt1_0377";"Melkutusta (Vanha tanssi)";"Kansantanssit";"Melkutusta, Hapanlohkoa, Pirun polskaa ja Sotissia";"Allegretto";"F. V. Illberg";"1866";"341";"2/4";"D";"Parikkala";"";"Etelä-Karjala";"Etelä-Suomen lääni";"";"";"";"";"+0+0+0-3+1+4+1+2-3+1-3+0+0-3+1+4-4+2+0+0+0-3+1+4+1+2-3+1-3+0+0-3+1+4-4+5+0+0-1+0-2-2-1-2-2+7+0+5-2-1-2-2+5+0+0-1+0-2-2-1-2-2+7+0+5-2-1-2-2";"rrrduuuududrrduudurrrduuuududrrduudurrdrddddduruddddurrdrdddddurudddd"
"kt1_0378";"Melkutusta (Vanha tanssi)";"Kansantanssit";"Melkutusta, Hapanlohkoa, Pirun polskaa ja Sotissia";"Allegretto";"F. V. Illberg";"1866";"341";"2/4";"D";"Sulkava";"";"Inkeri";"Karjalan, Inkerin, ym. alueet";"";"";"";"";"-2-1-4+9-4+0+4-2+2-2-2-1-4+9-4+0+2-2-1-4+9-4+0+4-2+2-2-2-1-4+9-4+0-5-2-1-4+9-4+0+4-2+2-2-2-1-4+9-4+0+2-2-1-4+9-4+0+4-2+2-2-2-1-4+9-4+0";"dddudrududdddudrudddudrududdddudrddddudrududdddudrudddudrududdddudr"
"kt1_0379";"Hapainlohko (Vanha häätanssi)";"Kansantanssit";"Melkutusta, Hapanlohkoa, Pirun polskaa ja Sotissia";"Allegretto";"F. V. Illberg";"1866";"342";"2/4";"C";"Walkeala(Valkeala)";"";"Kymenlaakso";"Etelä-Suomen lääni";"";"";"";"";"+2+1-1-2+2+1+2-3-2+2+1-1-2+2-4+2+2+1-1-2+2+1+2-3-2+2+1-1-2+2-4+2-2-1-4+5+2+2-4+2+2+1-1-2+2-4+2-2-1-4+5+2+2-4+2+2+1-1-2+5-7";"uudduuudduudduduuudduuudduuddududdduuuduuuddududdduuuduuuddud"
"kt1_0380";"Hapan-lohkoja";"Kansantanssit";"Melkutusta, Hapanlohkoa, Pirun polskaa ja Sotissia";"Moderato";"O. A. J. Carlenius";"1835";"342";"2/4";"A";"Pieksämäki";"";"Etelä-Savo";"Itä-Suomen lääni";"";"";"";"";"+0+5+0-1+1+2-5+2+1+2-2-1-4+0+0+5+0-1+1+2-5+2+1+2-2-1-4+4+0-2-2+2+2-4+0-1-2-2+2+2+3-2+4+0-2-2+2+2-4+0-1-2-2+2+2+3-2";"rurduuduuudddrrurduuduuudddurdduudrddduuudurdduudrddduuud"
"kt1_0381";"Pirun polska (piru ja juomari)";"Kansantanssit";"Melkutusta, Hapanlohkoa, Pirun polskaa ja Sotissia";"Moderato";"O. A. J. Carlenius";"1869";"342";"2/4 ja 3/4";"a";"Rantasalmi";"";"Etelä-Savo";"Itä-Suomen lääni";"";"Piru houkuttelee, ottavat ryypyn, Ryyppääjä ottaa viulunsa, soittaa, manaa hittoa omalla houkutuksella´nsa, piru lausuu: ""missä lakkini"" ja pakenee tietymättömiin.";"";"";"+2+1+0+2-2-1-2+3-1-2-1+1-5+5-5+5-5+5+2+1+0+2-2-1-2+3-1-2-1+1+0+0+2+1+0+2-2-1-2+3-1-2-1+1-5+5-5+5-5+5+2+1+0+2-2-1-2+3-1-2-1+1+0+0+7-7+7-7+7-7+7+0+5-5-2-1+3+5-12+5+3-3-5+5+3-3-5+5+3-8+3+4-4-3+3+4-4-3+3+4-2-2-1-2+3-1-2-1+1+0+0+5+3-3-5+5+3-3-5+5+3-8+3+4-4-3+3+4-4-3+3+4-2-2-1-2+3-1-2-1+1+0+0+2+1+0+2-2-1-2+3-1-2-1+1-5+5+2+1+0+2-2-1-2+3-1-2-1+1+0+0+2+1+0+2-2-1-2+3-1-2-1+1-5+5+2+1+0+2-2-1-2+3-1-2-1+1+0+7+1+2+0+2-2-2-1+3-2-1-1+1-5+5+1+2+0+2-2-2-1+3-2-1-1+1+0-7+2+1+0+2-2-1-2+3-1-2-1+1-5+5+2+1+0+2-2-1-2+3-1-2-1+1+0";"uurudddudddudududuuurudddudddurruurudddudddudududuuurudddudddurrudududuruddduuduudduudduuduudduudduuddddudddurruudduudduuduudduudduuddddudddurruuruddduddduduuurudddudddurruuruddduddduduuuruddduddduruuuruddduddduduuurudddudddurduuruddduddduduuurudddudddur"
"kt1_0382";"Pirun polska";"Kansantanssit";"Melkutusta, Hapanlohkoa, Pirun polskaa ja Sotissia";"Allegretto/ Allegro";"F. V. Illberg";"1866";"344";"2/4";"F";"Vehkalahti";"Summa";"Kymenlaakso";"Etelä-Suomen lääni";"";"";"";"";"-5+5+4-4+4-2+3-6+3-2-5+5-5+5+4-4+4-2+3-6+3-2+0-5+5+4-4+4-2+3-6+3-2-5+5-5+5+4-4+4-2+3-6+3-2-3+2+1-3+3-1+5+0-2-2-1-2+2+1-3+3+0-1-2+2-2+0+2+1-3+3-1+5+0-2-2-1-2+2+1-3+3+0-1-2+2-2";"duududududduduududududrduududududduduududududduududurdddduudurddudruududurdddduudurddud"
"kt1_0383";"Polska";"Kansantanssit";"Melkutusta, Hapanlohkoa, Pirun polskaa ja Sotissia";"Allegro";"P. Salonius";"1870";"344";"2/4 ja 3/4";"D";"Multia";"";"Keski-Suomi";"Länsi-Suomen lääni";"";"Tämän polskan ensimmäisen repriisin lauloi mies metsässä, vaan kun miehen sepitysvoimat yhtämittaa toista repriisiä valmistaneet, niin laski piru toisen.";"";"";"+5+0+0-10+2+1+2-2-1+1+2+2+0+2+0+0+1+0+0-10+2+1+2-1+1+2+0-2+0-7+2+2+1-1+1+2-2-1-4+2+2+1+0-3+2-4-1+1+2-3+1+2+2+1-1+1+2-2-1-4+2+2+1+0-3+2-4-1+1+2+2+1+2+2-7+3-1+3-5-3+3-3+3-2+0+0+2+2+1-1+1+2-2-1-4+2+2+1+0-3+2-4-1+1+2-3+1+2+2+1-1+1+2-2-1-4+2+2+1+0-3+2-4-1+1+2+2+1+2+2-7+3-1+3-5-3+3-3+3-2+0";"urrduuudduuururrurrduuuduurdrduuuduuddduuurdudduuduuuuduuddduuurdudduuuuuudududdududrruuuduuddduuurdudduuduuuuduuddduuurdudduuuuuudududdududr"
"kt1_0384";"Soteista";"Kansantanssit";"Melkutusta, Hapanlohkoa, Pirun polskaa ja Sotissia";"Andante";"P. Salonius";"1870";"345";"2/4";"C";"Parkano";"";"Pirkanmaa";"Länsi-Suomen lääni";"";"";"";"";"-4+0-1+3-2-1-2+0-2+10-1-2-2+2+2+1-1-2+2-4+4-4+0-1+3-2-1-2+0-2+10-1+1+4-2-8+3-2-5+5+0+4-9+4+0+3+3-1-2-2+9-2-2-1-4-5+5+0+4-9+4+0+3+3-1+1+4-2-8+3-2";"drdudddrduddduuuddududrdudddrduduuddudduruduruuddduddddduruduruuduuddud"
"kt1_0385";"Sotsi";"Kansantanssit";"Melkutusta, Hapanlohkoa, Pirun polskaa ja Sotissia";"";"P. Salonius";"1870";"345";"2/4";"G";"-()";"";"";"";"";"";"";"";"+4+3-7+4+3+5-1-2-7+2+1-3+2+1+4-2-3-4+4+3-7+4+3+5-1-2-7+2+1-1+1+2+2+2+1+0+0-12+4+3-7+4+3+5-1-2-7+2+1-3+2+1+4-2-3-4+4+3-7+4+3+5-1-2-7+2+1-1+1+2+2+2+1+0+0-3+3-1+1+2-2-1-2-2-3-4+0+4+3-2-3+0+3+4-2-3+1+4+3-1+1+2-2-1-2-2-3-4+0+4+3-2-3+0+2-4+0+0+9+3-1+1+2-2-1-2-2-3-4+0+4+3-2-3+0+3+4-2-3+1+4+3-1+1+2-2-1-2-2-3-4+0+4+3-2-3+0+2-4+0+0";"uuduuuddduuduuuddduuduuuddduuduuuuurrduuduuuddduuduuuddduuduuuddduuduuuuurrduduuddddddruuddruudduuuduuddddddruuddrudrruuduuddddddruuddruudduuuduuddddddruuddrudrr"
"kt1_0386";"Soskaa";"Kansantanssit";"Melkutusta, Hapanlohkoa, Pirun polskaa ja Sotissia";"Andante";"E. Kianstén/ K. V. Hanel";"1876";"346";"2/4";"G";"Puumala";"";"Etelä-Savo";"Itä-Suomen lääni";"";"";"";"";"-1-4+0+2+2+1-1-2+3-1-2-2+0-1+3-3-4+10-1-2-2+2+2+1-1-2+3-1-9+2+2+1+4+3-7+2+2+1+4-7+2+3-7+4-2-2-1-2-2+9+3-7+2+2+1+4-7+3-1-9+2+2+1";"ddruuuddudddrdudduddduuuddudduuuuuduuuuduududdddduuduuuududduuu"
"kt1_0387";"Soskaa";"Kansantanssit";"Melkutusta, Hapanlohkoa, Pirun polskaa ja Sotissia";"";"A. Leppä/ E. Sivori";"1888";"346";"2/4";"D";"Mäntyharju";"";"Etelä-Savo";"Itä-Suomen lääni";"";"";"";"";"+5+0+2+3-1+3-2-1-2-2-1-2+0-2+0+0+5+4-2+3-1+3-2-1-2-2-1-2-2+0+0+5+0+2+3-1+3-2-1-2-2-1-2+0-2+0+0+5+4-2+3-1+3-2-1-2-2-1-2-2+0+0+2+2+1-8+1+2+2-2-2-1-2+2+1+2+0+0+2+2+1-8+1+2+2-2-2-1-2+5-7+0";"uruududdddddrdrruudududddddddrruruududdddddrdrruudududddddddrruuuduuudddduuurruuuduuuddddudr"
"kt1_0388";"Soskaa";"Kansantanssit";"Melkutusta, Hapanlohkoa, Pirun polskaa ja Sotissia";"";"P. Kailanen/ E. Sivori";"1888";"347";"2/4";"G";"Wiipuri(Viipuri)";"";"Karjalan kannas";"Karjalan, Inkerin, ym. alueet";"";"";"";"";"-4+4-4+4+3-2-1+0+3-2-1-2-3+3-3+3+3-1-2+0+3-1-2+2-4+4-4+4+3-2-1+0+3-2-1-2-3+3-3+3+3-1-2-2+7-2-1-4+0+2+2+1+2+5+0-3-2-2-3+0+2+1-3-2+7+0+0-2-1-4+0+2+2+1+2+5+0-1-2-2-2-1-2+7-2-7+0+0";"duduuddrudddduduuddruddududuuddrudddduduudddudddruuuuurddddruuddurrdddruuuuurdddddduddrr"
"kt1_0389";"Laukaata";"Kansantanssit";"Laukkaata, Pilkutusta ja Vappua";"Allegretto";"O. A. J. Carlenius";"1867";"351";"2/4";"D";"Rantasalmi";"";"Etelä-Savo";"Itä-Suomen lääni";"";"";"";"";"+5+4-2-2-1-2-2+0+0+0+4+3+3-3-7+5+4-2-2-1-2-2+0+0+0+4+3+3-3+3+0+4+0-2+0-3-2+2+1+0-6+0+1+0+5+0+4+0-2+0-3-2+2+1+0-6+0+1+0";"uudddddrrruuudduudddddrrruuudururdrdduurdrurururdrdduurdrur"
"kt1_0390";"Laukaata";"Kansantanssit";"Laukkaata, Pilkutusta ja Vappua";"Moderato";"O. A. J. Carlenius";"1867";"351";"2/4";"D";"Rantasalmi";"";"Etelä-Savo";"Itä-Suomen lääni";"";"";"";"";"+5-8+3-2-3+0+5+5-1-2+2+1+0+0-5+5-8+3-2-3+0+5+5-1-2+2+1+0+0+7+2-2-2+2-2+0-1-2+2-4+2-2-1-2+2+1+0+0+7+2-2-2+2-2+0-1-2+2-4+2-2-1-2+2+1+0+0";"ududdruudduurrdududdruudduurruuddudrddududdduurruuddudrddududdduurr"
"kt1_0391";"Laukaan polska";"Kansantanssit";"Laukkaata, Pilkutusta ja Vappua";"";"Kaapo Tanninen/ K. V. Hanel";"1876";"351";"2/4";"D";"Rantasalmi";"";"Etelä-Savo";"Itä-Suomen lääni";"";"";"";"";"+10-1-2-2-3+0-2+0+0+0+0+9+1-3-7+10-1-2-2-3+0-2+0+0+0+0+9+1-3+0+2+1+2+2+0-2+0-5+0+2+1+0-10+2+2+1+0+2+2+1+2+2+0-2+0-5+0+2+1+0-10+2+2+1+0";"uddddrdrrrruudduddddrdrrrruudruuuurdrdruurduuuruuuuurdrdruurduuur"
"kt1_0392";"Laukkaalaista";"Kansantanssit";"Laukkaata, Pilkutusta ja Vappua";"Allegretto";"F. V. Illberg";"1866";"352";"2/4";"D";"Juva";"";"Etelä-Savo";"Itä-Suomen lääni";"";"";"";"";"+5+4-2-2-1-2-2+0+5+2-2+2+2+1-3-7+5+4-2-2-1-2-2+0+5+2-2+2+2+1-3+3+2+2+0-2+0-3+0+1+0-3+0-2+0+5+2+2+0-2+0-3+0+1+0-3+0-2+0";"uudddddruuduuudduudddddruuduuuduuurdrdrurdrdruuurdrdrurdrdr"
"kt1_0393";"Pilkutinta (Vanha tanssi)";"Kansantanssit";"Laukkaata, Pilkutusta ja Vappua";"Allegretto";"F. V. Illberg";"1866";"352";"2/4";"d";"Iitti";"";"Kymenlaakso";"Etelä-Suomen lääni";"";"";"";"";"-1-3+1+3-1-3+1+2+1-1+1+2+2-5+1-1-3+1+3-1-3+1+2+1-1+1+2+2-5+0+5-5+3-2-1-2+0+2-2-1+0+1+0+2+5-5+3-2-1-2+0+2-2-1+0+1+0";"dduudduuuduuududduudduuuduuudrududddruddruruududddruddrur"
"kt1_0394";"Pilkistystä (Vanha tanssi)";"Kansantanssit";"Laukkaata, Pilkutusta ja Vappua";"Allegretto/ Allegro";"F. V. Illberg";"1866";"352";"2/4";"F";"Walkeala, Juva(Valkeala)";"";"Kymenlaakso";"Etelä-Suomen lääni";"";"";"";"";"+0+2+2+0+1+2+0+0+5-12+0+2+2+1+2+0-7+0+2+2+0+1+2+0+0+5-12+0+2+2+1+2+0+0+4+3-2-1+1+0+4-2-2-1-4+7-2-1+1+0-5+4+3-2-1+1+0+4-2-2-1-4+7-2-1+1+0";"ruuruurrudruuuurdruuruurrudruuuurruuddurudddduddurduuddurudddduddur"
"kt1_0395";"Pilkkua";"Kansantanssit";"Laukkaata, Pilkutusta ja Vappua";"Ilveilemällä";"I. J. Inberg";"1857";"353";"2/4";"g";"Hausjärvi";"";"Kanta-Häme";"Etelä-Suomen lääni";"";"";"";"";"-8+1+2+5-8+1+2+5-2-2-1-2-1-4+12-8+1+2+5-8+1+2+5-2-2-1-2-1-4+5+3-1-3+1+3-1+4+0+1-2-2-1-2-1-4+5+3-1-3+1+3-1+4+0+1-2-2-1-2-1-4";"duuuduuudddddduduuuduuudddddduudduudurudddddduudduudurudddddd"
"kt1_0396";"Martin Wappua";"Kansantanssit";"Laukkaata, Pilkutusta ja Vappua";"";"I. J. Inberg";"1857";"353";"2/4";"C";"Tampere";"";"Pirkanmaa";"Länsi-Suomen lääni";"";"";"";"";"+0+2+2+1+0-1-2-2+0+2+2+1+0+0-5+0+2+2+1+0-1-2-2+0+2+2+1+0+0+2+0+2+1+0+4-2+0-3-4+0-3+2+0-4+4+0+3-2+0+0+2+0+2+1+0+4-2+0-3-4+0-3+2+0-4+4+0+3-2+0+0";"ruuurdddruuurrdruuurdddruuurruruurudrddrdurdurudrruruurudrddrdurdurudrr"
"kt1_0397";"Wiikerin Wappu";"Kansantanssit";"Laukkaata, Pilkutusta ja Vappua";"Allegretto";"F. V. Illberg";"1866";"353";"2/4";"G";"Sippola";"";"Kymenlaakso";"Etelä-Suomen lääni";"";"";"";"";"-3-4+2+0+5-3-4+2+0+3-1-2-2+2-2-1+1-3-2+0+12-3-4+2+0+5-3-4+2+0+3-1-2-2+2-2-1+1-3-2+0+0+4+1+2+0-2+0+2+2+0+1-1-2-2+2-2-1+1-3-2+0+0+4+1+2+0-2+0+2+2+0+1-1-2-2+2-2-1+1-3-2+0";"dduruddurudddudduddrudduruddurudddudduddrruuurdruurudddudduddrruuurdruurudddudduddr"
"kt1_0398";"Wiukarin Wappu";"Kansantanssit";"Laukkaata, Pilkutusta ja Vappua";"Allegro";"L. Hämäläinen";"1868";"354";"2/4";"Bb";"-()";"";"";"";"";"";"";"";"-2-1+3+5-5-2-1-2+2+5-2-2-1+1-3+3-1+1-1-2-2+4+3-2-1+3+5-5-2-1-2+2+5-2-2-1+1-3+3-1+1-1-2-2-5-2-1+3+5-1-2-2+10+0-1-2+0-2-1+3+2+1-1-2-2-5-2-1+3+5-1-2-2+10+0-1-2+0-2-1+3+2+1-1-2-2";"dduudddduudddudududdduudduudddduudddudududddddduudddurddrdduuudddddduudddurddrdduuuddd"
"kt1_0399";"Karjalan pinkipolska";"Kansantanssit";"Kaikenlaisia 2/4 polskia";"Andantino";"F. V. Illberg";"1866";"357";"2/4";"g";"-()";"";"";"";"";"";"";"";"+4-4+4-5+3-3+3+2-4+4-4+4-5+3-3+3+2+0-4-1-2-1+1+2+1-3-1+0+1+0+7-4-1-2-1+1+2+1-3-1+0+1+0-5+5+0+2+1-1+1+2+2+0-4-1-2-1+1+2+1-3-1+0+1+0";"udududuududududuurdddduuuddrurudddduuuddrurduruuduuurdddduuuddrur"
"kt1_0400";"Suutarin polska";"Kansantanssit";"Kaikenlaisia 2/4 polskia";"Allegretto";"F. V. Illberg";"1866";"357";"2/4";"A";"Ruokolahti";"";"Etelä-Karjala";"Etelä-Suomen lääni";"";"";"";"";"+0+5-1-2-2-3-4+4+1-1+1+2+2-2+0+0+5-1-2-2-3-4+4+1-1+1+2+2-2-2+0+0+0-1+0+0+0-2+0+2+1-3-2+0+5+0+0+0-1+0+0+0-2+0+2+1-3-2+0";"ruddddduuduuudrruddddduuduuuddrrrdrrrdruuddrurrrdrrrdruuddr"
"kt1_0401";"Vanha rinkipolska";"Kansantanssit";"Kaikenlaisia 2/4 polskia";"Allegretto";"F. V. Illberg";"1866";"357";"2/4";"d";"Parikkala";"";"Etelä-Karjala";"Etelä-Suomen lääni";"";"";"";"";"+1+2+2+0+1-1-2-2+2-3+1-1+1+2+2+0+1-1-2-2+2-3+0+1+2+2+0+1-1-2-2+2-3+1-1+1+2+2+0+1-1-2-2+2-3+1-1-2-1+1+0+0+2+1-1+1+2-3+0+1-1-2-1+1+0+0+2+1-1+1+2-3+0";"uuurudddududuuurudddudruuurudddududuuurudddududddurruuduudrudddurruuduudr"
"kt1_0402";"Pinkipolska";"Kansantanssit";"Kaikenlaisia 2/4 polskia";"";"F. V. Illberg";"1866";"358";"2/4";"d";"Parikkala";"";"Etelä-Karjala";"Etelä-Suomen lääni";"";"";"";"";"+5+0-4+2-2+2-3-2+3-1+5+0-4+2-2+2-3-2+2+5+0-4+2-2+2-3-2+3-1+5+0-4+2-2+2-3-2-1-4+0+2+2-2+2+1+3-4-4+0+2+2+3-2-1-4+0+2+2-2+2+1+3-4-4+0+2+2+3-2";"urdududdudurdududduurdududdudurdududdddruuduuuddruuudddruuduuuddruuud"
"kt1_0403";"Suursaaren suurta polskaa";"Kansantanssit";"Kaikenlaisia 2/4 polskia";"Allegretto";"F. V. Illberg";"1866";"358";"2/4";"D";"Parikkala";"";"Etelä-Karjala";"Etelä-Suomen lääni";"";"";"";"";"+2-2-2-1-2+0+2+1-3+2-4+2-3+1-3-2+12+2-2-2-1-2+0+2+1-3+2-4+2-3+1-3-2+0+5+4-4-1+1+2+2+1+2-2-1-4+2-3+1-3-2+0+5+4-4-1+1+2+2+1+2-2-1-4+2-3+1-3-2";"uddddruududududduuddddruududududdruudduuuuudddududdruudduuuuudddududd"
"kt1_0404";"Karjalan polska";"Kansantanssit";"Kaikenlaisia 2/4 polskia";"Allegretto";"F. V. Illberg";"1866";"358";"2/4";"e";"Rautjärvi";"";"Etelä-Karjala";"Etelä-Suomen lääni";"";"";"";"";"+2+1-1+5-4-1-2+10-1-2-1+1-4-3+2+1-1+5-4-1-2+10-1-2-1+1-4-3+2+1-1+5-4-1-2+7-4-1-3+1+0+0+2+1-1+5-4-1-2+7-4-1-3+1+0";"uududddudddudduududddudddudduududddudddurruududddudddur"
"kt1_0405";"Vanha tansii Savossa";"Kansantanssit";"Kaikenlaisia 2/4 polskia";"Allegretto";"F. V. Illberg";"1866";"359";"2/4";"A";"Rautjärvi";"";"Etelä-Karjala";"Etelä-Suomen lääni";"";"";"";"";"-3-4+4+3-2-1-2+0-7+0+5+0+2-2+7-3-4+4+3-2-1-2+0-7+0+5+0+2-2+4+0+1-3+0-7+2+2+1+0+4+0+1-3+0-7+2+2+1+4+0+1-3+0-7+2+2+1+0+4+0+1-3+0-7+2+2+1";"dduudddrdrurududduudddrdrurudurudrduuururudrduuuurudrduuururudrduuu"
"kt1_0406";"Lohipoika";"Kansantanssit";"Kaikenlaisia 2/4 polskia";"Allegretto";"F. V. Illberg";"1866";"359";"2/4";"C";"Pieksämäki";"";"Etelä-Savo";"Itä-Suomen lääni";"";"";"";"";"+7+0+0-3+1+4+0+0-7+5+0-2-1-2+2+1-3-2+0+7+0+0-3+1+4+0+0-7+5+0-2-1-2+2+1-3-2+0+4+0-2-2-1-2-2+2+2+1+2+5+0-2-1-2+2+1-3-2+0+4+0-2-2-1-2-2+2+2+1+2+5+0-2-1-2+2+1-3-2";"urrduurrdurddduuddrurrduurrdurddduuddrurddddduuuuurddduuddrurddddduuuuurddduudd"
"kt1_0407";"Artjärven poika";"Kansantanssit";"Kaikenlaisia 2/4 polskia";"Allegretto";"F. V. Illberg";"1866";"359";"2/4";"G";"Hirvensalmi";"";"Etelä-Savo";"Itä-Suomen lääni";"";"";"";"";"-5+5+4-2-2-1-4+4+3-2-5-2-3+3-1-2-2-1+1+2-3+1+12-5+5+4-2-2-1-4+4+3-2-5-2-3+3-1-2-2-1+1+2-3+1+0+2+2+1-1+1-3+5+2+2+1-1+1-3-2-3+3-2-1-2-2-1+1+2-3+1+0+2+2+1-1+1-3+5+2+2+1-1+1-3-2-3+3-2-1-2-2-1+1+2-3+1";"duudddduuddddudddduuduuduudddduuddddudddduuduruuududuuuududdduddddduuduruuududuuuududdduddddduudu"
"kt1_0408";"Hirvensalmen polska";"Kansantanssit";"Kaikenlaisia 2/4 polskia";"Allegretto";"F. V. Illberg";"1866";"360";"2/4";"A";"Hirvensalmi";"";"Etelä-Savo";"Itä-Suomen lääni";"";"";"";"";"+2+2+1+2+5-1+1+2-3+1+0-3-2-2-1-4+2-2+0+2+2+1+2+5-1+1+2-3+1+0-3-2-2-1-4+2-2+9-2-2-1-2+2+1+2+2-2-2-1-2-2+9-2-2-1-2+2+1+2+2-2-2-1-2-2";"uuuuuduudurdddddudruuuuuduudurdddddududddduuuudddddudddduuuuddddd"
"kt1_0409";"Kattilan polska";"Kansantanssit";"Kaikenlaisia 2/4 polskia";"Allegretto";"F. V. Illberg";"1866";"360";"2/4";"C";"Kangasniemi";"";"Etelä-Savo";"Itä-Suomen lääni";"";"";"";"";"-3+1+2-3+1+2+0-2+0-1+0-2+0-2+2-2-1+1+7-3+1+2-3+1+2+0-2+0-1+0-2+0-2+2-2-1+1+9+0-2+0-2+2-2-1+0-2+0-2-1-2+2+1+0+0+9+0-2+0-2+2-2-1+0-2+0-2-1-2+2+1+0+0";"duuduurdrdrdrdudduuduuduurdrdrdrdudduurdrduddrdrddduurrurdrduddrdrddduurr"
"kt1_0410";"Hölkytystä (Hyvin vanha tanssi)";"Kansantanssit";"Kaikenlaisia 2/4 polskia";"Allegretto";"F. V. Illberg";"1866";"360";"2/4";"d";"Mikkeli";"";"Etelä-Savo";"Itä-Suomen lääni";"";"";"";"";"+1-1-2+2-4+2+2-4+0-1-2+7+1-1-2+2-4+2+2-4+0-1-2+3-1+1+2-2-1-2-1+1+2+1-1-2-1+1+0+3-1+1+2-2-1-2-1+1+2+1-1-2-1+1+0-4-3+3+0-1+0+7+1+2-2-1-2+3-1-2-1+1+0-4-3+3+0-1+0+7+1+2-2-1-2+3-1-2-1+1+0";"udduduudrdduudduduudrdduduudddduuuddduruduudddduuudddurddurdruuudddudddurddurdruuudddudddur"
"kt1_0411";"Sippolan Janne";"Kansantanssit";"Kaikenlaisia 2/4 polskia";"Allegretto";"F. V. Illberg";"1866";"361";"2/4";"D";"Juva";"";"Etelä-Savo";"Itä-Suomen lääni";"";"";"";"";"-3+1+2-3+1+2+2-7+3-1-2-5+2+1+0+7-3+1+2-3+1+2+2-7+3-1-2-5+2+1+0+5-1-2-5+2+1-1-2-2+10-1-2-5+2+1+0+5-1-2-5+2+1-1-2-2+10-1-2-5+2+1+0";"duuduuududdduuruduuduuududdduuruddduuddduddduuruddduuddduddduur"
"kt1_0412";"Penseliä";"Kansantanssit";"Kaikenlaisia 2/4 polskia";"Allegretto";"F. V. Illberg";"1866";"361";"2/4";"G";"Juva";"";"Etelä-Savo";"Itä-Suomen lääni";"";"";"";"";"+0-1+0+1+0-5+0+2+0-2-2-1+1+2+0+5+0-1+0+1+0-5+0+2+0-2-2-1+1+2+0+2+0-2-2-1+1+2+0-3-4+4+5+0-2-2-1+1+2+0+2+0-2-2-1+1+2+0-3-4+4+5+0-2-2-1+1+2+0";"rdrurdrurddduururdrurdrurddduururddduurdduurddduururddduurdduurddduur"
"kt1_0413";"Orpolasten polska";"Kansantanssit";"Kaikenlaisia 2/4 polskia";"Allegretto";"F. V. Illberg";"1866";"361";"2/4";"a";"Kerimäki";"";"Etelä-Savo";"Itä-Suomen lääni";"";"";"";"";"-2-1+1+2-2-1+1+2+3+2-2+3-1-5+0-2-1+1+2-2-1+1+2+3+2-2+3-1-5+1+2+0+0-2-1-2+2+1-1-2-2-2-1+0+0+1+2-2-1+0+10+0+0-2-1-2+2+1-1-2-2-2-1+0+0+1+2-2-1+0";"dduudduuuududdrdduudduuuududduurrddduudddddrruuddrurrddduudddddrruuddr"
"kt1_0414";"Nuoren tytön laulu ja tanssi Savossa";"Kansantanssit";"Kaikenlaisia 2/4 polskia";"Allegretto";"F. V. Illberg";"1866";"362";"2/4";"C";"Etelä-Savo";"";"Etelä-Savo";"Itä-Suomen lääni";"";"";"";"";"-2-1+1+4-9+7-2-1+1+4-9+2+0+2+1+2+2-2+0-2-1+1+4-9+7-2-1+1+4-9+2+0+2+1-6+3-2+7-2-1+1+4-9+7-2-1+1+4-9+2+0+2+1+2+2-2+0-2-1+1+4-9+7-2-1+1+4-9+2+0+2+1-6+3-2+12-1-2+0+3-1-2-2-2+4-2-2-1+3-2-1-2+3-1-2-2+12-1-2+0+3-1-2-2-2+4-2-2-1+3-2-1-2+3-1-2-2+7-2-1+1+4-9+7-2-1+1+4-9+2+2+1+2+2-2+0-2-1+1+4-9+7-2-1+1+4-9+2+3-1+3-2+2-2-1+1+4-9+7-2-1+1+4-9+2+2+1+2+2-2+0-2-1+1+4-9+7-2-1+1+4-9+2+3-1+3-2";"dduududduuduruuuudrdduududduuduruudududduududduuduruuuudrdduududduuduruudududdrudddduddduddduddduddruddddudddudddudddudduududduuduuuuudrdduududduuduudududduududduuduuuuudrdduududduuduudud"
"kt1_0415";"Pikku piika ja pitkä piika";"Kansantanssit";"Kaikenlaisia 2/4 polskia";"Allegretto";"F. V. Illberg";"1866";"362";"2/4";"A";"Savo";"";"Etelä-Savo";"Itä-Suomen lääni";"";"";"";"";"+0-1-4+5+0-1-4+5+0+2+3-1-2-2+0-1-4+5+0-1-4+5+0+2+3-1-2+0+0+5+0-2-1-2-2-1+1+4-2-2-1+1+0+2+0+5+0-2-1-2-2-1+1+4-2-2-1+1+0";"rddurdduruudddrddurdduruuddrrurddddduudddurururddddduudddur"
"kt1_0416";"Walkealan suurta polskaa";"Kansantanssit";"Kaikenlaisia 2/4 polskia";"Moderato";"F. V. Illberg";"1866";"363";"2/4";"F#";"Walkeala(Valkeala)";"";"Kymenlaakso";"Etelä-Suomen lääni";"";"";"";"";"+0-1-2+0-1+1+3+4+5+0-5+1+0-1-2+2-4+0-1-2+0-1+1+3+4+5+0-5+1+0-1-2+2+0+5-2-2-1-1+1-2-2+0-1+0-2+0+7+5-2-2-1-1+1-2-2+0-1+0-2+0";"rddrduuuurdurddudrddrduuuurdurddurudddduddrdrdruudddduddrdrdr"
"kt1_0417";"Walkealan vanha polska";"Kansantanssit";"Kaikenlaisia 2/4 polskia";"Allegretto";"F. V. Illberg";"1866";"363";"2/4";"C";"Walkeala(Valkeala)";"";"Kymenlaakso";"Etelä-Suomen lääni";"";"";"";"";"-3+1+2-3+1+2-3-2-2+4+1+4+0-4-1-2+5+0-3+1+2-3+1+2-3-2-2+4+1+4+0-4-1-2+5-7+0-1-4+5+4+0-4+2+0+0-3-2-2+5+0+0-1-4+5+4+0-4+2+0+0-3-2-2+5";"duuduuddduuurdddurduuduuddduuurdddudrdduurdurrdddurrdduurdurrdddu"
"kt1_0418";"Joka pojan polska";"Kansantanssit";"Kaikenlaisia 2/4 polskia";"Allegretto";"F. V. Illberg";"1866";"363";"2/4";"a";"Walkeala(Valkeala)";"";"Kymenlaakso";"Etelä-Suomen lääni";"";"";"";"";"+0+0+0+0-2-3-4+0+5+0+2+0+2+0+0+0+0+0+0-2-3-4+0+5+0+2+0+2+0+0-2-2-1-2+0+3+0-1+0-7+0+4+0+1+0+7-2-2-1-2+0+3+0-1+0-7+0+4+0+1+0";"rrrrdddrurururrrrrrdddrurururrddddrurdrdrururuddddrurdrdrurur"
"kt1_0419";"Tammelan polska";"Kansantanssit";"Kaikenlaisia 2/4 polskia";"Allegretto";"F. V. Illberg";"1866";"364";"2/4";"G";"Walkeala(Valkeala)";"";"Kymenlaakso";"Etelä-Suomen lääni";"";"";"";"";"+5+0+4+0+3+0+2+2+1+2-2-1-2-2-2-1-2-7+5+0+4+0+3+0+2+2+1+2-2-1-2-2-2-1-2+7-2-2-1+1+4-2-2-1-2+0+2+1-3-3+1+2-3+1+0+9-2-2-1+1+4-2-2-1-2+0+2+1-3-3+1+2-3+1+0";"urururuuuuddddddddurururuuuuddddddduddduuddddruudduuduruddduuddddruudduudur"
"kt1_0420";"Roikotusta";"Kansantanssit";"Kaikenlaisia 2/4 polskia";"Allegro vivace";"F. V. Illberg";"1866";"364";"2/4";"A";"Luumäki";"";"Etelä-Karjala";"Etelä-Suomen lääni";"";"Soitetaan kahdella soitolla.";"";"";"+2+2+1+2+2+1+2-3-2-3+1-3-2+5-5+2+2+1+2+2+1+2-3-2-3+1-3-2+5+2+2-2-2-1-2-7+5+4+3+2-2-2-3-2+0+7+2-2-2-1-2-7+5+4+3+2-2-2-3-2+0";"uuuuuuudddudduduuuuuuudddudduuuddddduuuuddddruuddddduuuuddddr"
"kt1_0421";"Wesikansan polska";"Kansantanssit";"Kaikenlaisia 2/4 polskia";"Allegretto";"F. V. Illberg";"1866";"364";"2/4";"G";"Iitti";"";"Kymenlaakso";"Etelä-Suomen lääni";"";"";"";"";"-1+1+2+2-4+5-1-2-2-1-2+2+1-5+5-1+1+2+2-4+5-1-2-2-1-2+2+1-5+5-1-2-2+2-2-2-1+1-3+2+1+4-2+5-1-2-2+2-2-2-1+1-3+2+1+4-2";"duuududdddduududuuududdddduududdduddduduuududdduddduduuud"
"kt1_0422";"Hypäkkä";"Kansantanssit";"Kaikenlaisia 2/4 polskia";"Allegro";"F. V. Illberg";"1866";"365";"2/4";"G";"Iitti";"Wesikansa";"Kymenlaakso";"Etelä-Suomen lääni";"";"";"";"";"+5+0+4+3+5+4-2-2-3-2-3+1-1+1-3+2-4-5+5+0+4+3+5+4-2+0-2-3-2-3+1-1+1-3-2-5+5+0+4+3+5+4-2-2-3-2-3+1-1+1-3+2-4-5+5+0+4+3+5+4-2+0-2-3-2-3+1-1+1-3-2+5-1+3-5+3-1+3+0-2-1+3+0-2-1+1-3-2+5-1+3-5+3-1+3+0-2-1+3+0-2-1+1-3-2";"uruuuudddddudududduruuuudrddddududdduruuuudddddudududduruuuudrddddududdudududurddurdduddudududurddurddudd"
"kt1_0423";"Pitkä polska";"Kansantanssit";"Kaikenlaisia 2/4 polskia";"Allegretto";"F. V. Illberg";"1866";"365";"2/4";"D";"Iitti";"";"Kymenlaakso";"Etelä-Suomen lääni";"";"";"";"";"-5-2-1-4+4+3-2-1-2-2+4+3+5-5-2-1-4+4+3-2-1-2-2+12-5-2-1-4+4+3-2-1-2-2+4+3+5-5-2-1-4+4+3-2-1-2-2+5+4-2-2-1+1+2+3+4-2-8+1+2+2+1-1+1-3-2-1-2+2+1-5+5+4-2-2-1+1+2+3+4-2-8+1+2+2+1-1+1-3-2-1-2+2+1";"dddduudddduuudddduuddddudddduudddduuudddduudddduuddduuuudduuuududddduuduuddduuuudduuuududddduu"
"kt1_0424";"Walkealan hienoo";"Kansantanssit";"Kaikenlaisia 2/4 polskia";"Allegretto";"F. V. Illberg";"1866";"366";"2/4";"c";"Sippola";"";"Kymenlaakso";"Etelä-Suomen lääni";"";"";"";"";"+5-1+3-2-2-2-1-2+2+5-1+3-2-5+0+1-1-2-1-4+4+1+0+2+0+0+1-1-2-1-4+4+1+2";"ududdddduududdrudddduururrudddduuu"
"kt1_0425";"Lintu-harju (Vanha tanssi)";"Kansantanssit";"Kaikenlaisia 2/4 polskia";"Allegretto";"F. V. Illberg";"1866";"366";"2/4";"C";"Sippola";"";"Kymenlaakso";"Etelä-Suomen lääni";"";"";"";"";"-1+1+2+2-4+4-2-2+2-2-5+5-1+1+2+2-4+4-2-2+2-2+0-1+1+2+2-4+4-2-2+2-2-5+5-1+1+2+2-4+4-2-2+2-2+5-3+3-1-4+5-3+3-1-4+0-1+1+2+2-4+4-2-2+2-2+5-3+3-1-4+5-3+3-1-4+0-1+1+2+2-4+4-2-2+2-2";"duuududdudduduuududdudrduuududdudduduuududdudududdududdrduuududdudududdududdrduuududdud"
"kt1_0426";"Hirvelän parasta (6 hengen tanssi)";"Kansantanssit";"Kaikenlaisia 2/4 polskia";"Allegretto";"F. V. Illberg";"1866";"366";"2/4";"D";"Sippola";"";"Kymenlaakso";"Etelä-Suomen lääni";"";"";"";"";"+4+1+2+2-2+2+1+2-2-1-2-2-1-4+2-2+0+4+1+2+2-2+2+1+2-2-1-2-2-1-4+2-2+10-1-2-2-1-2-2+0-2-1+1-3+7-2+10-1-2-2-1-2-2+0-2-1+1-3+7-2";"uuuuduuuddddddudruuuuduuuddddddududdddddrddudududdddddrddudud"
"kt1_0427";"Veräjästä pellolle";"Kansantanssit";"Kaikenlaisia 2/4 polskia";"Allegretto";"F. V. Illberg";"1866";"367";"2/4";"D";"Orimattila";"";"Päijät-Häme";"Länsi-Suomen lääni";"";"";"";"";"+2+2+1-1-2-2+5+4-2-7+2+2+1-3-2-1+1+2-3+1-5+5+2+2+1-1-2-2+5+4-2-7+2+2+1-3-2-1+1+2-3+1+5-1+1-3+2-4-1+1+2-3+1+4+1+4-2-7-1+1+2-3+1+5-1+1-3+2-4-1+1+2-3+1+4+1+4-2-7-1+1+2-3+1";"uuuddduudduuuddduududuuuuddduudduuuddduuduudududduuduuuuddduuduudududduuduuuuddduudu"
"kt1_0428";"Suutaria";"Kansantanssit";"Kaikenlaisia 2/4 polskia";"Allegro";"L. Hämäläinen";"1868";"367";"2/4";"D";"-()";"";"";"";"";"";"";"";"-3-4+2+2+1-1-4+2+0-5+0+2+0+1+4+3-3-4+2+2+1-1-4+2+0-5+0+2+0+1+2+2+1-1-4+2+2+1-1-4+2+0-5+0+2+0+1+4-2+2+1-1-4+2+2+1-1-4+2+0-5+0+2+0+1";"dduuuddurdruruuudduuuddurdruruuuudduuuddurdruruuduudduuuddurdruru"
"kt1_0429";"Oikiata kättä";"Kansantanssit";"Kaikenlaisia 2/4 polskia";"Allegro";"L. Hämäläinen";"1868";"368";"2/4";"D";"-()";"";"";"";"";"";"";"";"+0+2+2-4+0+0+2+2-4+0+2+2+1-3+0+5-3-4+0+0+2+2-4+0+0+2+2-4+2+7-4-3-2-1-2+2+1+0+0+2+2-4+0+0+2+2-4+0+2+2+1-3+0+5-3-4+0+0+2+2-4+0+0+2+2-4+2+7-4-3-2-1-2+2+1+7+0-3+3+0-3+3-3-4+4+1+0-1+1+0-1+1+4+3-3-2+0-3+3+0-3+3-3-4+4+5-4-3-2+0-1-2+2+1+4+3+0-3+3+0-3+3-3-4+4+1+0-1+1+0-1+1+4+3-3-2+0-3+3+0-3+3-3-4+4+5-4-3-2+0-1-2+2+1";"ruudrruudruuudruddrruudrruuduuddddduurruudrruudruuudruddrruudrruuduuddddduuurdurdudduurdurduuuddrdurdudduudddrdduuuurdurdudduurdurduuuddrdurdudduudddrdduu"
"kt1_0430";"Merilöistä";"Kansantanssit";"Kaikenlaisia 2/4 polskia";"Allegretto";"L. Hämäläinen";"1868";"368";"2/4";"D";"-()";"";"";"";"";"";"";"";"+2+2+1+2+2-2-2-1-2-2-1+1+2-3+1+2+2+1+2+2-2-2-1-2+2-4+0+2+2+1+2+2-2-2-1-2-2-1+1+2-3+1+2+2+1+2+2-2-2-1-2+2-4-5+4+3-3-4+4+3-3-4+5+4-4-5+5+4-4-5+4+3-3-4+4+3-3+3+0-2-5+4+3-3-4+4+3-3-4+5+4-4-5+5+4-4-5+4+3-3-4+4+3-3+3+0-2";"uuuuudddddduuduuuuuuddddudruuuuudddddduuduuuuuuddddudduudduudduudduudduudduudurdduudduudduudduudduudduudurd"
"kt1_0431";"Kalan poikaa";"Kansantanssit";"Kaikenlaisia 2/4 polskia";"Allegro";"L. Hämäläinen";"1868";"369";"2/4";"D";"-()";"";"";"";"";"";"";"";"+3+0-3-4+4+1+4+0-4+4-4-1+3+0-3-4+4+1-3-3-4+5+0+4+3+0-3-4+4+1+4+0-4+4-4-1+3+0-3-4+4+1-3-3-4+5+0+0+4+1-1-2-2-1+3+0-3-4+4+1+7+0-3-4+4+1-3-3-4+5+0+0+4+1-1-2-2-1+3+0-3-4+4+1+7+0-3-4+4+1-3-3-4+5+0";"urdduuurduddurdduuddduruurdduuurduddurdduudddurruuddddurdduuurdduudddurruuddddurdduuurdduudddur"
"kt1_0432";"Kahdeksan hengen tanssi";"Kansantanssit";"Kaikenlaisia 2/4 polskia";"Allegro";"L. Hämäläinen";"1868";"369";"2/4";"D";"-()";"";"";"";"";"";"";"";"-4+4+3+2-2-2-1-2-2-1+0-4+2+2+1+2+0+3-1+1-3-2+0+4-4+4+3+2-2-2-1-2-2-1+0-4+2+2+1+2+0+3-1+1-3-2+4-2-2-1-2-2+2+2-4+0+2+2+1+2+2+1-1+1-3-2+4-2-2-1-2-2+2+2-4+0+2+2+1+2+2+1-1+1-3-2";"duuuddddddrduuuurududdruduuuddddddrduuuurududduddddduudruuuuuududduddddduudruuuuuududd"
"kt1_0433";"Yhdeksän hengen tanssi";"Kansantanssit";"Kaikenlaisia 2/4 polskia";"Allegretto";"L. Hämäläinen";"1868";"370";"2/4";"D";"-()";"";"";"";"";"";"";"";"-8+1+2+2-2+12-15+3-2-3+2+1+4-2+4+5-2-2-8+1+2+2-2+12-7+2+2+1-1-2+2-2-2-1-2-2+5-8+1+2+2-2+12-15+3-2-3+2+1+4-2+4+5-2-2-8+1+2+2-2+12-7+2+2+1-1-2+2-2-2+0+0+4+3-7+12-1+3-12+3-1+3-7+4-2-3-4+10-1+3-7+12-1+3-12+3-1+1-1-2+2-2-2+0+0+4+3-7+12-1+3-12+3-1+3-7+4-2-3-4+10-1+3-7+12-1+3-12+3-1+1-1-2+2-2-2+0+0";"duuudududduuuduuddduuududuuudduddddduduuudududduuuduuddduuududuuudduddrruududududududddududududududduddrruududududududddududududududduddrr"
"kt1_0434";"Karhun tanssi";"Kansantanssit";"Kaikenlaisia 2/4 polskia";"Allegretto";"L. Hämäläinen";"1868";"370";"2/4";"D";"-()";"";"";"";"";"";"";"";"+2+2-4+4+1-1-2+0+0+0+2+1-3+3+2-2-1-4+0+2+2+1+2+2+2+1-1-2-2-2-1-2-2+0+2+2-4+4+1-1-2+0+0+0+2+1-3+3+2-2-1-4+0+2+2+1+2+2+2+1-1-2-2-2-1-2-2+4+1+2+0+0+2+2+1+0-1-2+0+0+2+1+2+0-2-1+1-1-2+2+3-2-3+2-2-2";"uuduuddrrruuduudddruuuuuuudddddddruuduuddrrruuduudddruuuuuuuddddddduuurruuurddrruuurddudduuddudd"
"kt1_0435";"Suoraa neljäistä";"Kansantanssit";"Kaikenlaisia 2/4 polskia";"Allegretto";"L. Hämäläinen";"1868";"371";"2/4";"D";"-()";"";"";"";"";"";"";"";"+0+1-1-2-2-1-4+5-1-2-2+5+7-2-1-2-2-1-4+5-1+1+2+2+0+1-1-2-2-1-4+5-1-2-2+5+7-2-1-2-2-1-4+5+4+3+2-4-1+1+4-2-3+0+1-1-2-2-1-4+5+2+2+1+2+2-4-1+1+4-2-3+0+1-1-2-2-1-4+5";"ruddddduddduudddddduduuuruddddduddduudddddduuuudduuddruddddduuuuuudduuddrudddddu"
"kt1_0436";"Walkjärven polska";"Kansantanssit";"Kaikenlaisia 2/4 polskia";"";"O. A. J. Carlenius";"1867";"371";"2/4";"F";"Walkjärvi(Valkjärvi)";"";"Karjalan kannas";"Karjalan, Inkerin, ym. alueet";"";"";"Menee g-mollissa.";"";"+5-5+3-2+2-2-1-2+2+0-3-4+0+4+3+5-5+3-2+2-2-1-2+2+0-3-4+0+4+1+0+0+2+1-1-2-1-4+8-3+0+3-1+1-1-2-1-4+8-3+0";"udududddurddruuudududddurddruurruuddddudrududdddudr"
"kt1_0437";"Sakkolan polska";"Kansantanssit";"Kaikenlaisia 2/4 polskia";"";"O. A. J. Carlenius";"1867";"372";"2/4";"d";"Sakkola";"";"Karjalan kannas";"Karjalan, Inkerin, ym. alueet";"";"";"";"";"-5+3+0-2-1+1-3-2-3+3+2+3+4-5+3+0-2-1+1-3-2-3+3+2+3+4+0-2-2-1+0+3-2-5+2+0+3+0-1-2-1+0+3-2+3+4+0-2-2-1+0+3-2-5+2+0+3+0-1-2-1+0+3-2";"durdduddduuuudurdduddduuuurdddruddururdddruduurdddruddururdddrud"
"kt1_0438";"Wiipurin pojan polska";"Kansantanssit";"Kaikenlaisia 2/4 polskia";"Allegretto";"O. A. J. Carlenius";"1867";"372";"2/4";"D";"Wiipuri(Viipuri)";"";"Karjalan kannas";"Karjalan, Inkerin, ym. alueet";"";"";"";"";"+2+2+3-2+2-2-1-2-2-1+3+5-8+1-3-2+5+2+2+3-2+2-2-1-2-2-1+3+5-8+1+0+4+3-3+1-1-2-2+2+0+0+2+1+2+0-3-4+0+2+2+1-1-2-2-1-4+0+2+2+1+0+4+3-3+1-1-2-2+2+0+0+2+1+2+0-3-4+0+2+2+1-1-2-2-1-4+0+2+2+1+0";"uuududdddduududduuuududdddduuduruududddurruuurddruuudddddruuuruududddurruuurddruuudddddruuur"
"kt1_0439";"Paimenpojan polska";"Kansantanssit";"Kaikenlaisia 2/4 polskia";"Allegretto";"O. A. J. Carlenius";"1867";"372";"2/4";"C";"Wiipuri(Viipuri)";"";"Karjalan kannas";"Karjalan, Inkerin, ym. alueet";"";"";"Menee d-mollissa.";"";"+5-5+3-2-1+1-3+0+2+5-5+3-2-1+1-3+2+5-5+3-2-1+1-3+0+2+5-5+3-2-1+1-3-1+0+0-4+0+5+0-1+0+0-4+0+5-1+0+0-4+0+5+0-1+0+0-4+0+5";"ududdudruududduduududdudruududduddrrdrurdrrdrudrrdrurdrrdru"
"kt1_0440";"Kyntömiesten polska";"Kansantanssit";"Kaikenlaisia 2/4 polskia";"Moderato";"O. A. J. Carlenius";"1867";"373";"2/4";"D";"Kerimäki";"";"Etelä-Savo";"Itä-Suomen lääni";"";"Käypäläispojan soittama.";"";"";"+5-5+5+2+0+0+2+1-3+5-2-1-2+0-2+0-5+5-5+5+2+0+0+2+1-3+5-2-1-2+0-2+0";"uduurruududddrdrduduurruududddrdr"
"kt1_0441";"Myllärin polska";"Kansantanssit";"Kaikenlaisia 2/4 polskia";"Allegretto";"O. A. J. Carlenius";"1867";"373";"2/4";"G";"Kerimäki";"";"Etelä-Savo";"Itä-Suomen lääni";"";"";"";"";"+0+0-5+3-1+0+1-1-9+7+0+0+2+1-1-2-2+0+7+0+0-5+3-1+0+1-1-9+7+0+0+2+1-1-2-2+0+14+0-2-3+3-1+0+1-1-9+7+0+0+2+1-1-2-2+0+7+0-2-3+3-1+0+1-1-9+7+0+0+2+1-1-2-2+0";"rrdudruddurruudddrurrdudruddurruudddrurddudruddurruudddrurddudruddurruudddr"
"kt1_0442";"Kalajoen polska";"Kansantanssit";"Kaikenlaisia 2/4 polskia";"";"O. A. J. Carlenius";"1867";"373";"2/4";"D";"-()";"";"";"";"";"";"";"";"+0+0+0-2+0+0+0-2-1+1-3-2+0+9+0+0+0-2+0+0+0-2-1+1-3-2-5+5+4-2+2+1+0-1+0-9+5+4-2+2+1-3+2-9+5+4-2+2+1+0-1+0-9+5+4-2+2+1-3+2";"rrrdrrrdduddrurrrdrrrdduddduuduurdrduuduududuuduurdrduuduudu"
"kt1_0443";"Karhun-peijais polska";"Kansantanssit";"Kaikenlaisia 2/4 polskia";"Allegro";"O. A. J. Carlenius";"1867";"374";"2/4";"D";"Kerimäki";"";"Etelä-Savo";"Itä-Suomen lääni";"";"Muinoin kanteleella soitettu Kerimäellä karhun peijaisissa.";"Menee A-duurissa.";"";"-2-1-2-2+2+2+1+2-2-1+3-5+5-7+0+0+7-2-1-2-2+2+2+1+2-2-1+3-5+5-7+0+0+0+2+2-2-2+2+2+1+2-2-1+3-5+5-7+0+0+0+2+2-2-2+2+2+1+2-2-1+3-5+5-7+0+0";"dddduuuuddududrrudddduuuuddududrrruudduuuuddududrrruudduuuuddududrr"
"kt1_0444";"Viimeinen polska kanteleella Kerimäellä";"Kansantanssit";"Kaikenlaisia 2/4 polskia";"Moderato";"O. A. J. Carlenius";"1867";"374";"2/4";"d";"Kerimäki";"";"Etelä-Savo";"Itä-Suomen lääni";"";"";"";"";"+2+1+0+2+0+2+0-2-2+0-1-2+0+2+1+0+2+0+2+0-7+0+0+2+1+0+2+0+2+0-2-2+0-1-2+0+2+1+0+2+0+2+0-7+0+0+2+1+0+2+0+2+0-5+0-2+2+1+0+2+0+2+0-7+0+0+2+1+0+2+0+2+0-5+0-2+2+1+0+2+0+2+0-7+0";"uurururddrddruurururdrruurururddrddruurururdrruurururdrduurururdrruurururdrduurururdr"
"kt1_0445";"Savon polska";"Kansantanssit";"Kaikenlaisia 2/4 polskia";"Allegro";"O. A. J. Carlenius";"1867";"375";"2/4 ja 3/4";"A";"Kerimäki";"";"Etelä-Savo";"Itä-Suomen lääni";"";"";"";"";"+2+2+1+2+0+2+0-2+0-2+2-2-1-4+0+2+2+1+2+0+2+0-2+0-2+2-2-1-4+7-3+1-3+2-4+4-2-2-1+0+1+0+7+5+0+0+0+0+2-2-1+0+0+0+0+1-1-2+0+0+0+0+2-2-2+0+0+5+0+0+0+0+2-2-1+0+0+0+0+1-1-2+0+0+0+0+2-2-2+0";"uuuururdrdudddruuuururdrdudddududududddruruurrrruddrrrruddrrrruddrrurrrruddrrrruddrrrruddr"
"kt1_0446";"Lapikasta";"Kansantanssit";"Kaikenlaisia 2/4 polskia";"Allegretto";"O. A. J. Carlenius";"1867";"375";"2/4";"A";"Kerimäki";"";"Etelä-Savo";"Itä-Suomen lääni";"";"";"";"";"+2+2+1+0-8+3-2+0+2+2+2+1+0-8+3-2-5+0+2+2-4+5+4-9+0+2+2-4+5";"uuurdudruuuurduddruuduudruudu"
"kt1_0447";"Pylvästä (tolppa tanssia)";"Kansantanssit";"Kaikenlaisia 2/4 polskia";"";"O. A. J. Carlenius";"1867";"375";"2/4";"C";"Kerimäki";"";"Etelä-Savo";"Itä-Suomen lääni";"";"";"Menee d-mollissa.";"";"-2+2-5+5-2+2-5+0-3-4+4+3+1-1-2+7-2+2-5+5-2+2-5+0-3-4+4+3+1-1-2-5+7+0+0+0+1-1-2+0-5+7+0+0+0+1-1-2";"dudududrdduuuddududududrdduuudddurrruddrdurrrudd"
"kt1_0448";"Parikkalaista";"Kansantanssit";"Kaikenlaisia 2/4 polskia";"Larghetto";"O. A. J. Carlenius";"1867";"376";"2/4";"D";"Parikkala";"";"Etelä-Karjala";"Etelä-Suomen lääni";"";"";"";"";"+0+0+0+2-2-5+2+2+1+0+0+0+2-2-5+2+2+3+2+2+1+0-3-2+0-3+1-3-2+7+2+2+1+0-3-2+0-3+1-3-2";"rrrudduuurrrudduuuuuurddrdudduuuurddrdudd"
"kt1_0449";"Sola-valssia";"Kansantanssit";"Kaikenlaisia 2/4 polskia";"";"O. A. J. Carlenius";"1867";"376";"2/4";"C";"Parikkala";"";"Etelä-Karjala";"Etelä-Suomen lääni";"";"";"Menee d-mollissa.";"";"+5+0-2-2-1+1-3+2-3-4+4+1+0+0+2+5+0-2-2-1+1-3+2-3-4+4+1+0+0+2+5-4-3+2-3+1+0+2+1+2+2-4-3+2-3+1";"urdddududduurruurdddududduurruudduduruuuuddudu"
"kt1_0450";"Karjalan Anna Liisaa";"Kansantanssit";"Kaikenlaisia 2/4 polskia";"";"O. A. J. Carlenius";"1867";"376";"2/4";"D";"Sääminki";"";"Etelä-Savo";"Itä-Suomen lääni";"";"";"";"";"-3+1+4-2-3+1-3+2-2-3-4+5+0+7-3+1+4-2-3+1-3+2-2-3-4+5+0+0-1-2-2+0+5-1-2-2+0+10-3+2-4+2-2-1+1";"duuddududdduruduuddududddurrdddrudddrudududdu"
"kt1_0451";"Mikon-päivän parasta";"Kansantanssit";"Kaikenlaisia 2/4 polskia";"Allegro";"O. A. J. Carlenius";"1867";"377";"2/4 ja 5/4";"D";"Sääminki";"Vesikansa";"Etelä-Savo";"Itä-Suomen lääni";"";"Kanteleella soitettu Säämingin vesikansassa.";"";"";"-3-4+4-4+4-4+4+0-2+2+1-1-2+0-3+3-3+3-3+3+0-2+2+2-2-2";"ddududurduuddrdududurduudd"
"kt1_0452";"Kosiomiestä";"Kansantanssit";"Kaikenlaisia 2/4 polskia";"Allegretto";"O. A. J. Carlenius";"1855";"377";"2/4";"D";"Juva";"";"Etelä-Savo";"Itä-Suomen lääni";"";"";"";"";"+9-9+9+1-1-2+2+1+2+0-12+4+3-7+4+3+2-2-2+2+2+1+0-10+9-9+9+1-1-2+2+1+2+0-12+4+3-7+4+3+2-2-2+2+2+1+0+2-2-1-2+0+2+1+2-3-4+0+2+2+1-3-3+0+1+0+0+7-2-1-2+0+2+1+2-3-4+0+2+2+1-3-3+0+1+0+0";"uduudduuurduuduuudduuurduduudduuurduuduuudduuurudddruuuddruuuddrurrudddruuuddruuuddrurr"
"kt1_0453";"Lappeen markkinan polska";"Kansantanssit";"Kaikenlaisia 2/4 polskia";"Allegro";"O. A. J. Carlenius";"1867";"377";"2/4";"d";"Lappee(Lappeenranta)";"";"Etelä-Karjala";"Etelä-Suomen lääni";"";"";"";"";"+1-1-2-2-1+0+1+2-3+1-3+2-3+1-4-1+12+1-1-2-2-1+0+1+2-3+1-3+2-3+1-4-1+0+5+3-3-2+2+2+1+2+2-2-2-3+2-3+1-4-1+0+5+3-3-2+2+2+1+2+2-2-2-3+2-3+1-4-1";"uddddruududududduuddddruududududdruudduuuuudddududdruudduuuuudddududd"
"kt1_0454";"Iloisen pojan polska";"Kansantanssit";"Kaikenlaisia 2/4 polskia";"Allegro";"O. A. J. Carlenius";"1867";"378";"2/4";"D";"Sulkava";"";"Inkeri";"Karjalan, Inkerin, ym. alueet";"";"";"";"";"-12+5+4+0-9+5+4+0-9+5+4+0+3-2-10+4+3+0-7+4+3+0-7+4+3+0+3-3+5-2-1-2-2-1+1+2+2+3-2-3-3+1+7-12+5+4+0-9+5+4+0-9+5+4+0+3-2-10+4+3+0-7+4+3+0-7+4+3+0+3-3+5-2-1-2-2-1+1+2+2+3-2-3-3+1";"duurduurduurudduurduurduurududdddduuuuddduuduurduurduurudduurduurduurududdddduuuudddu"
"kt1_0455";"Ristiinan polska";"Kansantanssit";"Kaikenlaisia 2/4 polskia";"";"O. A. J. Carlenius";"1867";"378";"2/4";"D";"Ristiina";"";"Etelä-Savo";"Itä-Suomen lääni";"";"";"";"";"+0+2-2-3-4+5+0+2-2-3-3+5+0+0+1-3-3+1-1-2-2+12+0+2-2-3-4+5+0+2-2-3-3+5+0+0+1-3-3+1-1-2-2-2+0+4+0-2-2+0+4+3+0-1-4+4+3+2-2-2-1+1-3-2-2+0+4+0-2-2+0+4+3+0-1-4+4+3+2-2-2-1+1-3-2";"rudddurudddurruddudddurudddurudddurrudduddddrurddruurdduuudddudddrurddruurdduuudddudd"
"kt1_0456";"Iisalmen polska";"Kansantanssit";"Kaikenlaisia 2/4 polskia";"Allegro Introduktion";"O. A. J. Carlenius";"1867";"379";"2/4";"D";"-()";"";"";"";"";"";"";"";"+0+0+0-1+1+2-2-2-1-2+2+1+2+0-1+1+2-2-2-1-2+2+1+2+0-2-1-2-2+4-4-1+3-3+1+2-1+1+2+1-1+1-3-2+4-5+3+0-1+1+2+1-1+1-3-2+4-5+3+0-1+1+2+1-1+1+2+2-4-3-2+4-4-1+3-3+1";"rrrduudddduuurduudddduuurddddudduduuduuududdudurduuududdudurduuuduuuddduddudu"
"kt1_0457";"Renkimiehen polska";"Kansantanssit";"Kaikenlaisia 2/4 polskia";"Allegretto";"O. A. J. Carlenius";"1867";"379";"2/4";"D";"Häme";"";"Karjalan kannas";"Karjalan, Inkerin, ym. alueet";"";"";"";"";"+5+4-4+5-3-3+3+2-4-5+5+4-4+5-3-3+3-2-5+5+4-4+5-3-3+3+2-4-5+5+4-4+5-3-3+3-2+5-3+2-4+5-3+2-4-5+5+4-4+5-3-3+3-2+5-3+2-4+5-3+2-4-5+5+4-4+5-3-3+3-2";"uududduudduududdudduududduudduududdudududududduududdudududududduududdud"
"kt1_0458";"Uusi Hollolan polska";"Kansantanssit";"Kaikenlaisia 2/4 polskia";"Allegro";"O. A. J. Carlenius";"1858";"380";"2/4";"D";"Hollola";"";"Päijät-Häme";"Länsi-Suomen lääni";"";"";"";"";"+5+4+3+2-2-2-3-7+4+3+3+2-2-1-2-7+5+4-9+4+3-7+4+3-2-3-2+5+4+3+2-2-2-3-7+4+3+3+2-2-1-2-7+5+4-9+4+3-7+4+3-2-3-9+7-3+3-3+3-3+3-7+9-4+4-4+4-4+4-2+4+3+3-1-2-2-1+0+1+0-12+7-3+3-3+3-3+3-7+9-4+4-4+4-4+4-2+4+3+3-1-2-2-1+0+1";"uuuudddduuuudddduuduuduuddduuuudddduuuudddduuduuduudddududududududududuuuddddrurdududududududududuuuddddru"
"kt1_0459";"Pienen pelimannin polska";"Kansantanssit";"Kaikenlaisia 2/4 polskia";"Allegretto";"O. A. J. Carlenius";"1858";"380";"2/4";"D";"Lammi";"";"Kanta-Häme";"Etelä-Suomen lääni";"";"";"";"";"+5+4+0-2+2-2-2-1+0+3+0+2+1+2-2-1+0-2-2-5+0+5+4+0-2+2-2-2-1+0+3+0+2+1+2-2-1+0-2-2-5+9+0+1+2+0-2+0-1-4+2+0-2-1+0-4+5+0+0+2+0+2+1+2-2-1+0-2-2+0+2+0-2-1+0-4+5+0";"uurdudddruruuuddrdddruurdudddruruuuddrddduruurdrddurddrdurruruuuddrddrurddrdur"
"kt1_0460";"Janakkalan polska";"Kansantanssit";"Kaikenlaisia 2/4 polskia";"Allegro";"O. A. J. Carlenius";"1867";"381";"2/4";"G";"Lammi";"";"Kanta-Häme";"Etelä-Suomen lääni";"";"";"";"";"+5+2-2-1-2-2+4+3+3-3+5-2+2+5-1+1-1-2+3-3-2-12+5+2-2-1-2-2+4+3+3-3+5-2+2+5-1+1-1-2+3-3-2+5-1-2-2-2-1-2+2+1+2+2-2-2-1-2-2-1+1+2+2+3-2-3-3+1+4+3+5-1-2-2-2-1-2+2+1+2+2-2-2-1-2-2-1+1+2+2+3-2-3-3+1";"uudddduuududuududduddduudddduuududuududduddudddddduuuudddddduuuuddduuuudddddduuuudddddduuuudddu"
"kt1_0461";"Wanajan polska";"Kansantanssit";"Kaikenlaisia 2/4 polskia";"";"O. A. J. Carlenius";"1867";"381";"2/4";"A";"Wanaja(Vanaja)";"";"Kanta-Häme";"Etelä-Suomen lääni";"";"";"";"";"+4+3-2-1-2-2+2+3-1+3+5-1-2-2+2+2+1-12+4+3-2-1-2-2+2+3-1+3+5-1-2-2+2+2+1-3-4+4+3-3-2-2-1-2-2-5+5+2+2+1+2+5-1-4+2+2+1-3-4+4+3-3-2-2-1-2-2-5+5+2+2+1+2+5-1-4+2+2+1";"uudddduuduuddduuuduudddduuduuddduuudduuddddddduuuuuudduuudduuddddddduuuuuudduuu"
"kt1_0462";"";"Kansantanssit";"Kaikenlaisia 2/4 polskia";"";"O. A. J. Carlenius";"1867";"382";"2/4";"Bb";"Sääksmäki";"";"Pirkanmaa";"Länsi-Suomen lääni";"";"";"";"";"+0-4-1+1+4+0-2+0-2+0-1-4+4+2+1+2-2-2-5+9+0-4-1+1+4+0-2+0-2+0-1-4+4+1-1-2+2+1+7+2-2-2-1-4+4+3+5-3-4+4+0-2-2-1-4+4+3-5+2+1-3-2";"rdduurdrdrdduuuudddurdduurdrdrdduudduuuudddduuuddurdddduuduudd"
"kt1_0463";"";"Kansantanssit";"Kaikenlaisia 2/4 polskia";"";"O. A. J. Carlenius";"1867";"382";"2/4";"d";"Sääksmäki";"";"Pirkanmaa";"Länsi-Suomen lääni";"";"";"";"";"+5+0-5+0-2+2+1-1-8+1+2+3-2+0-1-2-1+1+3+4+5+0-5+0-2+2+1-1-8+1+2+3-2+0-1-2-1+1+0+2+3-2-1-2+2+5+0-2-2-1-2+2+3-2-1-2-1+1+2-3+1-5+5+2+3-2-1-2+2+5+0-2-2-1-2+2+3-2-1-2-1+1+2-3+1-5";"urdrduudduuudrddduuuurdrduudduuudrddduruuddduurdddduudddduududuuuddduurdddduudddduudud"
"kt1_0464";"";"Kansantanssit";"Kaikenlaisia 2/4 polskia";"";"O. A. J. Carlenius";"1840";"383";"3/4 ja 2/4";"D";"Sääksmäki";"";"Pirkanmaa";"Länsi-Suomen lääni";"";"";"";"";"+5-5-2-1-2-2+7+5+4-4-5+4+3-3+0+1-5-2-1-2-2+9-4-5+5+4-4-5+5+4-4-5+5+2-3-4+4+3-3-4+4+3-3-4+4+5-4-5+5+4-4-5+5+4-4-5+5+2-3-4+4+3-3-4+4+3-3-4+4+3+2+2+1+2+3-1-4+4-2-2-1+0+1+0-3-4-5+5+4-4-5+5+4-4-5+5+2-3-4+4+3-3-4+4+3-3-4+4+5-4-5+5+4-4-5+5+4-4-5+5+2-3-4+4+3-3-4+4+3-3-4+4+3+2+2+1+2+3-1-4+4-2-2-1+0+1+0+5-1-2+2-4+2+2+3+0-2-1+1-3+3-8+3-3+3-1+1-3+2+1+4-2+2-2-2-1+1-1-2-2+10-1-2+2-4+2+2+3+0-2-1+1-3+3-8+3-3+3-1+1-3+2+1+4-2+2-2-2-1+1-1-2-2";"uddddduuudduudrudddddudduudduudduudduudduudduudduudduudduudduudduudduuuuuuuddudddrurddduudduudduudduudduudduudduudduudduudduudduudduuuuuuuddudddrurudduduuurddudududududuuududddudddudduduuurddudududududuuududdduddd"
"kt1_0465";"Hämeenkyrön polska";"Kansantanssit";"Kaikenlaisia 2/4 polskia";"";"O. A. J. Carlenius";"1867";"384";"2/4";"D";"Hämeenkyrö";"";"Pirkanmaa";"Länsi-Suomen lääni";"";"";"";"";"-2+2+2+2+3-2-1+3-2-1-2-2-5+2+1-3-2-1-4+4+3-2+4+3-2+2+2+2+3-2-1+3-2-1-2-2-5+2+1-3-2-1-4+4+3-2+4+0+0-4+4-2-2-1+3+2+1-1+3-2-3-2-1-4+2+2+1-5+9+0-4+4-2-2-1+3+2+1-1+3-2-3-2-1-4+2+2+1-5";"duuuudduddddduudddduuduuduuuudduddddduudddduudurrduddduuududdddduuudurduddduuududdddduuud"
"kt1_0466";"Suutar-Matin polska";"Kansantanssit";"Kaikenlaisia 2/4 polskia";"";"O. A. J. Carlenius";"1867";"384";"2/4";"F";"Hämeenkyrö";"";"Pirkanmaa";"Länsi-Suomen lääni";"";"";"";"";"+10-3+2-5-4+4+1-3-4+2+10-3+2-5-4+4+3-2-3-2-3+3+0-2-3+3+0-1-4+4+8-3+0-2-3+3+0-2-3+3+0-1-4+4+8-3-2-3+3+0-2-3+3+0-1-4+4+8-3+0-2-3+3+0-2-3+3+0-1-4+4+8";"ududduudduududduuddddurddurdduudrddurddurdduudddurddurdduudrddurddurdduu"
"kt1_0467";"Wirtain polska";"Kansantanssit";"Kaikenlaisia 2/4 polskia";"Allegretto";"O. A. J. Carlenius";"1840";"385";"2/4";"D";"Wirrat(Virrat)";"";"Pirkanmaa";"Länsi-Suomen lääni";"";"";"";"";"+3-1+1-3-4+5+4-2+2-5+1-3+3-1+3-1+1-3-4+2+3-6+3-2+4+0+3-1+1-3-4+5+4-2+2-5+1-3+3-1+3-1+1-3-4+2+3-6+3-2+4+1-1-2-2-5+0+4+3+2+1-1+3-2-1+1-3-3-4+2+2+1+4+0+1-1-2-2-5+0+4+3+2+1-1+3-2-1+1-3-3-4+2+2+1";"ududduududududududduududurududduududududududduududuuddddruuuududduddduuuuruddddruuuududduddduuu"
"kt1_0468";"Keuruun polska";"Kansantanssit";"Kaikenlaisia 2/4 polskia";"Allegretto";"O. A. J. Carlenius";"1850";"385";"2/4";"F";"Keuruu";"";"Keski-Suomi";"Länsi-Suomen lääni";"";"";"";"";"+0-4+4+0+1-3-2-1+3-1+1+2-2-2-1-2+2+1-5+9+0-4+4+0+1-3-2-1+3-1+1+2-2-2-1-2+2+1-8+3+2-2-3+3-2+4+0-4+4-2+5-1+3-2-1-2+2+1-12+4+3+2-2-3+3-2+4+0-4+4-2+5-1+3-2-1-2+2+1";"rduruddduduudddduudurduruddduduudddduuduuddudurdudududdduuduuuddudurdudududdduu"
"kt1_0469";"Akaan polska";"Kansantanssit";"Kaikenlaisia 2/4 polskia";"";"O. A. J. Carlenius";"1867";"386";"2/4";"D";"Akaa";"";"Pirkanmaa";"Länsi-Suomen lääni";"";"";"";"";"+5-1+1+4-2-2+2+3-1-2+2+3+0-2-1+1-3+3-1-2-2+4-2+2-2-2-1+1-1-2-2+5-1+1+4-2-2+2+3-1-2+2+3+0-2-1+1-3+3-1-2-2+4-2+2-2-2-1+1-1-2-2-7+4+3-3-4+4+3+3+0-1-9+5+4-4-5+5+4+3+0-1-4+4+3-3-4+4+3-3+1-1-2-2-2-1-2-2+2-2+0+4+3-3-4+4+3+3+0-1-9+5+4-4-5+5+4+3+0-1-4+4+3-3-4+4+3-3-4+4+3-3-4+4+3+3-1-4+4-2-2-1+0+1+0";"uduudduudduurddududddududdduddduduudduudduurddududddududddudddduudduuurdduudduuurdduudduududddddddudruudduuurdduudduuurdduudduudduudduuuddudddrur"
"kt1_0470";"""Jokos tahdot tiliä laittaa?""";"Kansantanssit";"Kaikenlaisia 2/4 polskia";"";"O. A. J. Carlenius";"1830";"386";"2/4";"C";"Pirkkala";"";"Pirkanmaa";"Länsi-Suomen lääni";"";"";"Menee d-mollissa.";"";"+1-1-2+2-3+3+5-2-2-1-3+1+2+3-2+0-1-2-1+1-5+7+1-1-2+2-3+3+5-2-2-1-3+1+2+3-2+0-1-2-1+1+7-2-2-1+3-2-1-2-1+1+2-3-4+0+5+2+3-2+0-1-2-1+1+3+4-2-2-1+3-2-1-2-1+1+2-3-4+0+5+2+3-2+0-1-2-1+1";"udduduudddduuudrddduduudduduudddduuudrddduudddudddduuddruuudrddduuudddudddduuddruuudrdddu"
"kt1_0471";"Hämeen polska";"Kansantanssit";"Kaikenlaisia 2/4 polskia";"Allegro";"O. A. J. Carlenius";"1867";"387";"2/4";"d";"Wesilahti(Vesilahti)";"";"Pirkanmaa";"Länsi-Suomen lääni";"";"";"";"";"+1-1-2+2+1-1-2+2+1-1-2-2+2-2-1-2-1+1+2+1+0-3-1+1+2+1+0-1-3-4+4+4+0-8+5+0+2+1-1+1-3+2+1-1+1+2-2+2+2-4-1+0-3-4+5+0+2+3-2-1+1-3+2+1-1+1+2-2-1+1-1-2+3-1-2-1+1+0-5+5+0+2+1-1+1-3+2+1-1+1+2-2+2+2-4-1+0-3-4+5+0+2+3-2-1+1-3+2+1-1+1+2-2-1+1-1-2+3-1-2-1+1+0";"udduudduudddudddduuurdduuurddduurduruududuuduuduuddrdduruudduduuduudduddudddurduruududuuduuduuddrdduruudduduuduudduddudddur"
"kt1_0472";"Kaiken maailman polska";"Kansantanssit";"Kaikenlaisia 2/4 polskia";"Allegretto";"O. A. J. Carlenius";"1840";"388";"2/4 ja 3/4";"D";"Pirkkala";"";"Pirkanmaa";"Länsi-Suomen lääni";"";"";"";"";"+2+2+1+2+2-2-1+1+2+2+1-12+2+2+1+4-2-1+0+1+0-7+2+2+1+2+2-2-1+1+2+2+1-12+2+2+1+4-2-1+0+1+0+0+5+4-4-5+4+3-3-4+5+2+2+1+0-1-4+4-4+2+0+5+2-2-3+1-3+2-4+4-2-2-1+0+1+0-5+5+4-4-5+4+3-3-4+5+2+2+1+0-1-4+4-4+2+0+5+2-2-3+1-3+2-4+4-2-2-1+0+1+0";"uuuuudduuuuduuuuddrurduuuuudduuuuduuuuddrurruudduudduuuurdduduruuddudududddrurduudduudduuuurdduduruuddudududddrur"
"kt1_0473";"";"Kansantanssit";"Kaikenlaisia 2/4 polskia";"Lento";"O. A. J. Carlenius";"1867";"388";"2/4 ja 3/4";"d";"Kokkola";"";"Keski-Pohjanmaa";"Länsi-Suomen lääni";"";"";"";"";"+0+1-1-2-2-1+1+2-2-1-2-2+2+2+1-1-2-2+2+2+1+2+2-2+3-1+0-4+2-2-1-2-2+2+2+1-1-2-2+2+2+1+2-2-1+5-2-2-1-2-2+0+2+0+2+0-2-2-2-1+12-4+2-2-1-2+3-1-2-2-2-1+12-4+2-2-1-2-2+2+2+1-1-2-2+5-1+1+2+2-2+3-1+0-2-2-1+5+1-1+0-2-2+0-1-2-2+0+2+0+2+0-2-2-2-1+12-4+2-2-1-2+3-1-2-2-2-1+12-4+2-2-1-2-2+2+2+1-1-2-2+5-1+1+2+2-2+3-1+0-2-2-1+5+1-1+0-2-2+0-1-2-2+0+2+0";"rudddduudddduuuddduuuuududrdudddduuuddduuuuddudddddrururddddududddudddddududddduuuddduduuududrddduudrddrdddrururddddududddudddddududddduuuddduduuududrddduudrddrdddrur"
"kt1_0474";"Rensseliä";"Kansantanssit";"Kaikenlaisia 2/4 polskia";"";"I. J. Inberg";"1857";"389";"2/4";"G";"Orivesi";"";"Pirkanmaa";"Länsi-Suomen lääni";"";"";"";"";"+0-1+1+0-1+1+0-3-4+0+2+0+2+1+2-2-1+0-2-2+0+7+0-1+1+0-1+1+0-3-4+0+2+0+2+1+2-2-1+0-2-2+0+7+0+5+0-5-3-4+0+2+0+2+1+2-2-1+0-2-2+0+7+0+5+0-5-3-4+0+2+0+2+1+2-2-1+0-2-2+0";"rdurdurddruruuuddrddrurdurdurddruruuuddrddrururdddruruuuddrddrururdddruruuuddrddr"
"kt1_0475";"";"Kansantanssit";"Kaikenlaisia 2/4 polskia";"";"I. J. Inberg";"1857";"389";"2/4";"Bb";"Wanaja(Vanaja)";"";"Kanta-Häme";"Etelä-Suomen lääni";"";"";"";"";"-3+3+5-1+1+4-2-2+2+2+3+0-3+3+5-1+0-2+3-3-2-12-3+3+5-1+1+4-2-2+2+2+3+0-3+3+5-1+0-2+3-3-2+5-1-2-2-2-1-2-2-1+1+2+2-4-5+5+4+3+0-2-3-3+1+12-1-2-2-2-1-2-2-1+1+2+2-4-5+5+4+3+0-2-3-3+1";"duuduudduuurduudrdudddduuduudduuurduudrduddudddddddduuudduuurddduudddddddduuudduuurdddu"
"kt1_0476";"";"Kansantanssit";"Kaikenlaisia 2/4 polskia";"";"I. J. Inberg";"1857";"390";"2/4";"G";"Lempäälä";"";"Pirkanmaa";"Länsi-Suomen lääni";"";"";"";"";"+0-1+3+5-1-2-2-3+3-2+0-1-2+2+1-5+5+0-1+3+5-1-2-2-3+3-2+0-1-2+2+1-5+5+4+1+2+2+2+1-1-2-2-2-1-2+0-2-1+3+5-2-1-2-2+0+4+1+2+2+2+1-1-2-2-2-1-2+0-2-1+3+5-2-1-2-2";"rduuddddudrdduudurduuddddudrdduuduuuuuuuddddddrdduuddddruuuuuuddddddrdduudddd"
"kt1_0477";"";"Kansantanssit";"Kaikenlaisia 2/4 polskia";"";"I. J. Inberg";"1857";"390";"2/4";"d";"Hattula";"";"Kanta-Häme";"Etelä-Suomen lääni";"";"";"";"";"-2-1+1+4-5+0-3+3+3+0-2-1+1-3+3+0-1-2-1+1+5-2-1+1+4-5+0-3+3+3+0-2-1+1-3+3+0-1-2-1+1+7-2-2-1+1-1+1-3+2-2+2-3-4+0+0+5+3-1-2-1+1+2-3+1+3+2-2-1+1-1-2+2-2-1-4+0+12+0-2+0-2-1+1-3+2+1+2-2-1+1-1-2+2-2-1-4+0+12+0-2+0-2-1+1-3";"dduudrduurddudurddduudduudrduurddudurddduudddududududdrruuddduuduuudduddudddrurdrdduduuudduddudddrurdrddud"
"kt1_0478";"";"Kansantanssit";"Kaikenlaisia 2/4 polskia";"";"I. J. Inberg";"1857";"391";"2/4";"A";"Hattula";"";"Kanta-Häme";"Etelä-Suomen lääni";"";"";"";"";"+4+3-2+0-1-2+2-4+0+0+4+3+5-1+1+2-3+1-12+4+3-2+0-1-2+2-4+0+0+4+3+5-1+1+2-3+1-3-4+4+0+0+0-2-3+3+0+0+0-3-2+0+10-1+1+2-3+1-3-4+4+0+0+0-2-3+3+0+0+0-3-2+0+10-1+1+2-3+1";"uudrddudrruuuduududuudrddudrruuuduududdurrrddurrrddruduududdurrrddurrrddruduudu"
"kt1_0479";"Saunamaijaa";"Kansantanssit";"Kaikenlaisia 2/4 polskia";"";"I. J. Inberg";"1857";"391";"2/4";"D";"Renko";"";"Kanta-Häme";"Etelä-Suomen lääni";"";"";"";"";"+5-1-2-2+5-1-2-2+4+0+3+0-2-1-2-2+5-1-2-2+5-1-2-2+4+0+3+0-2-1-2+3+0-1-2+0-2-1+0-4+2+2+1+0+5+0-1-2+0-2-1+0-4+2+2+1+0";"udddudddururddddudddudddururdddurddrddrduuururddrddrduuur"
"kt1_0480";"";"Kansantanssit";"Kaikenlaisia 2/4 polskia";"";"I. J. Inberg";"1857";"391";"2/4";"D";"Renko";"";"Kanta-Häme";"Etelä-Suomen lääni";"";"";"";"";"+0+0+2+2+1-5+1-3+2+0+0+2+2+1-5+1-3+2-2-1+1-1-2-2+2+2+1+0+2-2-1+1-1-2-2+2+2+1+0";"rruuududurruuudududduddduuurudduddduuur"
"kt1_0481";"";"Kansantanssit";"Kaikenlaisia 2/4 polskia";"";"I. J. Inberg";"1857";"392";"2/4";"D";"Sääksmäki";"";"Pirkanmaa";"Länsi-Suomen lääni";"";"";"";"";"-5-2-1+0+1-3+0+2-4+0+7+5-1+1+2+2+1-3-3-4+5+0-5-2-1+0+1-3+0+2-4+0+7+5-1+1+2+2+1-3-3-4+5+0+0+4+3+0-2-1-2+2+1+0+0-1-2-2-1+1+2+2+1-3-3-4+5+0+0+4+3+0-2-1-2+2+1+0+0-1-2-2-1+1+2+2+1-3-3-4+5";"dddrudrudruuduuuudddurdddrudrudruuduuuudddurruurddduurrdddduuuudddurruurddduurrdddduuuudddu"
"kt1_0482";"Paripolskaa";"Kansantanssit";"Kaikenlaisia 2/4 polskia";"";"I. J. Inberg";"1857";"392";"2/4";"D";"Sääksmäki";"";"Pirkanmaa";"Länsi-Suomen lääni";"";"";"";"";"+4+0-2+2+1-5+4+0-2+2+1-3+0+5-2-1+1+2-3+0-4+0+4+0-2+2+1-5+4+0-2+2+1+4+2+1-3-2-1+1+0-7+4+0-2+2+1-5+4+0-2+2+1-3+0+5-2-1+1+2-3+0-4+0+4+0-2+2+1-5+4+0-2+2+1+4+2+1-3-2-1+1+0+2-3+3+5-2-1+1+2-3-4+4-2-3+3+5-2-1+1+2-3-4+2-3+3+5-2-1+1+2-3-4+4-2-3+3+5-2-1+1+2-3-4+5+4+0-4+4-4-1+3+0-3+3-3-2+2+1-3-2-1+1+0+5+4+0-4+4-4-1+3+0-3+3-3-2+2+1-3-2-1+1+0";"urduudurduudrudduudrdrurduudurduuuuudddurdurduudurduudrudduudrdrurduudurduuuuuddduruduudduuddudduudduudduduudduuddudduudduudduurduddurdudduuddduruurduddurdudduudddur"
"kt1_0483";"Simolan vaarin polska";"Kansantanssit";"Kaikenlaisia 2/4 polskia";"";"I. J. Inberg";"1857";"393";"2/4";"G";"Wesilahti(Vesilahti)";"";"Pirkanmaa";"Länsi-Suomen lääni";"";"";"";"";"+4+3-2-1-2-2+7+2+2+1-3-2-3+1+4-4-3+3-1+3-3-4+4-2+3-3-3+3+0-2+12-3+3-1-2-2+2+2+1-3-2-3+1+4-4-3+3-1+3-3-4+4-2+3-3-3+3+0-2";"uudddduuuuddduuddududdududdurdududdduuuddduuddududdududdurd"
"kt1_0484";"Laula kukko!";"Kansantanssit";"Kaikenlaisia 2/4 polskia";"";"I. J. Inberg";"1857";"393";"2/4";"D";"Hämeenlinna";"";"Kanta-Häme";"Etelä-Suomen lääni";"";"";"";"";"+0-8+0+1+0-3+0+9+0+3+0+2+0-4-5+5+0-8+0+1+0-3+0+9+0+3+0-2+0+0-3+0+1+0-1+0-4+0+2+0-3+3+2+0-4-5+9+0+1+0-1+0-4+0+2+0-3+0+1+0+0";"rdrurdrurururddurdrurdrururdrrdrurdrdrurduurddururdrdrurdrurr"
"kt1_0485";"";"Kansantanssit";"Kaikenlaisia 2/4 polskia";"";"I. J. Inberg";"1857";"394";"2/4";"D";"Hauho";"";"Kanta-Häme";"Etelä-Suomen lääni";"";"";"";"";"+4+3-3-4+4+3-3-4+4+3-3-2+0+0-2+2+3-1-4+4+3-3-4+4+3-3-4+4+3-3-2+0+0-2+2+3-1+3+2+2+1+2+3-1-2-2-1+1-5-2+9+5+0+0+0+0-2-1-2-2-1+1+2-3-4+2+2+1+2+3-1-2-2-1+1-5-2-1+1+2+12+0+0+0+0-2-1-2-2-1+1+2-3-4+2+2+1+2+3-1-2-2-1+1+0+2+5+0+0+0+0-2-1-2-2-1+1+2-3-4+2+2+1+2+3-1-2-2-1+1-5-2-1+1+2+12+0+0+0+0-2-1-2-2-1+1+2-3-4+2+2+1+2+3-1-2-2-1+1+0";"uudduudduuddrrduudduudduudduuddrrduuduuuuuuddddudduurrrrddddduudduuuuudddduddduuurrrrddddduudduuuuudddduruurrrrddddduudduuuuudddduddduuurrrrddddduudduuuuuddddur"
"kt1_0486";"Jos sais naida";"Kansantanssit";"Kaikenlaisia 2/4 polskia";"";"I. J. Inberg";"1857";"395";"2/4";"G";"Keski-Suomi";"";"Keski-Suomi";"Länsi-Suomen lääni";"";"";"";"";"+0+0+0+0+2-2-2-1+0-4+2+2-4+2+2+0-2+0+3+0+0+0+0+2-2-1-2+0-3+1+2-3+1+2+0-2+0+4+3+0-3+0-2+0+0+2+1+4+0-4+0-1+0+0-2+2+3+0-3+0-2+0+0+2+5-2-2-1+3-2-1-2-2+0+0";"rrrrudddrduuduurdrurrrrudddrduuduurdruurdrdrruuurdrdrrduurdrdrruuddduddddrr"
"kt1_0487";"Pitkinpäistä";"Kansantanssit";"Kaikenlaisia 2/4 polskia";"Harvaan";"I. J. Inberg";"1857";"395";"2/4";"D";"Akaa";"";"Pirkanmaa";"Länsi-Suomen lääni";"";"";"";"";"+5+2-2-1+1+2-2+4+1-1-2+2-4+7+0-2-1+1+0-1-2+2+0-2-2-1-2+2-2-2+0+5+2-2-1+1+2-2+4+1-1-2+2-4+7-2-1-2-2-1+1-3+8-1-5+3-2-5+0+0+2+2-2-2+2+0+2+0+0+1-1-2+2+1+2+5-2-1+1-1-2-2-1-2-2";"uudduuduuddudurddurddurdddduddruudduuduuddududddddududduddrruuddururrudduuuuddudddddd"
"kt1_0488";"";"Kansantanssit";"Kaikenlaisia 2/4 polskia";"";"P. Salonius";"1870";"396";"2/4";"Bb";"Siikainen";"";"Satakunta";"Länsi-Suomen lääni";"";"";"";"";"+2-2-1+3+5-2-1-2-7+5+4-4-1+3-3-2+2+1-5+5+2-2-1+3+5-2-1-2-7+5+4-4-1+3-3-2+2+1-5+5+4+3+5+0-1-2-2+2-4-1-2-3-4+2+2+1-5+5+4+3+5+0-1-2-2+2-4-1-2-3-4+2+2+1";"udduudddduuddudduuduudduudddduuddudduuduuuurddduddddduuuduuuurddduddddduuu"
"kt1_0489";"";"Kansantanssit";"Kaikenlaisia 2/4 polskia";"";"P. Salonius";"1870";"396";"2/4";"D";"Isojoki";"";"Etelä-Pohjanmaa";"Länsi-Suomen lääni";"";"";"";"";"+5+4-4-1+1+2+2+1+0-1+1-1-2-2+0-1+1+2-3+1-5+0+5+4-4-1+1+2+2+1+0-1+1-1-2-2+0-5+4+3-3+1+7-2-1+0-2-2+2+2+1+0-1+1-1-2-2+0-5+4+3-3+1+7-2-1+0-2-2+2+2+1+0-1+1-1-2-2+0-5+4+3-3+1";"uudduuuurdudddrduududruudduuuurdudddrduuduuddrdduuurdudddrduuduuddrdduuurdudddrduudu"
"kt1_0490";"";"Kansantanssit";"Kaikenlaisia 2/4 polskia";"";"P. Salonius";"1870";"397";"2/4";"D";"Isojoki";"";"Etelä-Pohjanmaa";"Länsi-Suomen lääni";"";"";"";"";"-3-4+4+3-3-4+4+1-3+0+0+5-3-4+4+3-3-4+4+1-3-3+3-2+7-3-4+4+3-3-4+4+1-3+0+0+5-3-4+4+3-3-4+4+1-3-3+3-2-5+2+2-4+4+3-2+0+2+0+2+0+1-3-3+3-2+0-5+2+2-4+4+3-2+0+2+0+2+0+1-3-3+3-2";"dduudduudrrudduudduuddududduudduudrrudduudduuddudduuduudrururuddudrduuduudrururuddud"
"kt1_0491";"";"Kansantanssit";"Kaikenlaisia 2/4 polskia";"";"P. Salonius";"1870";"397";"2/4";"A";"Isojoki";"";"Etelä-Pohjanmaa";"Länsi-Suomen lääni";"";"";"";"";"+0+0-3-4+4+3+0+0-3-4+4+3+0+5+0+0-1-2+2+1-5+0+0-3-4+4+3+0+0-3-4+4+3+0+5+0+0-1-2+2+1+0+0+0-5-3+3-2+4-4+4-7+2+1+2+2-4+2-2-1-2-2+12+0+0-5-3+3-2+4-4+4-7+2+1+2+2-4+2-2-1-2-2";"rrdduurrdduururrdduudrrdduurrdduururrdduurrrddudududuuuududdddurrddudududuuuududddd"
"kt1_0492";"";"Kansantanssit";"Kaikenlaisia 2/4 polskia";"Allegro vivace";"P. Salonius";"1870";"398";"2/4";"D";"Karstula";"";"Keski-Suomi";"Länsi-Suomen lääni";"";"";"";"";"+5-8+3-2-1+1-3-2+2+2+1+2+5-8+3-2-1+1-3-2+7+5-8+3-2-1+1-3-2+2+2+1+2+5-8+3-2-1+1-3-2-1+1+2+2+1-3-2+4-4-5+4+3-3+1+4+3-2-1+1-3-2-1+1+2+2+1-3-2+4-4-5+4+3-3+1+4+3-2-1+1-3-2";"ududdudduuuuududdudduududdudduuuuududduddduuuuddudduuduuudduddduuuuddudduuduuuddudd"
"kt1_0493";"";"Kansantanssit";"Kaikenlaisia 2/4 polskia";"Allegro non tanto";"P. Salonius";"1870";"398";"2/4";"Bb";"Multia";"";"Keski-Suomi";"Länsi-Suomen lääni";"";"";"";"";"+3-1+0-2-2-3+3-2-1-2-2+0+7+5-1+0-2-2-3+3-2-1-2-2+9+3-1+0-2-2-3+3-2-1-2-2+0+7+5-1+0-2-2-3+3-2-1-2-2-5+5+4-4-5+5+4-4-5+5+4+3+0+0+4-2-2+0-2-1+0-2+3-3-2-5+0+5+4-4-5+5+4-4-5+5+4+3+0+0+4-2-2+0-2-1+0-2+3-3-2";"udrddduddddruudrdddudddduudrddduddddruudrddduddddduudduudduuurruddrddrdudddruudduudduuurruddrddrdudd"
"kt1_0494";"";"Kansantanssit";"Kaikenlaisia 2/4 polskia";"Allegro vivace";"P. Salonius";"1870";"399";"2/4";"D";"Keuruu";"";"Keski-Suomi";"Länsi-Suomen lääni";"";"";"";"";"-1-2+2+1+2+0-3+1+2+0+0-2-1-2+2+1+2+0-3+1+4-2-2-1-2+2+1+2+0-3+1+2+0+0-2-1-2+2+1+2+0-3+1+4-2+0-2-1+1-3-2+4-4-1+3-3+1+4-4+7-2-1+1-3-2+4-4-1+3-3+1+7-2-1+1-3-2+4-4-1+3-3+1+4-4+7-2-1+1-3-2+4-4-1+3-3+1";"dduuurduurrddduuurduudddduuurduurrddduuurduudrdduddudduduududduddudduduudduddudduduududdudduddudu"
"kt1_0495";"Kokemäen polkka";"Kansantanssit";"Kaikenlaisia 2/4 polskia";"Allegro";"P. Salonius";"1870";"399";"2/4";"D";"Keuruu";"";"Keski-Suomi";"Länsi-Suomen lääni";"";"";"";"";"-2-2-1+3+5-5-2+0-1-2-2-1+1+2+2+1-3-3+3-2+4+5-2-2-1+3+5-5-2+0-1-2-2-1+1+2+2+1-3-3+3-2-5+5+4-4-5+4+3-3-4+5+4-4-5+4+3-3-4+5+4-4+2+0+2+1-3-3+3-2-5+0+5+4-4-5+4+3-3-4+5+4-4-5+4+3-3-4+5+4-4+2+0+2+1-3-3+3-2+5-1-2+2+1+0-3+2+0-2+0+2+0+1-1-2+2+1+0-3+2+0-2+0-2";"ddduuddrdddduuuudduduuddduuddrdddduuuuddudduudduudduudduudduuduruudduddruudduudduudduudduuduruuddududduurdurdrurudduurdurdrd"
"kt1_0496";"";"Kansantanssit";"Kaikenlaisia 2/4 polskia";"";"P. Salonius";"1870";"400";"2/4";"A";"Ätsäri(Ähtäri)";"";"Etelä-Pohjanmaa";"Länsi-Suomen lääni";"";"";"";"";"+5+0+0-5+5+0+0-5-2-1+1-3-2+2+2+0+3-2+0+4-2-2-1-2-2+7+5+0+0-5+5+0+0-5-2-1+1-3-2+2+2+0+3-2+0+4-2-2-1-2-2-5+5+0+4+0+0-2+0-2+5+0+0+2+0-2+4+0+0-2-2-1-2-2-5+5+0+4+0+0-2+0-2+5+0+0+2+0-2+4+0+0-2-2-1-2-2";"urrdurrdddudduurudruddddduurrdurrdddudduurudruddddddururrdrdurrurdurrddddddururrdrdurrurdurrddddd"
"kt1_0497";"Polska";"Kansantanssit";"Kaikenlaisia 2/4 polskia";"";"P. Salonius";"1870";"400";"2/4";"D";"Parkano";"";"Pirkanmaa";"Länsi-Suomen lääni";"";"";"";"";"+5+4-4-5+4+3-3-4+5+4-4-5+4+3-3-4+5+4-4-5+4+3+2+1-1+1-3-2-5+0+5+4-4-5+4+3-3-4+5+4-4-5+4+3-3-4+5+4-4-5+4+3+2+1-1+1-3-2-5+12+2-2-2-1+3+5-5-2-1+1-3-7+5+4-4-5+4+3-3+6-3-3+3-2+7+2-2-2-1+3+5-5-2-1+1-3-7+5+4-4-5+4+3-3+6-3-3+3-2";"uudduudduudduudduudduuuududddruudduudduudduudduudduuuududdduuddduudddudduudduududduduuddduudddudduudduududdud"
"kt1_0498";"Polska";"Kansantanssit";"Kaikenlaisia 2/4 polskia";"";"P. Salonius";"1870";"401";"2/4";"C";"Parkano";"";"Pirkanmaa";"Länsi-Suomen lääni";"";"";"";"";"+0+0+3-3-2+3-3-2+4-4-5+5+4-4-5+5+4-4-5+5+4-4-5+5+4-4+7-2+2+2-2-2-1+0-2+2+0+0+3-3-2+3-3-2+4-4-5+5+4-4-5+5+4-4-5+5+4-4-5+5+4-4+7-2+2+2-2-2-1+0-2+5+5+0-1+0-2+0-2-2+4-4+4-5+3-3+3-5+3-3-2+4-4+7-2+2+2-2-2-3+0-2+7+5+0-1+0-2+0-2-2+4-4+4-5+3-3+3-5+3-3-2+4-4+7-2+2+2-2-2-3+0-2";"rrudduddudduudduudduudduududuudddrdurrudduddudduudduudduudduududuudddrduurdrdrddudududududdududuudddrduurdrdrddudududududdududuudddrd"
"kt1_0499";"";"Kansantanssit";"Kaikenlaisia 2/4 polskia";"";"P. Salonius";"1870";"401";"2/4";"d";"Parkano";"";"Pirkanmaa";"Länsi-Suomen lääni";"";"";"";"";"+1-1+0+1-1-4+4-2-2-3-1+1+2+3-3-2-1-4+4+3-3+1+7+1-1+0+1-1-4+4-2-2-3-1+1+2+3-3-2-1-4+4+3-3+1+3-3+2-3-4+4+3-3+1+0+3+4-4-3+3-3-5+4+3-3+1+3-3+2-3-4+4+3-3+1+0+3+4-4-3+3-3-5+4+3-3+1";"udruddudddduuudddduuduuudruddudddduuudddduuduududduuduruuddudduuduududduuduruuddudduudu"
"kt1_0500";"";"Kansantanssit";"Kaikenlaisia 2/4 polskia";"";"P. Salonius";"1870";"402";"2/4";"Bb";"Parkano";"";"Pirkanmaa";"Länsi-Suomen lääni";"";"";"";"";"-5+5-5+5+4+3-2-1-2+3-1-4-5+5-5+5+4+3-2-1-2-2+0-5+5-5+5+4+3-2-1-2+3-1-4-5+5-5+5+4+3-2-1-2-2+7-3+3+2-2+0-2-1-2+3-1-4-5+5+4+3-2-1-2-2+7-3+3+2-2+0-2-1-2+3-1-4-5+5+4+3-2-1-2-2";"duduuuddduddduduuuddddrduduuuddduddduduuudddduduudrddduddduuudddduduudrddduddduuudddd"
"kt1_0501";"";"Kansantanssit";"Kaikenlaisia 2/4 polskia";"";"P. Salonius";"1870";"402";"2/4";"C";"Parkano";"";"Pirkanmaa";"Länsi-Suomen lääni";"";"";"";"";"+0+0+3-3-2+3-3-2+4-4-5+9+0+0+3-3-2+3-3-2+4-4-5+12-2+2+2+2-2-2+2-2-2+4-4-1+3-2+2+2+2-2-2+2-2-2+4-4-1+3+2-2-2+4-4-1+3-3+1+4-4-1+3-3-2-2-1-2-2+2+2+1+4+0+3-2-1-2-2";"rruddudduddurrudduddudduduuudduddudduduuudduddudduuddudduduuddudddddduuuurudddd"
"kt1_0502";"";"Kansantanssit";"Kaikenlaisia 2/4 polskia";"";"P. Salonius";"1870";"403";"2/4";"G";"Parkano";"";"Pirkanmaa";"Länsi-Suomen lääni";"";"";"";"";"+4+0-2-3-4+4+3-2-1+1-5+5+4+0-2-3-4+4+3-2+0+4+0-2-3-4+4+3-2-1+1-5+5+4+0-2-3-4+4+3-2-5+0-3+1+0-3+2+3+5-3-2+0-3+1+0-3+2+3+5-5+0-3+1+0-3+2+3+5-3-2+0-3+1+0-3+2+3+5";"urddduudduduurddduudrurddduudduduurddduuddrdurduuuddrdurduuudrdurduuuddrdurduuu"
"kt1_0503";"";"Kansantanssit";"Kaikenlaisia 2/4 polskia";"";"P. Salonius";"1870";"403";"2/4";"C";"Parkano";"";"Pirkanmaa";"Länsi-Suomen lääni";"";"";"";"";"+2-2+0-3-4+4+3+5+0-1-2-2-3+3-2-3-3+1+7+2-2+0-3-4+4+3+5+0-1-2-2-3+3-2-3-3+1+7-2-1-9+5-1+1+2+2+5+0-2-2-1+1-3-3-4+5+7-2-1-9+5-1+1+2+2+5+0-2-2-1+1-3-3-4+5";"udrdduuurdddduddduuudrdduuurdddduddduuddduduuuurddduddduuddduduuuurdddudddu"
"kt1_0504";"Juopuneen polska";"Kansantanssit";"Kaikenlaisia 2/4 polskia";"";"P. Salonius";"1870";"403";"2/4";"D";"Parkano";"";"Pirkanmaa";"Länsi-Suomen lääni";"";"";"";"";"+0+0-3+1-3+0+2+3+0+0-3+1-1+1-3-2+7+0+0-3+1-3+0+2+3+0+0-3+1-1+1-3-2+5+2+2+1+0-1+3-3+3-5+0-2+0-1+0+1-1+1-3-2+5+2+2+1+0-1+3-3+3-5+0-2+0-1+0+1-1+1-3-2";"rrdudruurrdududdurrdudruurrdududduuuurdududrdrdrududduuuurdududrdrdrududd"
"kt1_0505";"";"Kansantanssit";"Kaikenlaisia 2/4 polskia";"";"P. Salonius";"1870";"404";"2/4";"C";"Parkano";"";"Pirkanmaa";"Länsi-Suomen lääni";"";"";"";"";"+5+4-4+4+3+2-2-2-1+1-1-2-3-4+4+3+0+3-1+1-3-2-5+0+5+4-4+4+3+2-2-2-1+1-1-2-3-4+4+3+0+3-1+1-3-2-5+5+4+3+5+0-3-4+4+0-2+0+2-2-2-1+1-3-3-4+2+2+1+0+4+3+5+0-3-4+4+0-2+0+2-2-2-1+1-3-3-4+2+2+1";"uuduuudddudddduurududddruuduuudddudddduurududdduuuurddurdruddduddduuuruuurddurdruddduddduuu"
"kt1_0506";"";"Kansantanssit";"Kaikenlaisia 2/4 polskia";"";"P. Salonius";"1870";"404";"2/4";"A";"Wirrat(Virrat)";"";"Pirkanmaa";"Länsi-Suomen lääni";"";"";"";"";"+12-5+5+5-1-2-2+4-2+0+2+1+2+5+0-1+3-3+1-24+7+5+5-1-2-2+4-2+0+2+1+2+5+0-1+3-3+1-3-4+4+2-2-2-2-1+1-3+0+0+2+1+2+5+0-1+3-3+1-3-4+4+2-2-2-2-1+1-3+0-2+2+2+1+2+5+0-1+3-3+1";"uduudddudruuuurdududuuudddudruuuurdududduuddddudrruuuurdududduuddddudrduuuuurdudu"
"kt1_0507";"";"Kansantanssit";"Kaikenlaisia 2/4 polskia";"";"P. Salonius";"1870";"405";"2/4";"D";"Wirrat(Virrat)";"";"Pirkanmaa";"Länsi-Suomen lääni";"";"";"";"";"+2+2+1+2+0+0+4-4-2-1-4+7+2-2-2-1+1-3-2-1+3-3+1+0+2+2+1+2+0+0+4-4-2-1-4+7+2-2-2-1+1-3-2-1+3-3+1+0+4-2-2-1+1-5+2+0-2+2+0-2+0+5+2+2+1-3-2-1+3-3+1+0+4-2-2-1+1-5+2+0-2+2+0-2+0+5+2+2+1-3-2-1+3-3+1";"uuuurrudddduuddduddduduruuuurrudddduudddudddudurudddudurdurdruuuudddudurudddudurdurdruuuudddudu"
"kt1_0508";"";"Kansantanssit";"Kaikenlaisia 2/4 polskia";"";"P. Salonius";"1870";"405";"2/4";"D";"Wirrat(Virrat)";"";"Pirkanmaa";"Länsi-Suomen lääni";"";"";"";"";"+5+4+3-7+5-1-2-2-1-4+4+3+3-1+1-3-3-4+2+2+1-5+5+4+3-7+5-1-2-2-1-4+4+3+3-1+1-3-3-4+2+2+1-12+5+4-4-5+4+3-3-2+0+2-4+4-4+7+5-1+1+2+2+1-1+1-3-2-12+5+4-4-5+4+3-3-2+0+2-4+4-4+7+5-1+1+2+2+1-1+1-3-2";"uuududdddduuududdduuuduuududdddduuududdduuuduudduuddrududuuduuuududdduudduuddrududuuduuuududd"
"kt1_0509";"";"Kansantanssit";"Kaikenlaisia 2/4 polskia";"";"P. Salonius";"1870";"406";"2/4";"G";"Wirrat(Virrat)";"";"Pirkanmaa";"Länsi-Suomen lääni";"";"";"";"";"+5+0-1-4+4+0-2-3+3-2+2+10-1+1+2+0-3-4+2+2+1-12+5+0-1-4+4+0-2-3+3-2+2+10-1+1+2+0-3-4+2+2+1-5+5+0-1-4+4+0-2-4+4-2-3-4+5+0-1-4+4+0-2-3+3-2+7+5+0-1-4+4+0-2-4+4-2-3-4+5+0-1-4+4+0-2-3+3-2";"urddurdduduuduurdduuudurddurdduduuduurdduuudurddurddudddurddurdduduurddurddudddurddurddud"
"kt1_0510";"";"Kansantanssit";"Kaikenlaisia 2/4 polskia";"";"P. Salonius";"1870";"406";"2/4";"A";"Wirrat(Virrat)";"";"Pirkanmaa";"Länsi-Suomen lääni";"";"";"";"";"-3-4+4+0-2-3+3-2-3+0+0+3+0-1-4+4-2-2+0+7+5+0-3-4+4+0-2-3+3-2-3+0+0+3+0-1-4+4-2-2+0-5+5+0+4+3+2-2-2-1+1-1-2+0+2+0+3+0-2-1-2-2-5+5+0+4+3+2-2-2-1+1-1-2+0+2+0+3+0-2-1-2-2-5+5+0+4+3+2-2-2-1+1-1-2+0+2+0+3+0-2-1-2-2-5+5+0+4+3+2-2-2-1+1-1-2+0+2+0+3+0-2-1-2-2-5+5+0+4+3+2-2-2-1+1-1-2+0+2+0+3+0-2-1-2-2-5+5+0+4+3+2-2-2-1+1-1-2+0+2+0+3+0-2-1-2-2-5+5+0+4+3+2-2-2-1+1-1-2+0+2+0+3+0-2-1-2-2-5+5+0+4+3+2-2-2-1+1-1-2+0+2+0+3+0-2-1-2-2-5+5+0+4+3+2-2-2-1+1-1-2+0+2+0+3+0-2-1-2-2-5+5+0+4+3+2-2-2-1+1-1-2+0+2+0+3+0-2-1-2-2-5+5+0+4+3+2-2-2-1+1-1-2+0+2+0+3+0-2-1-2-2-5+5+0+4+3+2-2-2-1+1-1-2+0+2+0+3+0-2-1-2-2-5+5+0+4+3+2-2-2-1+1-1-2+0+2+0+3+0-2-1-2-2-5+5+0+4+3+2-2-2-1+1-1-2+0+2+0+3+0-2-1-2-2-5+5+0+4+3+2-2-2-1+1-1-2+0+2+0+3+0-2-1-2-2-5+5+0+4+3+2-2-2-1+1-1-2+0+2+0+3+0-2-1-2-2-5+5+0+4+3+2-2-2-1+1-1-2+0+2+0+3+0-2-1-2-2-5+5+0+4+3+2-2-2-1+1-1-2+0+2+0+3+0-2-1-2-2";"ddurdduddrrurdduddruurddurdduddrrurdduddrduruuuddduddrururddddduruuuddduddrururddddduruuuddduddrururddddduruuuddduddrururddddduruuuddduddrururddddduruuuddduddrururddddduruuuddduddrururddddduruuuddduddrururddddduruuuddduddrururddddduruuuddduddrururddddduruuuddduddrururddddduruuuddduddrururddddduruuuddduddrururddddduruuuddduddrururddddduruuuddduddrururddddduruuuddduddrururddddduruuuddduddrururddddduruuuddduddrururdddd"
"kt1_0511";"";"Kansantanssit";"Kaikenlaisia 2/4 polskia";"";"P. Salonius";"1870";"407";"2/4";"G";"Wirrat(Virrat)";"";"Pirkanmaa";"Länsi-Suomen lääni";"";"";"";"";"+4+1+4-2+2-4-1+1-3-2+2+2+1+0-3+0-4-1+1-3-2+7+4+1+4-2+2-4-1+1-3-2+2+2+1+0-3+0-4-1+1-3-2+0+4+1+0-1-2+2+1+2+0+2+2+1+0-3+0-4-1+1-3-2+0+4+1+0-1-2+2+1+2+0+2+2+1+0-3+0-4-1+1-3-2";"uuududdudduuurdrddudduuuududdudduuurdrdduddruurdduuuruuurdrdduddruurdduuuruuurdrddudd"
"kt1_0512";"";"Kansantanssit";"Kaikenlaisia 2/4 polskia";"";"P. Salonius";"1870";"407";"2/4";"A";"Wampula(Vampula)";"";"Satakunta";"Länsi-Suomen lääni";"";"";"";"";"+5+4+3-3-4+5-3-3+3-2-5+5+4+3+5+0-3-4+4-2-12+5+4+3-3-4+5-3-3+3-2-5+5+4+3+5+0-3-4+4-2+5+0-3-4+4+0-2-3+3+0-2-3+3-1-4+0+4+3+5+0-3-4+4-2+5+0-3-4+4+0-2-3+3+0-2-3+3-1-4+0+4+3+5+0-3-4+4-2";"uuudduddudduuuurddudduuudduddudduuuurddudurddurddurdduddruuurddudurddurddurdduddruuurddud"
"kt1_0513";"";"Kansantanssit";"Kaikenlaisia 2/4 polskia";"";"P. Salonius";"1870";"408";"2/4";"A";"Wampula(Vampula)";"";"Satakunta";"Länsi-Suomen lääni";"";"";"";"";"-8+0-2+2+1-3-2-5+5+4+3-3+1-3-3+3-2-5+17-8+0-2+2+1-3-2-5+5+4+3-3+1-3-3+3-2-5+5+5-1-2-2+4+3-2-1-2+9-2+2+1-3-4+4-2-3-4-5+5+5-1-2-2+4+3-2-1-2+9-2+2+1-3-4+4-2";"drduuddduuududduddudrduuddduuududdudduuddduuddduduuddudddduuddduuddduduuddud"
"kt1_0514";"";"Kansantanssit";"Kaikenlaisia 2/4 polskia";"";"P. Salonius";"1870";"408";"2/4";"A";"Wampula(Vampula)";"";"Satakunta";"Länsi-Suomen lääni";"";"";"";"";"+0-5+0+0-2-3+3-1-4+5-3+3+4-5-4+4+3+0-2-3-3+1-5+17+0-5+0+0-2-3+3-1-4+5-3+3+4-5-4+4+3+0-2-3-3+1-5+0+2+2+1+2+2+1-1+1+4-2+0+0-2-3+3+0-1-4+4+0-2-3+3-2-5+0+2+2+1+2+2+1-1+1+4-2+0+0-2-3+3+0-1-4+4+0-2-3+3-2";"rdrrddudduduudduurdddudurdrrddudduduudduurdddudruuuuuuduudrrddurddurdduddruuuuuuduudrrddurddurddud"
"kt1_0515";"";"Kansantanssit";"Kaikenlaisia 2/4 polskia";"";"P. Salonius";"1870";"409";"2/4";"D";"Wampula(Vampula)";"";"Satakunta";"Länsi-Suomen lääni";"";"";"";"";"+5+4+3+0-2-1+1-3+0+3-1-4+4-2-3+3-3+1-5+0+5+4+3+0-2-1+1-3+0+3-1-4+4-2-3+3-3+1-5+0+5+4-4-5+0+2+0-7+0+5+0+5+4-2-3+3-3+1-5+0+5+4-4-5+0+2+0-7+0+5+0+5+4-2-3+3-3+1";"uuurddudrudduddududruuurddudrudduddududruuddrurdruruuddududruuddrurdruruuddudu"
"kt1_0516";"";"Kansantanssit";"Kaikenlaisia 2/4 polskia";"";"P. Salonius";"1870";"409";"2/4";"A";"Tyrvää(Tyrvään";"";"Pirkanmaa";"Länsi-Suomen lääni";"";"";"";"";"+5+4+3-2-1-2-2+0+5+4-4-5+4+3-3+1-3-3+3-2-5+0+5+4+3-2-1-2-2+0+5+4-4-5+4+3-3+1-3-3+3-2-5+0+17-1+1+2-3+1-5-2-1-2-2+0+5+4-4-5+4+3-3+1-3-3+3-2-5+0+17-1+1+2-3+1-5-2-1-2-2+0+5+4-4-5+4+3-3+1-3-3+3-2";"uuuddddruudduududduddruuuddddruudduududduddruduududddddruudduududduddruduududddddruudduududdud"
"kt1_0517";"";"Kansantanssit";"Kaikenlaisia 2/4 polskia";"";"P. Salonius";"1870";"410";"2/4";"Bb";"Tyrvää(Tyrvään";"";"Pirkanmaa";"Länsi-Suomen lääni";"";"";"";"";"+5+0-1+1+2+0+0+3+0+4+0-4+0-3-3+3-2-5+0+5+0-1+1+2+0+0+3+0+4+0-4+0-3-3+3-2+7-3+3+5-1-2+2-2+0-2-2+0-1+0-9+5+4+3-2-3-3+1-5+12-3+3+5-1-2+2-2+0-2-2+0-1+0-9+5+4+3-2-3-3+1";"urduurrururdrdduddrurduurrururdrddududuuddudrddrdrduuudddududuuddudrddrdrduuudddu"
"kt1_0518";"";"Kansantanssit";"Kaikenlaisia 2/4 polskia";"";"P. Salonius";"1870";"410";"2/4";"D";"Lohja";"Numminen";"Uusimaa";"Etelä-Suomen lääni";"";"";"";"";"+5+4-4-5-3-4+5+4-4-3+0+5+2+2+1+2+2+0-2+3-3-2-1-2-2+0+5+4-4-5-3-4+5+4-4-3+0+5+2+2+1+2+2+0-2+3-3-2+0+4+3-3-4+0+5+2+2-4-3+0-2-1-2-2+0+12+0+2-4+0-1+1-3-2+4-4-5-3+1+4-4-3+5+0+2+2+1+2+2+0-2+3-3-2";"uudddduuddruuuuuurdudddddruudddduuddruuuuuurduddruuddruuuddrddddrurudrdudduddduudduruuuuurdudd"
"kt1_0519";"Harmilaukka";"Kansantanssit";"Kaikenlaisia 2/4 polskia";"";"P. Salonius";"1870";"411";"2/4";"G";"-()";"";"";"";"";"";"";"";"+2+2+1+2+0+0+2+2+1-5+0-2-1+1+2+2-2-3+1-3-3+3-2+0+2+2+1+2+0+0+2+2+1-5+0-2-1+1+2+2-2-3+1-3-3+3-2+4-4+0+4+0-2+0+2+1-3-3+3+3-1+0+0-4+0+4+0-2+0+2+1-3-3+3-2+0+4-4+0+4+0-2+0+2+1-3-3+3+3-1+0+0-4+0+4+0-2+0+2+1-3-3+3-2+0";"uuuurruuudrdduuudduddudruuuurruuudrdduuudduddududrurdruudduudrrdrurdruuddudrudrurdruudduudrrdrurdruuddudr"
"kt1_0520";"Hoppavalssi";"Kansantanssit";"Kaikenlaisia 2/4 polskia";"Andante";"Karl Grönholm/ K. V. Hanel";"1876";"411";"2/4";"G";"Wiitasaari(Viitasaari)";"";"Keski-Suomi";"Länsi-Suomen lääni";"";"";"";"";"+7-7+4+3+5-1-9+0+2+1+0-1+1+4+0-2-2+0-1-2-2+7-7+4+3+5-1-9+0+2+1+0-1+1-3+3-1-2-2+0+7-7+4+3+5-1-9+0+2+1+0-1+1+4+0-2-2+0-1-2-2+7-7+4+3+5-1-9+0+2+1+0-1+1-3+3-1-2-2+0+4+3+5-1-2+0-2-3-4+4+3+0-2-3-3+3+3+4-2-3-4-5+5+4+3+5-1-2+0-2-3-4+4+3+0+0+2+0+2+0+1-12+4+3+5-1-2+0-2-3-4+4+3+0-2-3-3+3+3+4-2-3-4-5+5+4+3+5-1-2+0-2-3-4+4+3+0+0+2+0+2+0+1+0-1+1+2-2-3-2-3+3+2-2-2-3+3+2-2-1+3+5+0-1+1+2-2-3-2-3+3+2-2-2-1+1-3+0-2+4-2-2+12-1+1+2-2-3-2-3+3+2-2-2-3+3+2-2-1+3+5+0-1+1+2-2-3-2-3+3+2-2-2-1+1-3+0-2+4-2-2-1+3+3-1-2-2-8-2+9-9+9+3-2+0+12-1+1-7+4-2+0-12+10-1+1-3+0-2+4-2-2-1+3+3-1-2-2-8-2+9-9+9+3-2+0+12-1+1-7+4-2+0-12+10-1+1-3+0-2+4-2-2";"uduuuddruurduurddrddduduuuddruurdududddruduuuddruurduurddrddduduuuddruurdududddruuuddrddduurddduuudddduuuuddrddduurrururuduuuddrddduurddduuudddduuuuddrddduurrurururduudddduuddduudduurduudddduudddudrdudduduudddduuddduudduurduudddduudddudrduddduuddddduduudrudududrdududrduddduuddddduduudrudududrdududrdudd"
"kt1_0521";"Riidan vaalia";"Kansantanssit";"Kaikenlaisia 2/4 polskia";"";"Karl Grönholm/ K. V. Hanel";"1876";"412";"2/4";"D";"Wiitasaari(Viitasaari)";"";"Keski-Suomi";"Länsi-Suomen lääni";"";"";"";"";"+7-2-1+1+4-2+2-2-2-1-4+5+2+2+3+0-2-1+1-3-7+7-2-1+1+4-2+2-2-2-1-4+5+2+2+3+0-2-1+1-3+5+5-8+1+4-2+2-2-2-1-2-2+0+0+4+3-2-1+1-3+5+0-2-1-2+0-2-1+1+2+2-2-3-4+2+2+1+4+3+2-2-2-1+1-3+5+0-2-1-2+0-2-1+1+2+2-2-3-4+2+2+1+4-4";"udduududddduuuurdduddudduududddduuuurdduduuduududddddrruuddudurdddrdduuuddduuuuuudddudurdddrdduuuddduuuud"
"kt1_0522";"Mylläkkätä";"Kansantanssit";"Kaikenlaisia 2/4 polskia";"Allegro";"Otto Heimonen/ K. V. Hanel";"1876";"413";"2/4";"D";"Wiitasaari(Viitasaari)";"";"Keski-Suomi";"Länsi-Suomen lääni";"";"";"";"";"+2+2+1+2+5-2+2-3+1-3+2-4+4-4-5+2+2+1+2+5-2+2-3+1-3+2-4-5+2+2+1+2+5-2+2-3+1-3+2-4+4-4-5+2+2+1+2+5-2+2-3+1-3+2-4+2-3-4+0+5+2+2-4+4-2-3-4+0+4-4+4+3-2+2-3-4+0+5+2+2-4+4-2-3-4+0+4-4+4+3-2";"uuuuudududududduuuuududududduuuuudududududduuuuudududududdruuududddruduududdruuududddruduud"
"kt1_0523";"Nikunakua";"Kansantanssit";"Kaikenlaisia 2/4 polskia";"Allegro";"Karl Grönholm/ K. V. Hanel";"1876";"413";"2/4";"D";"Wiitasaari(Viitasaari)";"";"Keski-Suomi";"Länsi-Suomen lääni";"";"";"";"";"+5+4-4-5+5+4-4-5+5+4+3-2-3-7+4+3-3-4+4+3-3-4+4+3+2+1-1-9+5+4-4-5+5+4-4-5+5+4+3-2-3-7+4+3-3-4+4+3-3-4+4+3+2+1+0-1-2+2-7+5+0-2-1+1-3-2+0+5-1-2+0+2-4+4+3-2+5+0-1-2+2-7+5+0-2-1+1-3-2+0+5-1-2+0+2-4+4+3-2";"uudduudduuuddduudduudduuuudduudduudduuuddduudduudduuuurddudurdduddruddruduudurddudurdduddruddruduud"
"kt1_0524";"Oravaisen polska";"Kansantanssit";"Kaikenlaisia 2/4 polskia";"";"Martti Bålman/ K. V. Hanel";"1876";"414";"3/4 ja 2/4";"D";"Wiitasaari(Viitasaari)";"";"Keski-Suomi";"Länsi-Suomen lääni";"";"";"";"";"+9+0-2-2-1-4+2+2+1+4+0-2-2-1-4+2+2+1+4+0-2-2+0-1-2-3+3-2+0+0+9+0-2-2-1-4+2+2+1+4+0-2-2-1-4+2+2+1+4+0-2-2+0-1-2-3+3-2+0-5+5+4+3+2-2-2-1-2-3+3+5-3-4+4+3+2-2-2-1-2-3+3+5-3-4+2+2+1+4+0-2-2-1+1-3-3+3-2+0-5+5+4+3+2-2-2-1-2-3+3+5-3-4+4+3+2-2-2-1-2-3+3+5-3-4+2+2+1+4+0-2-2-1+1-3-3+3-2+0";"urdddduuuurdddduuuurddrdddudrrurdddduuuurdddduuuurddrdddudrduuuuddddduudduuuddddduudduuuurddduddudrduuuuddddduudduuuddddduudduuuurddduddudr"
"kt1_0525";"";"Kansantanssit";"Kaikenlaisia 2/4 polskia";"";"K. V. Hanel";"1876";"415";"2/4";"D";"Wiitasaari(Viitasaari)";"";"Keski-Suomi";"Länsi-Suomen lääni";"";"";"";"";"+5+0+0+0-10+2+3-2-1+1+2+2-2-1+1-5+5-1+1+0+0+5+0+0+0-10+2+3-2-1+1+2+2-2-1+1-5+5-1+1+0-2-1-2-2-1+1+2+2+1+4-4-1+3-3-2+5-3-4+4+1-1-2-2-1+1+2+2+1+4-4-1+3-3-2+5-3-4+4+1+0+0+0-10+2+3-1-4+4+3+0-2+0+5-1-2-2-1+1+2+2+1+4-4-1+3-3-2+5-3-4+4+1-1-2-2-1+1+2+2+1+4-4-1+3-3-2+5-3-4+4+1+0+0+0-10+2+3-1-4+4+3+0-2+0";"urrrduudduuuddududurrurrrduudduuuddududurddddduuuuudduddudduudddduuuuudduddudduurrrduudduurdrudddduuuuudduddudduudddduuuuudduddudduurrrduudduurdr"
"kt1_0526";"";"Kansantanssit";"Kaikenlaisia 2/4 polskia";"";"K. V. Hanel";"1876";"415";"2/4";"A";"Wiitasaari(Viitasaari)";"";"Keski-Suomi";"Länsi-Suomen lääni";"";"";"";"";"-2-1-4+0+0+0+4+3+5+0-3-4+0+0+0-1+1+4+3+0-1-4+0+0+0+4+1-3-4+0-1-2-2-1+1+4+3+0-2-1-4+0+0+0+4+3+5+0-3-4+0+0+0-1+1+4+3+0-1-4+0+0+0+5-1-2-2-2+2+2+2+1-17+0+0+5+4+0+0-4+2+0+0+2+1+0+0-1-2+0+0-3-4+0+0+5+4+0+0-4+2+0+0+3+0-1-2-2-1+1+2-3+3-2+0-5+0+0+5+4+0+0-4+2+0+0+2+1+0+0-1-2+0+0-3-4+0+0+5+4+0+0-4+2+0+0+3+0-1-2-2-1+1+2-3+3-2+0";"dddrrruuurddrrrduuurddrrruuddrdddduuurdddrrruuurddrrrduuurddrrrudddduuuudrruurrdurruurrddrrddrruurrdurrurdddduududrdrruurrdurruurrddrrddrruurrdurrurdddduududr"
"kt1_0527";"Puolitahtista";"Kansantanssit";"Kaikenlaisia 2/4 polskia";"Allegretto";"Martti Bålman/ K. V. Hanel";"1876";"416";"2/4 ja 3/4";"D";"Wiitasaari(Viitasaari)";"";"Keski-Suomi";"Länsi-Suomen lääni";"";"";"";"";"+5+0-2+4-4+2-5+3+0-2-1-2-1+1+2-3-4+4+1+2+5+0-2+4-4+2-5+3+0-2-1-2-1+1+2-3-4+0+5+2+2+1+2-2-3+2+3-3-4+2+2-2-2-1+1+2-3-4+0+0+5+2+2+1+2-2-3+2+3-3-4+2+2-2-2-1+1+2-3+1+0-5+5+2+2+1+2-2-3+2+3-3-4+2+2-2-2-1+1+2-3-4+0+0+5+2+2+1+2-2-3+2+3-3-4+2+2-2-2-1+1+2-3+1";"urdududurdddduudduuuurdududurdddduuddruuuuudduudduuddduuddrruuuuudduudduuddduudurduuuuudduudduuddduuddrruuuuudduudduuddduudu"
"kt1_0528";"Kahvipannua";"Kansantanssit";"Kaikenlaisia 2/4 polskia";"Moderato";"Kustaa Kumpulainen/ K. V. Hanel";"1876";"417";"2/4";"G";"Wiitasaari(Viitasaari)";"";"Keski-Suomi";"Länsi-Suomen lääni";"";"";"";"";"+4+3+5+0-1-2-2+2+2+1+2+2-5+3-2-5-7+4+3+5+0-1-2-2+2+2+1+2+2-5+3-2-5+4-2-4+4+0-2-7+4+3-2-3-3+3-2+0+11-2-4+4+0-2-7+4+3-2-3-3+3-2+0+0+4+3+5-1-2-2+2+2+3-2-1+1+4-2-3+3-2-5-7+4+3+5-1-2-2+2+2+3-2-1+1+4-2-3+3-2-5+5-1-2-4-1+1+4+0-2-3-4-5+5+4+3+2-2-2-3-3-4+4+1+0+12-1-2-4-1+1+4+0-2-3-4-5+5+4+3+2-2-2-3-3-4+4+1+0";"uuurddduuuuududdduuurddduuuuududduddurdduudddudruddurdduudddudrruuuddduuudduudduddduuuddduuudduudduddudddduurdddduuuuddddduurudddduurdddduuuuddddduur"
"kt1_0529";"Kahilaista";"Kansantanssit";"Kaikenlaisia 2/4 polskia";"";"K. V. Hanel";"1876";"418";"2/4";"G";"Wiitasaari(Viitasaari)";"";"Keski-Suomi";"Länsi-Suomen lääni";"";"";"Menee d-mollissa.";"";"+5+0+0-2+2-2-1+1-3-4+2-2-1+1+2+2+2+1+2-2-1-2+0+5+0+0-2+2-2-1+1-3-4+2-2-1+1+2+2+2+1+2-2-1-2+1+0+4-4-3+3-1-2-1+1-2+2-2-1-2+2+1+2+2-3+1+2+1+0+4-4-3+3-1-2-1+1-2+2-2-1-2+2+1+2+2-3+1";"urrdudduddudduuuuuudddrurrdudduddudduuuuuuddduruddudddududdduuuuduuuruddudddududdduuuudu"
"kt1_0530";"Kahilaista";"Kansantanssit";"Kaikenlaisia 2/4 polskia";"";"K. V. Hanel";"1876";"418";"2/4";"G";"Wiitasaari(Viitasaari)";"";"Keski-Suomi";"Länsi-Suomen lääni";"";"";"Menee a-mollissa.";"";"+5+0+0-2+2-2-1-2-1+1+2+1+0-3+3-1-2-1+1+0+0+5+0+0-2+2-2-1-2-1+1+2+1+0-3+3-1-2-1+1+0-7+2+1+2+2-2-2-1-2-1+1+2+1+0-3+3-1-2-1+1+0+0+2+1+2+2-2-2-1-2-1+1+2+1+0-3+3-1-2-1+1+0";"urrdudddduuurdudddurrurrdudddduuurdudddurduuuuddddduuurdudddurruuuuddddduuurdudddur"
"kt1_0531";"Puhan Miinaa";"Kansantanssit";"Kaikenlaisia 2/4 polskia";"";"Martti Bålman/ K. V. Hanel";"1876";"418";"2/4";"C";"Wiitasaari(Viitasaari)";"";"Keski-Suomi";"Länsi-Suomen lääni";"";"";"Menee d-mollissa.";"";"-2-2+2+2-2+0-2-2-1-4+0+4+3+2+2-2-2+2+2-2+0-2-2-1-4+0+4+3+2-2-2-1+1-3+2+0+0-3-4+0+0+4+1+0+2+3-2-1+1-3+2+0+0-3-4+0+0+4+1+0";"dduudrddddruuuudduudrddddruuudddudurrddrruuruuddudurrddrruur"
"kt1_0532";"";"";"";"";"";"";"";"";"";"-()";"";"";"";"";"";"";"";"";""
"kt1_0533";"Kymmenhenkistä";"Kansantanssit";"Kaikenlaisia 2/4 polskia";"";"K. V. Hanel";"1876";"420";"2/4";"D";"Wiitasaari, Pihtipudas, Pielavesi(Pihtipudas)";"";"Keski-Suomi";"Länsi-Suomen lääni";"";"";"";"";"-1-2+2+1+2+5+0-7-1-2+2+1+2-2-1-2+2+1+2+5+5-1-2-2-1-2+2+3+0-2+0-7-1-2+2+1+2+5+0-7-1-2+2+1+2-2-1-2+2+1+2+5+5-1-2-2-1-2+2+3+0-2+0+5-1-2+2+3-2-1-2+2+1+2-3-4+5-1-2-2-1-2-2+10-1-2+2+3-2-1-2+3-1-2-2-1-2+2+3+0-2+0+5-1-2+2+3-2-1-2+2+1+2-3-4+5-1-2-2-1-2-2+10-1-2+2+3-2-1-2+3-1-2-2-1-2+2+3+0-2+0";"dduuuurddduuuddduuuuuddddduurdrddduuuurddduuuddduuuuuddddduurdrudduuddduuudduddddddudduuddduddddduurdrudduuddduuudduddddddudduuddduddddduurdr"
"kt1_0534";"";"Kansantanssit";"Kaikenlaisia 2/4 polskia";"";"K. V. Hanel";"1876";"420";"3/4 ja 2/4";"D";"Wiitasaari, Rautalampi, Pohjanmaa(Viitasaari)";"";"Keski-Suomi";"Länsi-Suomen lääni";"";"";"";"";"+5-1+1-10+2+1+2+0+2+0+2+0+1+0-5+5-1+1-10+2+1-1+1+5-1-2-2-1-2+0-2+0+7+5-1+1-10+2+1+2+0+2+0+2+0+1+0-5+5-1+1-10+2+1-1+1+5-1-2-2-1-2+0-2+0+7+5+4-4+0-1+3-2-1+1+2+2+1+0+0-1-2-2+2+0-7+5+4-4+0-1+3-2-1+1+2+2+1+0+0-1-2-2+2+0+0+5+0-10+2+1+2+3-1-2-2-1+0+1-5+5+4-4+0-1+3-2-1+1+2+2+1+0+0-1-2-2+2+0-7+5+4-4+0-1+3-2-1+1+2+2+1+0+0-1-2-2+2+0+0+5+0-10+2+1+2+3-1-2-2-1+0+1";"ududuuururururdududuuduudddddrdruududuuururururdududuuduudddddrdruuudrdudduuuurrdddurduudrdudduuuurrdddurrurduuuuddddruduudrdudduuuurrdddurduudrdudduuuurrdddurrurduuuuddddru"
"kt1_0535";"Kahdeksan hengen tanssi";"Kansantanssit";"Kaikenlaisia 2/4 polskia";"";"Martti Bålman/ K. V. Hanel";"1876";"421";"2/4";"D";"Wiitasaari(Viitasaari)";"";"Keski-Suomi";"Länsi-Suomen lääni";"";"";"";"";"-5+5+4-4+4+3+2-2-2-1-2-2-1-4+4+3+2+1-3-3+1+0+0-5+5+4-4+4+3+2-2-2-1-2-2-1-4+4+3+2+1-3-3+1+4-2-2-1-2-2+2+2-4+5-1+1+2+2+1-1-2-2+4-2-2-1-2-2+2+2+3-2+4-4+2-2-1-2-2+2+2-4+5-1+1+2+2+1-1-2-2+4-2-2-1-2-2+2+2+3-2+4-4";"duuduuuddddddduuuuddurrduuduuuddddddduuuudduuddddduududuuuuddduddddduuudududddduududuuuuddduddddduuudud"
"kt1_0536";"Pientä polskaa";"Kansantanssit";"Kaikenlaisia 2/4 polskia";"";"Martti Bålman/ K. V. Hanel";"1876";"422";"2/4";"A";"Wiitasaari(Viitasaari)";"";"Keski-Suomi";"Länsi-Suomen lääni";"";"";"";"";"+3+4+0-2-2-2-1+0-2-2+0+2+2+1+2+5+0-1+3-3+1-8+3+4+0-2-2-2-1+0-2-2+0+2+2+1+2+5+0-1+3-3+1-3-4+0-3+3+4-2-3+0+3-3+3-2-3+0+0-2+2+2+1+2+5+0-1+3-3+1-3-4+0-3+3+4-2-3+0+3-3+3-2-3+0+0-2+2+2+1+2+5+0-1+3-3+1";"uurddddrddruuuuurdududuurddddrddruuuuurdududdrduuddrududdrrduuuuurdududdrduuddrududdrrduuuuurdudu"
"kt1_0537";"Viitosta";"Kansantanssit";"Kaikenlaisia 2/4 polskia";"Allegro";"Martti Bålman/ K. V. Hanel";"1876";"422";"2/4";"F";"Wiitasaari(Viitasaari)";"";"Keski-Suomi";"Länsi-Suomen lääni";"";"";"";"";"-2-2-1+3+7-2-1+1+2+2-4-3-2-2-1+13-3+2-4-3-2-2-1+3+7-2-1+1+2+2-4-3-2-2-1+13-3+2-4-1-4+5+0+4-2+0+3-1-4-1-4+5+0+4-2+3-6+3-2-1-4+5+0+4-2+0+3-1-4-1-4+5+0+4-2+3-6+3-2";"ddduudduuudddddududdddduudduuudddddududddurudruddddurudududddurudruddddurududud"
"kt1_0538";"Karin hyllyä";"Kansantanssit";"Kaikenlaisia 2/4 polskia";"Allegro";"Martti Bålman/ K. V. Hanel";"1876";"423";"2/4";"C";"Wiitasaari(Viitasaari)";"";"Keski-Suomi";"Länsi-Suomen lääni";"";"";"";"";"+2-2-1+1-5+5+4+3+0-2+2-2-1+1-3-7+4+3-2+2-2-1+1-5+5+4+3+0-2+2-2-1+1-3-7+4+3+2-4-1-2+0+0+2+1+2+2+0-2+2-2-2+2-3-4+4+3+2-4-1-2+0+0+2+1+2+2+0-2+2-2-2+2-3-4+4+3";"udduduuurduddudduududduduuurduddudduuudddrruuuurduddudduuudddrruuuurduddudduu"
"kt1_0539";"";"Kansantanssit";"Kaikenlaisia 2/4 polskia";"Allegro";"K. V. Hanel";"1876";"423";"3/4 ja 2/4";"D";"Wiitasaari(Viitasaari)";"";"Keski-Suomi";"Länsi-Suomen lääni";"";"";"";"";"-2+0-2-1+0+1+2+2-2-2-1+1-3+2-4+2+2+1+2+0+2+0-2-2-1+1-3+2-4-5+5+4-2-3+3+7-5+1-3+2-4-5+5+4-2-3+3+7-5+1-3+2-4-5+5+4-2-2+2+5-2-1+1+2+2-2-2-1+3-2-1-2+3-1-2-2+4-2-2-1+1-5-3-4+2+0-2+2+0-2+4+0+3-5+0-2+4+0+3+14-2+0-2-1+0+1+2+2-2-2-1+1-3+2-4+2+2+1+2+0+2+0-2-2-1+1-3+2-4-5+5+4-2-3+3+7-5+1-3+2-4-5+5+4-2-3+3+7-5+1-3+2-4-5+5+4-2-2+2+5-2-1+1+2+2-2-2-1+3-2-1-2+3-1-2-2+4-2-2-1+1-5-3-4+2+0-2+2+0-2+4+0+3-5+0-2+4+0+3+5-5+5+4-2-3+3+7-5+1-3+2-4-5+5+4-2-3+3+7-5+1-3+2-4-5+5+4-2-2+2+5-2-1+1+2+2-2-2-1+3-2-1-2+3-1-2-2+4-2-3+3+0-2+0+0-5+5+4-2-3+3+7-5+1-3+2-4-5+5+4-2-3+3+7-5+1-3+2-4-5+5+4-2-2+2+5-2-1+1+2+2-2-2-1+3-2-1-2+3-1-2-2+4-2-3+3+0-2+0";"drddruuudddududuuuururdddududduudduudududduudduudududduudduudduuudddudddudddudddudddurdurdurudrduruudrddruuudddududuuuururdddududduudduudududduudduudududduudduudduuudddudddudddudddudddurdurdurudrduruuduudduudududduudduudududduudduudduuuddduddduddduddurdrrduudduudududduudduudududduudduudduuuddduddduddduddurdr"
"kt1_0540";"Leivon polska";"Kansantanssit";"Kaikenlaisia 2/4 polskia";"Allegro assac";"K. V. Hanel";"1876";"424";"2/4";"C";"Wiitasaari(Viitasaari)";"";"Keski-Suomi";"Länsi-Suomen lääni";"";"";"";"";"+4+8+0-5+0-3+0+3+5+4+3-2-1-2-3+3+2-9-3+3+5+5-1+1+4-2-2-1-2-2-1+1+4-2-3+1-3-2-3+1-3-2+4+3-3-2+3+4-4-1+3+5+4+3-3+1-3-2-1+1+4-2-3+1-3-2-3+1-3-2+4+3-3-2+3+4+2+3+7+0-2+0-2+0-1+0-2+0-2+0-1+0-2-2+2+2+1+2-2+0-5+2+2+1+2+5+2-2-2+0-5+5+4-4-1+1+2+2+2+1+0-10-3+1-3-2+0-3+3+5-5+9-11+0-1-2-2+17-1+1+4-2-2-1-2-2+0+4-2-2-3-2-3+1-3-2+4+3-3-2+3+4+0+5+7+0-2+0-2+0-1+0-2+0-2+0-1+0-2-2+2+2+5-2-2+0";"uurdrdruuuudddduudduuuduudddddduuddudddudduudduudduuuududdduuddudddudduudduuuuurdrdrdrdrdrdrdduuuudrduuuuuuddrduudduuuuurdduddrduududrddduduudddddrudddddudduudduuruurdrdrdrdrdrdrdduuuddr"
"kt1_0541";"";"Kansantanssit";"Kaikenlaisia 2/4 polskia";"";"K. V. Hanel";"1876";"425";"3/4 ja 2/4";"G";"Wiitasaari, Rautalampi(Rautalampi)";"";"Pohjois-Savo";"Itä-Suomen lääni";"";"";"";"";"-1+1+2+2-2-2-1+1-5+5-1+1+2+2-2-2-1+1-5+7-2-1-2-2-2-1+3-2-3-2+2+2+1+2+5-1-2-2-2-1+3-2-3-2+2+2+1+2+2+2+1+2-2+0-1+1+2+2-2-2-1+1-5+5-1+1+2+2-2-2-1+1-5+7-2-1-2-2-2-1+3-2-3-2+2+2+1+2+5-1-2-2-2-1+3-2-3-2+2+2+1+2+2+2+1+2-2-5+5+4-2+2-2-2-1+3-2-1-2-2-2-1+3-2-3+0-2+4-2-2-1+3-3-4+5+4-4+0-1+3-3-4+5+2+2+1+2+2+2+1-7-1+3-2-3-2+2+2+1+2+2+2+1+2-2-5+5+4-2+2-2-2-1+3-2-1-2-2-2-1+3-2-3+0-2+4-2-2-1+3-3-4+5+4-4+0-1+3-3-4+5+2+2+1+2+2+2+1-7-1+3-2-3-2+2+2+1+2+2+2+1+2-2";"duuudddududuuudddududddddduddduuuuuddddduddduuuuuuuudrduuudddududuuudddududddddduddduuuuuddddduddduuuuuuuudduududddudddddduddrdudddudduudrdudduuuuuuuudduddduuuuuuuudduududddudddddduddrdudddudduudrdudduuuuuuuudduddduuuuuuuud"
"kt1_0542";"";"Kansantanssit";"Kaikenlaisia 2/4 polskia";"";"K. V. Hanel";"1876";"426";"2/4";"A";"Wiitasaari(Viitasaari)";"";"Keski-Suomi";"Länsi-Suomen lääni";"";"";"";"";"+4+3+0+2-2-2-1+0-2-2+0+2+2+1+2+5+0-1+3-3+1-12+4+3+0+2-2-2-1+0-2-2+0+2+2+1+2+5+0-1+3-3+1-3-4+0-5+5+4-2-3+0-4+2+2+1-3+0+10+0-1+3-3+1-3-4+0-5+5+4-2-3+0-4+2+2+1-3+0+10+0-1+3-3+1";"uurudddrddruuuuurdududuurudddrddruuuuurdududdrduuddrduuudrurdududdrduuddrduuudrurdudu"
"kt1_0543";"";"Kansantanssit";"Kaikenlaisia 2/4 polskia";"";"K. V. Hanel";"1876";"427";"2/4";"A";"Wiitasaari(Viitasaari)";"";"Keski-Suomi";"Länsi-Suomen lääni";"";"";"";"";"-3-4+4+3+5-1+1-1-2-2+2-4-1+1+4+3-1+1-3-2-3-4+4+3+5-1+1-1-2-2+2-4-1+1+4+3-1+1-3-2-3+3+0-2-1+1-3-2-1+1+2+2+1+2+2+3-1+1-5-2-1+1-3-2+2+2+1+2+2+2+1+0-1+1-5-2-1+1-3-2-1+1+2+2+1+2+2+3-1+1-5-2-1+1-3-2+2+2+1+2+2+2+1+0-1+1";"dduuududddudduuududddduuududddudduuududddurdduddduuuuuuududddudduuuuuuurduddduddduuuuuuududddudduuuuuuurdu"
"kt1_0544";"Samul-Purasta";"Kansantanssit";"Kaikenlaisia 2/4 polskia";"";"K. V. Hanel";"1876";"427";"2/4";"F";"Wiitasaari(Viitasaari)";"";"Keski-Suomi";"Länsi-Suomen lääni";"";"";"";"";"+2-2-1+1+2+2+1+2+2-2-1+1+4+3-3-4+4+3+0+2-2-2-1+1-12+2-2-1+1+2+2+1+2+2-2-1+1+4+3-3-4+4+3+0+2-2-2-1+1+4-5+3-2-5+9-5+3-2-5+10-1-2-2+0-1+1+4-2+3-6+3-2-5+10-1-2-2+0-1+1+4-2+3-6+3-2";"udduuuuuudduuudduurudddududduuuuuudduuudduuruddduududdududdudddrduudududdudddrduududud"
"kt1_0545";"Vanhaa loikkoa";"Kansantanssit";"Kaikenlaisia 2/4 polskia";"";"K. V. Hanel";"1876";"428";"2/4";"D";"-()";"";"";"";"";"";"";"";"-1+0-2-2+5-1+0-2-2+5-1+1+4-2+0-2-1+0-2-2+5-1+0-2-2+5-1+1+4-2+0+3-1+1+2-2+0-1-2+2-7+3-1-2+2+1+0+5-1+1+2-2+0-1-2+2-7+3-1-2+2+1+0";"drddudrdduduudrddrddudrdduduudruduudrddududduuruduudrddududduur"
"kt1_0546";"Kissan partaa";"Kansantanssit";"Kaikenlaisia 2/4 polskia";"";"K. V. Hanel";"1876";"428";"2/4";"D";"-()";"";"";"";"";"";"";"";"-3+1+2-3+1+2-3+3-2-1-2-5+2+1+0+7-3+1+2-3+1+2-3+3-2-1-2-5+2+1+0+7+0+0+0-7+0-1-2-2+10+0-1-2-5+2+1+0+7+0+0+0-7+0-1-2-2+10+0-1-2-5+2+1+0";"duuduududddduuruduuduududddduururrrdrdddurddduururrrdrdddurddduur"
"kt1_0547";"Soinilaista";"Kansantanssit";"Kaikenlaisia 2/4 polskia";"";"K. V. Hanel";"1876";"428";"2/4";"D";"-()";"";"";"";"";"";"";"";"+4+3-3+1+2+2-4+2-2-1-2+2-4+0+4+3-3+1+2+2-4+2-2-1-2+2-4+2+0+0+0-3+1+4+3-3-2+0+0+0-3+1+0+2+0+0+0-3+1+4+3-3-2+0+0+0-3+1+0";"uuduuududddudruuduuududddudurrrduuuddrrrdururrrduuuddrrrdur"
"kt1_0548";"";"Kansantanssit";"Kaikenlaisia 2/4 polskia";"";"K. V. Hanel";"1876";"429";"2/4";"d";"-()";"";"";"";"";"";"";"";"+2+2+1+0+0-1-2+2+1-1+1+4+0-2+0+3+0-1+0-9+2+2+1+0+0-1-2+2+1-1+1+4+0-2+0+3-1-9+2+2+1+0+0-1-2+2+1-1+1+4+0-2+0+3+0-1+0-9+2+2+1+0+0-1-2+2+1-1+1+4+0-2+0+3-1-4+0+0+0+4+0+0+0+3+0+0+0-7+0+0+0+2+0+0+0+2-4+0+0+0+4+0+0+0+3+0+0+0-7+0+0+0+2+0+0+0+2+0+1-1-2-2+2-2-1-2-1+1+2+1-1-2-1+1+2+1+2+2+0+5+0-5+0-2+3-3+2-4+4-4-1-2-1+1+2+1-1+1+2+2-8+3-2+7+1-1-2-2+2-2-1-2-1+1+2+1-1-2-1+1+2+1+2+2+0+5+0-5+0-2+3-3+2-4+4-4-1-2-1+1+2+1-1+1+2+2-8+3-2";"uuurrdduuduurdrurdrduuurrdduuduurdrudduuurrdduuduurdrurdrduuurrdduuduurdruddrrrurrrurrrdrrrurrrudrrrurrrurrrdrrrurrrurudddudddduuuddduuuuururdrdudududddduuuduuududuudddudddduuuddduuuuururdrdudududddduuuduuudud"
"kt1_0549";"";"Kansantanssit";"Kaikenlaisia 2/4 polskia";"";"K. V. Hanel";"1876";"429";"2/4";"D";"-()";"";"";"";"";"";"";"";"-1-4+4+0-2-2-1+1+0-1-2+0+3-1+0-4+4+0-4+5+5+0-1-4+4+0-2-2-1+1+0-1-2+0+3-1+0-4+4+0-4+5+0+2+2+1+2+0-2-1+1+4-2+0-3+3-2-1-2+3-1-2-2+4-2-2-1+1+2+2+1+2+0-2-1+1+4-2+0-3+3-2-1-2+3-1-2-2+4-2-2-1+0+1-5+5+4+0-2+0-3-4+4+3+3-1-4-5+5+4+0-2+0-3-4+4+3+3-1-4+0+2+2+1+2+0-2-1+1+4-2+0-3+3-2-1-2+3-1-2-2+4-2-2-1+1+2+2+1+2+0-2-1+1+4-2+0-3+3-2-1-2+3-1-2-2+4-2-2-1+0+1";"ddurdddurddrudrdurduurddurdddurddrudrdurduruuuurdduudrduddduddduddduuuuurdduudrdudddudddudddruduurdrdduuuddduurdrdduuuddruuuurdduudrduddduddduddduuuuurdduudrdudddudddudddru"
"kt1_0550";"Ruukkilaista";"Kansantanssit";"Kaikenlaisia 2/4 polskia";"Andantino";"K. V. Hanel";"1876";"431";"2/4";"D";"-()";"";"";"";"";"";"";"";"+4-4+4-2-2-1-2+0+2+1+0-1-2+2+1-5+5+4-4+4-2-2-1-2+0+2+1+0-1-2+2+1-5+5+0+0+0+9+0+0+0+0-2-2+0-1-2-3+3-5+2+1-5+5+0+0+0+9+0+0+0+0-2-2+0-1-2-3+3-5+2+1-5";"ududdddruurdduuduududdddruurdduudurrrurrrrddrddduduudurrrurrrrddrddduduud"
"kt1_0551";"Lappalaisen äkätanssi";"Kansantanssit";"Kaikenlaisia 2/4 polskia";"";"K. V. Hanel";"1876";"431";"2/4";"D";"-()";"";"";"";"";"";"";"";"+5+4+0-2+2+1+0+2-2-1-2+0+0+0+2+1+4-2+0-12+5+4+0-2+2+1+0+2-2-1-2+0+0+0+2+1+4-2+0+2+0-2+0-3+0+1+2-7+4+1-1-2-3+1+0+9+0-2+0-3+0+1+2-7+4+1-1-2-3+1+0";"uurduurudddrrruuudrduurduurudddrrruuudrurdrdruuduudddururdrdruuduudddur"
"kt1_0552";"Tanelia";"Kansantanssit";"Kaikenlaisia 2/4 polskia";"Andante";"K. V. Hanel";"1876";"432";"2/4";"D";"-()";"";"";"";"";"";"";"";"+5+0-1-2-2+0+0-1-2+3+5+0-1-2+5+0+0-7+5+0-1-2-2+0+0-1-2+3+5+0-1-2+5+0+0-2+4-4+4-4+4-4+4-2-3+0-4+4+3-2-1-2+0+2+1+2+0+0-2+4-4+4-4+4-4+4-2-3+0-4+4+3-2-1-2+0+2+1+2+0+0";"urdddrrdduurddurrdurdddrrdduurddurrdududududdrduudddruuurrdududududdrduudddruuurr"
"kt1_0553";"Hoppavalssi";"Kansantanssit";"Kaikenlaisia 2/4 polskia";"";"K. V. Hanel";"1876";"432";"2/4";"G";"-()";"";"";"";"";"";"";"";"+1+2-7+4+1+2-7+0+12+0-3+2-2-2+0-3+1+2-7+4+1+2-7-1+3+5-8+5-2-2+0+7+5+0-3+2-2-2+0+0+2-4+2-2-1+0+0+1+2-7+4+1+2-7-1+3+5-5+2-2-2+0";"uuduuudrurduddrduuduuudduududdruurduddrrududdrruuduuudduududdr"
"kt1_0554";"Pitkin siltasta";"Kansantanssit";"Kaikenlaisia 2/4 polskia";"";"K. V. Hanel";"1876";"433";"2/4";"C";"-()";"";"";"";"";"";"Menee d-mollissa.";"";"+1-1-2-1+1+2+1-1-2-1+1+2+1+2+2+0-7-1-2+2+1+2+1-1-2-1+1+2+1-1-2-1+1+2+1+2+2+0-7-1-2+2+1-1+1-1-2+2+1+2-3-4+0+5+0-1+1-1-2+2+1+2-3-4+0+5-1+1-1-2+2+1+2-3-4+0+5+0-1+1-1-2+2+1+2-3-4+0+5";"uddduuuddduuuuurddduuuuddduuuddduuuuurddduududduuuddrurdudduuuddrududduuuddrurdudduuuddru"
"kt1_0555";"Hanhen polska";"Kansantanssit";"Kaikenlaisia 2/4 polskia";"Andante";"K. V. Hanel";"1876";"433";"2/4";"A";"-()";"";"";"";"";"";"";"";"-4-5+2-2+2+3-1-4+2+2+1+5-1-2+2+1-1-2-2+2+3-1-9+2+3+0-1-2+2+1+4-4-5+2-2+2+3-1-4+2+2+1+5-1-2+2+1-1-2-2+2+3-1-9+2+3+0-1-2+2+1+7+2-2-1+1+2-2-1+1-5+3+0-1-2+2+1-8+2+3-2+0+2-2-3-2+2+2+1+2+2+1-1+1-6+1+7+2-2-1+1+2-2-1+1-5+3+0-1-2+2+1-8+2+3-2+0+2-2-3-2+2+2+1+2+2+1-1+1-6+1";"dduduudduuuudduuddduudduurdduuudduduudduuuudduuddduudduurdduuuudduuddudurdduuduudruddduuuuuududuuudduuddudurdduuduudruddduuuuuududu"
"kt1_0556";"Rovastin polska";"Kansantanssit";"Kaikenlaisia 2/4 polskia";"Allegro ma non tanto";"K. V. Hanel";"1876";"434";"2/4";"C";"Pihtipudas";"";"Keski-Suomi";"Länsi-Suomen lääni";"";"";"";"";"+0+1-1-2+5-3+3+5-5+5+4-4+4+3+2-2-2-1-2+0+0-2-1+1+7+0+2+0-2-2-1-2+2-12+0+1-1-2+5-3+3+5-5+5+4-4+4+3+2-2+0-2-1-2-2-1+1+2+2-2-2+7+4-4-3+3-3-4+4-4-5+0+2+2+1+2+2+1+2+2+0-2-2-1-5+1+2-2+7+4-4-3+3-3-4+4-4-5+0+2+2+1+2+2+1+2+2+0-2-2-1-5+1+2-2+7-3-4+4+3+5-8+3+0-2-1-2+2+1+4-5+3+0-2-1-2-3-4+2+2+1+2-2+7-3-4+4+3+5-8+3+0-2-1-2+2+1+4-5+3+0-2-1-2-3-4+2+2+1+2-2";"rudduduuduuduuuddddrrdduururddddudrudduduuduuduuudrddddduuudduuddudduddruuuuuuuurdddduuduuddudduddruuuuuuuurdddduududduuudurddduuudurddddduuuududduuudurddduuudurddddduuuud"
"kt1_0557";"";"Kansantanssit";"Kaikenlaisia 2/4 polskia";"";"K. V. Hanel";"1876";"435";"2/4";"D";"Pohjanmaa";"";"Pohjanmaa";"Länsi-Suomen lääni";"";"";"";"";"+5-1-2-2-2-1-2-2+4-4-1+1+2-2-5+20-1+1+2+2-2+2-4-1+5-4-1-2-1+1+3+0+4-4-3+0-1-2-2+0+5-1-2-2-2-1-2-2+4+0-4-1+1+2-2-5+20-1+1+2+2-2+2-4-1+5-4-1-2+3-1-2-1+1+7-1+1-1+1-1+1-1+1-3-4-1+1+2+2+1-1+1-1+1-1+1-1+1-3-4-1+1+2+2+1-1+1+2+2-2+2-4-1+5-4-1-2-1+1+3-4+1";"udddddddudduudduduuududdudddduuruddrdddrudddddddurdduudduduuududduddduddduudududududdduuuudududududdduuuuduuududdudddduudu"
"kt1_0558";"";"Kansantanssit";"Kaikenlaisia 2/4 polskia";"";"Matti Pensari/ K. V. Hanel";"1876";"436";"2/4";"D";"Kokkola";"";"Keski-Pohjanmaa";"Länsi-Suomen lääni";"";"";"";"";"+5-4-1-2-1+1+2+1-1+1+4-2+3-3+3-6+5-4-1-2-1+1+2+0+5-4-1-2-1+1+2+1-1+1+2+3-1-2+2+1-1-5+5-4-1-2-1+1+2+1-1+1+4-2+3-3+3-6+5-4-1-2-1+1+3-1-2-1+1+2+2+1+4-4-3-2-1+1+2-2-1+3+0+3-3-3+3+3-3-3+1+4+3-3-4+4+3-3-2-2-1-2-2-1+1+7+2+1-1+1-3-2-1+1+2+2+1+2+2-2-1+1-5+5-4-1-2-1+1+2+1-1+1+4-2+3-3+3-6+5-4-1-2-1+1+2+0+5-4-1-2-1+1+2+1-1+1+2+3-1-2+2+1-1-5+5-4-1-2-1+1+2+1-1+1+4-2+3-3+3-6+5-4-1-2-1+1+3-1-2-1+1+2+2+1+3-3-3-2-1+1+2-2";"udddduuuduududududddduurudddduuuduuudduuddudddduuuduududududddduuddduuuuudddduuddurudduudduuudduuddddddduuuududdduuuuuuddududddduuuduududududddduurudddduuuduuudduuddudddduuuduududududddduuddduuuuudddduud"
"kt1_0559";"";"Kansantanssit";"Kaikenlaisia 2/4 polskia";"";"K. V. Hanel";"1876";"438";"2/4";"d";"Kokkola";"";"Keski-Pohjanmaa";"Länsi-Suomen lääni";"";"";"";"";"-1-2+0-2-1+1+4+0-2-2-1-4+0+9+1-1-2+0-2-1+1+4+0-2-2-1-4+0+4+3-3-4+4+3-3-4+4+3+2+1-1-2-3+1-1+3+0-2-1-2+0-1+3-3-4+7+3+0-2-1-2+0-1+3-3-4-4+0-1+0-2+0+3-1-3+1+0+2+0+1+0-1+5-7+0+3-1-3+1";"ddrdduurddddruuddrdduurddddruudduudduuuudddudurdddrdudduurdddrdudddrdrdruddurururdudruddu"
"kt1_0560";"Wirtaan polska";"Kansantanssit";"Kaikenlaisia 2/4 polskia";"";"Gust. KrautleinK. V. Hanel";"1876";"438";"2/4";"D";"Lohtaja";"";"Keski-Pohjanmaa";"Länsi-Suomen lääni";"";"";"";"";"-2-1+3+5-5-2-1-2-2-1+1+2+2+1-3-3+3-2+7-2-1+3+5-5-2-1-2-2-1+1+2+2+1-3-3+3-2-5+5+4-4-5+4+3-3-4+5+4-4-5+4+3-3-4+5+4-4-1+1+2+2+1-3-3+3-2-5+5+4-4-5+4+3-3-4+5+4-4-5+4+3-3-4+5+4-4-1+1+2+2+1-3-3+3-2+4+1+0-1+0-2-2+2+2-4+0+2+0";"dduudddddduuuuddududduudddddduuuuddudduudduudduudduudduudduuuuddudduudduudduudduudduudduuuudduduurdrdduudrur"
"kt1_0561";"Urjalan polska";"Kansantanssit";"Kaikenlaisia 2/4 polskia";"";"Gust. KrautleinK. V. Hanel";"1876";"439";"2/4";"Bb";"Lohtaja";"";"Keski-Pohjanmaa";"Länsi-Suomen lääni";"";"";"";"";"+5+4-4-1+1+2-7+4+3-2-5-3+3+0+5+4-4-1+1+2-7+4+3-2-5+5+4-4-1+1+2-7+4+3-2-5-3+3+0+5+4-4-1+1+2-7+4+3-2+5-3-2+2+2-4-1+1+5-3-2+2+2-4-1+1-5+5+4-4-1+1+2-7+4+3-2+5-3-2+2+2-4-1+1+5-3-2+2+2-4-1+1-5+5+4-4-1+1+2-7+4+3-2+12+0+0-3-2+0-2+4-2-2-1-9+5+4-4-3+3+5-3-3+3-2+12+0+0-3-2+0-2+4-2-2-1-9+5+4-4-3+3+5-3-3+3-2";"uudduuduuddduruudduuduudduudduuduuddduruudduuduududduudduudduudduduudduuduududduudduudduudduduudduuduudurrddrdudddduudduuddudurrddrdudddduudduuddud"
"kt1_0562";"Urjalan polska";"Kansantanssit";"Kaikenlaisia 2/4 polskia";"";"Gust. KrautleinK. V. Hanel";"1876";"440";"2/4";"Bb";"Lohtaja";"";"Keski-Pohjanmaa";"Länsi-Suomen lääni";"";"";"";"";"-3+3+5-1-2-2+7+3-1-2+2-2-2-1+10-2-2-1+1-3+2-4-5-3+3+5-1-2-2+7+3-1-2+2-2-2-1+10-2-2-1+1-3+2-4+7-3+3+5-1-2-2-2+2+2-2-2-1-2-2-1+1+2+3+4-2-2-3-2+7-3+3+5-1-2-2-2+2+2-2-2-1-2-2-1+1+2+3+4-2-2-3-2";"duuddduuddudddudddududdduuddduuddudddudddudududuudddduudddddduuuudddduduudddduudddddduuuudddd"
"kt1_0563";"Hevosen vaihtoa";"Kansantanssit";"Kaikenlaisia 2/4 polskia";"Andante";"Herman Rahikainen/ K. V. Hanel";"1876";"440";"2/4";"C";"Keuruu";"";"Keski-Suomi";"Länsi-Suomen lääni";"";"";"";"";"-2-2-1-2-2-3+1+2+0+2+2+1+2+2-4+4-2-2-1-2-2-3+1+2+0+2+2+1+0+0+2+0+2-2-2-1+1+2-7+12+0+2-2-2-1+1+2-7+2+0+2-2-2-1+1+2-7+2+0+2+0+1+0+0";"dddddduuruuuuududddddduuruuurruruddduuduruddduuduruddduudurururr"
"kt1_0564";"";"Kansantanssit";"Kaikenlaisia 2/4 polskia";"";"Kustaa Lemberg/ K. V. Hanel";"1876";"441";"2/4";"C";"Lempäälä";"";"Pirkanmaa";"Länsi-Suomen lääni";"";"Klarinetilla.";"";"";"-5+5+4-4+4+3-3+0-4+2-2-1+1+2+0+2-2-2-1+1+0-5+5+4-4+4+3-3+0-4+2-2-1+1+2+0+2-2-2-1+1+2+5-1+1+2-2-1+1+2-2-1+1-5-2-1+1+2+0+2-2-2-1+1+2+5-1+1+2-2-1+1+2-2-1+1-5-2-1+1+2+0+2-2-2-1+1";"duuduudrdudduurudddurduuduudrdudduuruddduuuduudduudduddduuruddduuuduudduudduddduurudddu"
"kt1_0565";"";"Kansantanssit";"Kaikenlaisia 2/4 polskia";"";"Kustaa Lemberg/ K. V. Hanel";"1876";"441";"2/4";"G";"Lempäälä";"";"Pirkanmaa";"Länsi-Suomen lääni";"";"Klarinetilla.";"";"";"+5+0+0+2+1-1-2-1+1+0-5-4+4+5+0+0+3+0-1-2-1+3-2-5+5+0+0+2+1-1-2-1+1+0-5-4+4+5+0+0+3+0-1-2-1+3-2+3-5-2-1+3+9-4-5+2-2-2-1-4+4+3+10-5-1+1+2-3+1+0-5-2-1+3+9-4-5+2-2-2-1-4+4+3+10-5-1+1+2-3+1";"urruudddurdduurrurddduddurruudddurdduurrurdddududdduuddudddduuudduudurddduuddudddduuudduudu"
"kt1_0566";"";"Kansantanssit";"Kaikenlaisia 2/4 polskia";"";"Kustaa Lemberg/ K. V. Hanel";"1876";"442";"2/4";"G";"Lempäälä";"";"Pirkanmaa";"Länsi-Suomen lääni";"";"Klarinetilla.";"";"";"+5+0+4+3+2-2-2-1-4+4+3+2-2-2-1+1-3-2-5+5+0+4+3+2-2-2-1-4+4+3+2-2-2-1+1-3-2+12-3-4+4+0-2-2-1+1+2-2-1-4+0+4+3+4-4-2-1+1-3-2+12-3-4+4+0-2-2-1+1+2-2-1-4+0+4+3+4-4-2-1+1-3-2";"uruuudddduuuddduddduruuudddduuudddudduddurddduudddruuudddudduddurddduudddruuudddudd"
"kt1_0567";"";"Kansantanssit";"Kaikenlaisia 2/4 polskia";"";"Kustaa Lemberg/ K. V. Hanel";"1876";"442";"2/4";"D";"Lempäälä";"";"Pirkanmaa";"Länsi-Suomen lääni";"";"Klarinetilla.";"";"";"-3+2-4-1+1+2-3+1-5-3+3+5+4+3+2-2-2-1+1-3-2+5-3+2-4-1+1+2-3+1-5-3+3+5+4+3+2-2-2-1+1-3-2+5+4-2+0-3+1+4-2-2-1-2+2+3-2-1-2+5-2-1+1-3-2+5+4-2+0-3+1+4-2-2-1-2+2+3-2-1-2+5-2-1+1-3-2";"dudduududduuuuuddduddududduududduuuuudddudduudrduudddduuddduddudduudrduudddduuddduddudd"
"kt1_0568";"";"Kansantanssit";"Kaikenlaisia 2/4 polskia";"";"Kustaa Lemberg/ K. V. Hanel";"1876";"443";"2/4";"F";"Lempäälä";"";"Pirkanmaa";"Länsi-Suomen lääni";"";"Klarinetilla.";"";"";"+5+4+1-1-2-7+4+3-2+4-9+5+4+1-1-2-7+4+3-2-5+5+4+1-1-2-7+4+3-2+4-9+5+4+1-1-2-7+4+3-2+7-3+3+5-1-2-5+1+4-2-12+4+3+3-1-2-7+4+3-2+4+3-3+3+5-1-2-5+1+4-2-12+4+3+3-1-2-7+4+3-2";"uuuddduududuuuddduudduuuddduududuuuddduududuuddduudduuuddduuduuduuddduudduuuddduud"
"kt1_0569";"Hienohelmaa";"Kansantanssit";"Kaikenlaisia 2/4 polskia";"";"K. V. Hanel";"1876";"443";"2/4";"D";"Savo";"";"Etelä-Savo";"Itä-Suomen lääni";"";"";"";"";"+7+0+0+0+2-2-2-1+0-4+2+2-4+2+2+0-2+0+0+2+1+0+0+2-2-1-2+0-3+1+2-3+1+2+0-2+0+0+7+0+0+0+2-2-2-1+0-4+2+2-4+2+2+0-2+0+0+2+1+0+0+2-2-1-2+0-3+1+2-3+1+2+0-2+0+4+3+0-3+0-2+0-2+2+2+1+4+0-4+0-1+0-4+4+3-3+0-2+0-2+2+2+1+4+0-2-2-3-2+0+0+4+3+0-3+0-2+0-2+2+2+1+4+0-4+0-1+0-4+4+3-3+0-2+0-2+2+2+1+4+0-2-2-3-2+0+0";"urrrudddrduuduurdrruurrudddrduuduurdrrurrrudddrduuduurdrruurrudddrduuduurdruurdrdrduuuurdrdrduudrdrduuuurddddrruurdrdrduuuurdrdrduudrdrduuuurddddrr"
"kt1_0570";"Rotta-keikkua";"Kansantanssit";"Kaikenlaisia 2/4 polskia";"";"Josua Hanhineva/ K. V. Hanel";"1876";"444";"2/4";"G";"Kannus";"";"Keski-Pohjanmaa";"Länsi-Suomen lääni";"";"";"";"";"+9+2+1-5-3-4+0+9+2+1-5-3-4+0+2+2+1+2+2+2+3-2-1+1-1-2-2-3+3-2-3+3-1-4+4+0-2-3+3+0-2+0+0+2+2+1+2+2+2+3-2-1+1-1-2-2-3+3-2-3+3-1-4+4+0-2-3+3+0-2+0+0+2+2+1+2+2+2+3-2-1+1-1-2-2-3+3-2-3+3-1-4+4+0-2-3+3+0-2+0";"uuudddruuudddruuuuuuudduddddudduddurddurdrruuuuuuudduddddudduddurddurdrruuuuuuudduddddudduddurddurdr"
"kt1_0571";"Joutsenen polska";"Kansantanssit";"Kaikenlaisia 2/4 polskia";"";"Josua Hanhineva/ K. V. Hanel";"1876";"444";"2/4 ja 3/4";"G";"Kannus";"";"Keski-Pohjanmaa";"Länsi-Suomen lääni";"";"";"";"";"+4+3+5+4-4-5-2-1+1-3+3-1-4+4+3-2-1-2-2+0+4+3+5+4-4-5-2-1+1-3+3-1-4+4+3+2-9+4+3+0+4+3-2-1+1-1-2-2-2-1+1-3+3-1-4+4+3-2-1-2-2+7+0+4+3-2-1+1-1-2-2-2-1+1-3+3-1-4+4+3+2-2+0+2+3-1-4+4+3+0-2-1+1-3+3+0-1-4+4+3+0-2-1+1-3+3-5+2+2+1+4-4-3-2+0-3+3-2-3+3-1-4+12-1-2+2+3+0-2-1+1-3+3+0-1+0+3+0-2-1+1-3+3-5-3+3-2-3+3+4-2+0";"uuuuddddududduuddddruuuuddddududduuuduuruuddudddddududduudddduruuddudddddududduuudruudduurddudurdduurddududuuuudddrdudduddudduurddudurdrurddududdudduudr"
"kt1_0572";"Vekkulia";"Kansantanssit";"Kaikenlaisia 2/4 polskia";"";"Josua Hanhineva/ K. V. Hanel";"1876";"445";"2/4";"D";"Kannus";"";"Keski-Pohjanmaa";"Länsi-Suomen lääni";"";"";"";"";"+3+0+0+0-3+1+2+2-4+2-2-1-2+5+0-3+3+0+0+0-3+1+2+2-4+2-2-1-2+5+0-5+0+0+0-3+1+4+3-3-2+0+0+0-3+1+0+2+0+0+0-3+1+4+3-3-2+0+0+0-3+1+0";"urrrduuududddurdurrrduuududddurdrrrduuuddrrrdururrrduuuddrrrdur"
"kt1_0573";"Laviaa";"Kansantanssit";"Kaikenlaisia 2/4 polskia";"";"V. L. Pääkkönen/ K. V. Hanel";"1876";"446";"2/4";"D";"Leppävirta";"";"Pohjois-Savo";"Itä-Suomen lääni";"";"";"";"";"-4+0+4+3-2-1+1-3+0+0-3+3+3-1+1-3-3+1+0+4-4+0+4+3-2-1+1-3+0+0-3+3+3-1+1-3-3+1+0-5-3+3+5-7+4+3+5-1-2+2-2-2-1-2-2+10-1-2+2-2-2-1-2+2-2-2+12-3-4+4+1+4-7+3-1+3-3+1-3-2-1+1+0-5-3+3+5-7+4+3+5-1-2+2-2-2-1-2-2+10-1-2+2-2-2-1-2+2-2-2+12-3-4+4+1+4-7+3-1+3-3+1-3-2-1+1+0";"druuddudrrduududdurudruuddudrrduududdurdduuduuudduddddduddudddduddudduuududududddurdduuduuudduddddduddudddduddudduuududududddur"
"kt1_0574";"";"Kansantanssit";"Kaikenlaisia 2/4 polskia";"";"Juho Tuvin/ K. V. Hanel";"1876";"446";"2/4 ja 3/4";"D";"Joroinen";"";"Etelä-Savo";"Itä-Suomen lääni";"";"";"";"";"+4+1+2+0+2+0-2+2-2-2+0-1-4+0+4+1+2+0+2+0-2+2-2-2+2-2-1-4+4+3+2-2-2+2-2-1-4+4+0-2-2-1+0+1+0+4+1+2+0+2+0-2+2-2-2+0-1-4+0+4+1+2+0+2+0-2+2-2-2+2-2-1-4+4+3+2-2-2+2-2-1-4+4+0-2-2-1+0+1-5+5+0+0+0+0-3-4+0+0+0+0+2+0+0+0+12-3+3-2-3+3-1-4+4+0-2-2-1+0+1-5+5+0+0+0+0-3-4+0+0+0+0+2+0+0+0+12-3+3-2-3+3-1-4+4+0-2-2-1+0+1";"uuururduddrddruuururdudduddduuuddudddurdddruruuururduddrddruuururdudduddduuuddudddurdddrudurrrrddrrrrurrrududduddurdddrudurrrrddrrrrurrrududduddurdddru"
"kt1_0575";"";"Kansantanssit";"Kaikenlaisia 2/4 polskia";"";"Kaapo Tanninen/ K. V. Hanel";"1876";"447";"2/4";"D";"Rantasalmi";"";"Etelä-Savo";"Itä-Suomen lääni";"";"";"";"";"+5+0+0+0+0+0+0-5+4+3+0+0+0+0+0+0+0+2-2+2+1+2+2-2-2+2-2-1+0-2-2-1+1+2-2-5+5+0+0+0+0+0+0-5+4+3+0+0+0+0+0+0+0+2-2+2+1+2+2-2-2+2-2-1+0-2-2-1+1+2-2-5+5+0+0+0+0+0+0+0-1+0+0+0+0+0+0-2+0+0+0+0-2+0+0+0+9-2+2+1+2+2-2-2+2-2-1+0-2-2-1+1+2-2-5+5+0+0+0+0+0+0+0-1+0+0+0+0+0+0-2+0+0+0+0-2+0+0+0+9-2+2+1+2+2-2-2+2-2-1+0-2-2-1+1+2-2";"urrrrrrduurrrrrrruduuuudduddrddduuddurrrrrrduurrrrrrruduuuudduddrddduuddurrrrrrrdrrrrrrdrrrrdrrruduuuudduddrddduuddurrrrrrrdrrrrrrdrrrrdrrruduuuudduddrddduud"
"kt1_0576";"";"Kansantanssit";"Kaikenlaisia 2/4 polskia";"";"Paavo Kuutti/ K. V. Hanel";"1876";"447";"2/4";"D";"Kerimäki";"";"Etelä-Savo";"Itä-Suomen lääni";"";"";"";"";"+0+0+0+2+0+0+0-2+0+0+0-2+0+0+0-1+0-4+4+3+0-2+0-1+0-4+4+0-2-2-1-4+4+0+1-5+5+0+0+0+0+4+0+0-4-5+5+4-4-5+5+4-4-5+5+4-2-3-4+4+3-3-4+4+3+0-7+12-3+1+0-1+0+0-2-2-1+0+1";"rrrurrrdrrrdrrrdrduurdrdrdurddddurudurrrrurrdduudduudduuddduudduurdudurdrrdddru"
"kt1_0577";"";"Kansantanssit";"Kaikenlaisia 2/4 polskia";"";"Paavo Kuutti/ K. V. Hanel";"1876";"448";"2/4";"D";"Kerimäki";"";"Etelä-Savo";"Itä-Suomen lääni";"";"";"";"";"+4-5+3-5+2+1-3-2+0+5+4-5+3-5+2+1-3-2+0+2-2-1-2-2+0+0+4+1+0+2-2-1-2-2+0+0+4+1-1+3-3+3-2+4-4+4-2-2-1-2-2+0+5+0+2-2-1-2-2+0+5";"ududuuddruududuuddruddddrruuruddddrruudududududddddruruddddru"
"kt1_0578";"Annaliisaa";"Kansantanssit";"Kaikenlaisia 2/4 polskia";"Andantino";"Paavo Kuutti/ K. V. Hanel";"1876";"449";"2/4";"D";"Kerimäki";"";"Etelä-Savo";"Itä-Suomen lääni";"";"";"";"";"+0+2-2-2-1+0-2+2+1-1+1+2-12+2+7+3+0-5+2+1+2-2-1-4+4-2+0-3-4+4+3-2+4-4+4+3+0-5+2+1+2-2-1-4+4-2+0-3-4+4+3-2+0+5+0-1+0-2+0-2+0+5+0-1+0-2+0-2+0+5+0-1+0-2+0-2+0+5+0-1+0-2+0-2";"rudddrduuduuduuurduuudddudrdduududuurduuudddudrdduudrurdrdrdrurdrdrdrurdrdrdrurdrdrd"
"kt1_0579";"";"Kansantanssit";"Kaikenlaisia 2/4 polskia";"";"E. Kianstén/ K. V. Hanel";"1876";"449";"2/4";"C";"Puumala";"";"Etelä-Savo";"Itä-Suomen lääni";"";"";"";"";"+5+4+3-2-3+0-2-1-4+0+10";"uuuddrdddru"
"kt1_0580";"";"Kansantanssit";"Kaikenlaisia 2/4 polskia";"";"E. Kianstén/ K. V. Hanel";"1876";"450";"2/4";"a";"Puumala";"";"Etelä-Savo";"Itä-Suomen lääni";"";"";"";"";"-2-1+1-3+5-2-1+1-3+5-2-1+1-3+5+2-4+4+3-2-1+1-1-2+2-4-3+3-1-3+1+0+3+4+3-2-1+1-1-2+2-4-3+3-1-3+1+0";"ddududdududduduuduuddudduddudduruuudduddudduddur"
"kt1_0581";"";"Kansantanssit";"Kaikenlaisia 2/4 polskia";"";"E. Kianstén/ K. V. Hanel";"1876";"450";"2/4";"D";"Puumala";"";"Etelä-Savo";"Itä-Suomen lääni";"";"";"Menee a-mollissa.";"";"-2-1+1-3-2+0-1+3-2+7+0-2-1+1-3-2+0-5+4+3-3+1+7-2-1+1-3-2+0-1+3-2+7+0-2-1+1-3-2+0-5+4+3-3+1+2+5-5-2-1-2+2-2+2+1+2+5-5-2-1-2-2+2+2+1+2+2-2-2-1-2-7+4+1+0+7+5-5-2-1-2+2-2+2+1+2+5-5-2-1-2-2+2+2+1+2+2-2-2-1-2-7+4+1+0";"dduddrdudurdduddrduuduudduddrdudurdduddrduuduuudddduduuuuddddduuuuuddddduuruudddduduuuuddddduuuuuddddduur"
"kt1_0582";"";"Kansantanssit";"Kaikenlaisia 2/4 polskia";"";"E. Kianstén/ K. V. Hanel";"1876";"450";"2/4 ja 3/4";"D";"Puumala";"";"Etelä-Savo";"Itä-Suomen lääni";"";"";"";"";"+2+2+1+2+2-2-2-1-2-2+2+2+1-1-2-3+1-5-3-4+4+3+5+2+2+1+0-1-2-2+4-2-2-1+0+1+0+2+2+1+2+2-2-2-1-2-2+2+2+1-1-2-3+1-5-3-4+4+3+5+2+2+1+0-1-2-2+4-2-2-1+0+1-8+3+5-5-3+3+5-5+10+0-1-2-2+0-5-3-4+4+3+5+2+2+1+0-1-2-2+4-2-2-1+0+1-8+3+5-5-3+3+5-5+10+0-1-2-2+0-5-3-4+4+3+5+2+2+1+0-1-2-2+4-2-2-1+0+1";"uuuuuddddduuuddduddduuuuuurdddudddruruuuuuddddduuuddduddduuuuuurdddudddruduudduudurdddrddduuuuuurdddudddruduudduudurdddrddduuuuuurdddudddru"
"kt1_0583";"";"Kansantanssit";"Kaikenlaisia 2/4 polskia";"";"E. Kianstén/ K. V. Hanel";"1876";"451";"2/4";"G";"Puumala";"";"Etelä-Savo";"Itä-Suomen lääni";"";"";"";"";"+2+2+1+2+0-2+2+5-12+2+2+1+2+0-2+2-7+2+2+1+2+0-2+2+5-12+2+2+1+2+0-2+2+4+3+0-3-4+4+1+4+0-4-1+3+0-3-4+4+1+4-4-1+3+0-3-4+4+1+4+0-4-1+3+0-3-4+4+1+4-4";"uuuurduuduuuurduduuuurduuduuuurduuurdduuurddurdduuuddurdduuurddurdduuud"
"kt1_0584";"";"Kansantanssit";"Kaikenlaisia 2/4 polskia";"";"Mutikainen/ K. V. Hanel";"1876";"451";"2/4";"D";"Puumala";"";"Etelä-Savo";"Itä-Suomen lääni";"";"";"";"";"+5+4+3+0-2-3+3-1-4-5+5+4+3+0-2-3+2-4-5+5+4+3+0-2-3+3-1-4-5+5+4+3+0-2-3+2-4+2+5-3-4+4+1-3-3+3+5-3-4+4+1-3-3+3+5-3-4+4+1-3-3+3-3+1+2+5-3-4+4+1-3-3+3+5-3-4+4+1-3-3+3+5-3-4+4+1-3-3+3-3+1";"uuurdduddduuurddudduuurdduddduuurdduduudduudduudduudduudduudduduuudduudduudduudduudduuddudu"
"kt1_0585";"";"Kansantanssit";"Kaikenlaisia 2/4 polskia";"";"Tuomas Glödstaf/ K. V. Hanel";"1876";"452";"2/4";"D";"Puumala";"";"Etelä-Savo";"Itä-Suomen lääni";"";"";"";"";"-3-2+4-9+5-5+5+5-3-2+4-9+0+10-3-2+4-9+5-5+5+5-3-2+4-9+0+7-2-1-2-2+4-4+4+3+5-5-2-1-2-2+7-2-1-2-2+4-4+4+3+5-5-2-1-2-2+12-2-1-2+2+1-1-2-2-5+5+4+1-3+2-4+5-1-2-2-1-2+2+1+0";"ddududuuddudruddududuuddudrudddduduuudddddudddduduuuddddduddduudddduuudududdddduur"
"kt1_0586";"";"";"";"";"";"";"";"";"";"-()";"";"";"";"";"";"";"";"";""
"kt1_0587";"";"";"";"";"";"";"";"";"";"-()";"";"";"";"";"";"";"";"";""
"kt1_0588";"";"Kansantanssit";"Kaikenlaisia 2/4 polskia";"";"E. Sivori";"1888";"456";"2/4";"d";"Walkeala(Valkeala)";"";"Kymenlaakso";"Etelä-Suomen lääni";"";"";"";"";"+1-1-2+2-2-2+2-2-1-2-1+1+2+1-1-3+1+0+7+1-1-2+2-2-2+2-2-1-2-1+1+2+1-1-3+1+0-5+5-1+1+2+3-2+0+0-1-2-1+0+1+2+1-1-3+1+0-5+5-1+1+2+3-2+0+0-1-2-1+0+1+2+1-1-3+1+0";"udduddudddduuudduruudduddudddduuuddurduduuudrrdddruuuddurduduuudrrdddruuuddur"
"kt1_0589";"Hyppy-polkka";"Kansantanssit";"Kaikenlaisia 2/4 polskia";"";"E. Sivori";"1888";"456";"2/4";"D";"Walkeala(Valkeala)";"";"Kymenlaakso";"Etelä-Suomen lääni";"";"";"";"";"+5+4-4-1+3-7+5+4-4-1+3+5+0-2-1+1+4-2+0-12+5+4-4-1+3-7+5+4-4-1+3+5+0-2-1+1+4-2+0+0-3+3+5-5+2-2-3-2+3-3-2+0-1-2+2+3-2+0+7-3+3+5-5+2-2-3-2+3-3-2+0-1-2+2+3-2+0";"uudduduudduurdduudrduudduduudduurdduudrrduududdduddrdduudruduududdduddrdduudr"
"kt1_0590";"Jalasjärven jonkotusta";"Kansantanssit";"Kaikenlaisia 2/4 polskia";"";"Matti Konka/ E. Sivori";"1888";"456";"2/4";"E";"Iitti";"";"Kymenlaakso";"Etelä-Suomen lääni";"";"";"Toiseksi viimeinen ääni on arvaus.";"";"+0-1+1+4-2+0-2+2+3-1+0-2+2+5-2+0-1+1-12+5+0-1+1+4-2+0-2+2+2+1-3-3-4+5+0+12-5-3+1+2-3-4+2+2-2+2+1+4-4-3+2+1-3-3-4+12+0+0+5-5-3+1+2-3-4+2+2-2+2+1+0+4-4-3-7+5+0";"rduudrduudrduudrdudurduudrduuudddurudduudduuduuudduudddurrudduudduuduurudddur"
"kt1_0591";"";"Kansantanssit";"Kaikenlaisia 2/4 polskia";"";"E. Sivori";"1888";"457";"2/4";"D";"Jaala";"";"Kymenlaakso";"Etelä-Suomen lääni";"";"";"";"";"-1-2-2-2-1+1-3-2+0+4-9+5-1+1+2+2+1+4+0-2-2-1+3+5-1-2-2-2-1+1-3-2+0+4-9+5-1+1+2+2+1-1+1-3-2+0+0+4-2+2-2+2-2+5+2+2-4-5+4+3+3-3";"ddddduddrududuuuuurddduuddddduddrududuuuududdrrudududuuudduuud"
"kt1_0592";"";"Kansantanssit";"Kaikenlaisia 2/4 polskia";"";"K. Pystynen/ E. Sivori";"1888";"458";"2/4";"E";"Hirvensalmi";"";"Etelä-Savo";"Itä-Suomen lääni";"";"";"";"";"+2+2+1+2+2+2+1-5-3-4+5-3+0+0+2-4+0+0+0+2+2+1+2+2+2+1-5-3-4+5-3+0-3+1+0+2+2-9+5+2+2-9+5+2+3-3+0-2+2+2-4+0+2+2-9+5+2+2-9+5+2+3-3+0-3+1+0+0";"uuuuuuudddudrrudrrruuuuuuudddudrduruuduuuduuudrduudruuduuuduuudrdurr"
"kt1_0593";"";"Kansantanssit";"Kaikenlaisia 2/4 polskia";"Hyvin nopeasti";"K. Pystynen/ E. Sivori";"1888";"458";"2/4";"D";"Hirvensalmi";"";"Etelä-Savo";"Itä-Suomen lääni";"";"";"";"";"+5-8+0+1+4-2-2-1+0+1-1+1-3+5+0+5-8+0+1+4-2-2-1+0+1-1+1-3+5+0+0+4+3+0+3+0-1-4+4-4-3+0-2+0+0+4+3+0+3+0-1-4+4-4-3+0-2+0";"udruudddrududurudruudddrududurruururdduddrdrruururdduddrdr"
"kt1_0594";"";"Kansantanssit";"Kaikenlaisia 2/4 polskia";"";"Antti Ripatti/ E. Sivori";"1888";"459";"2/4";"d";"Hirvensalmi";"";"Etelä-Savo";"Itä-Suomen lääni";"";"";"";"";"+2-2+2-2-5+5+2-2+2-2-5+5+2-2+2+1-3+2+0-2+2-2+2-2-5+5+2-2+2-2-5+5+2-2+2+1-3+2+0+1+4+1-1-2-3+0+3+2-2-2-3+0+3+2-2-1-7+5+0+3+4+1-1-2-3+0+3+2-2-2-3+0+3+2-2-1-7+5+0";"ududduududduuduudurdududduududduuduuduruuudddruudddruuddduruuudddruudddruudddur"
"kt1_0595";"";"Kansantanssit";"Kaikenlaisia 2/4 polskia";"";"Antti Ripatti/ E. Sivori";"1888";"459";"2/4";"Bb";"Hirvensalmi";"";"Etelä-Savo";"Itä-Suomen lääni";"";"";"";"";"-4+0-1+1+4-2-3+0-2+2+3-2-3+0-2+2+3-1-4+0+9-4+0-1+1+4-2-3+0-2+2+3-2-3+0-2+2+3-1-4+0+0+5+0-1+1+4-2+0+0-2+2+2+1+4+0-1+1+2-2+2-2-3+1-12+5+0-1+1+4-2+0+0-2+2+2+1+4+0-1+1+2-2+2-2-3+1";"drduuddrduuddrduuddrudrduuddrduuddrduuddrrurduudrrduuuurduududdudurduudrrduuuurduududdu"
"kt1_0596";"Seisahdus-polkka";"Kansantanssit";"Kaikenlaisia 2/4 polskia";"";"K. Pystynen/ E. Sivori";"1888";"460";"2/4";"G";"Hirvensalmi";"";"Etelä-Savo";"Itä-Suomen lääni";"";"";"";"";"+2+2+0-2+2+1+0-1+0-2+0-2+4-9+5+2+2+0-2+2+1+0-1+0-2+0-2+0+0+7+0-3-4+0+9-5+1+0-1-2+0+5-3+0-2-2+0+9+0-2+0-2+0-3+0-2+0";"uurduurdrdrduduuurduurdrdrdrrurddrudurddrudrddrurdrdrdrdr"
"kt1_0597";"";"Kansantanssit";"Kaikenlaisia 2/4 polskia";"Nopeasti";"E. Sivori";"1888";"460";"2/4";"G";"Mäntyharju";"";"Etelä-Savo";"Itä-Suomen lääni";"";"";"";"";"+0+4-4+4+3+0-3+3+5+0-1-2-2+0-7+0+4-4+4+3+0-3+3+5+0-1-2-2+0-2+2+2-2-2-3+2+1+2-2-1-4+2+2+1-1-2-3+1+0+5+2+2-2-2-3+2+1+2-2-1-4+2+2+1-1-2-3+1+0";"ruduurduurdddrdruduurduurdddrduuddduuuddduuuddduruuuddduuuddduuudddur"
"kt1_0598";"";"";"";"";"";"";"";"";"";"-()";"";"";"";"";"";"";"";"";""
"kt1_0599";"Purppuri";"Kansantanssit";"Kaikenlaisia 2/4 polskia";"";"K. A. Saarinen/ E. Sivori";"1888";"462";"2/4";"A";"Suomenniemi";"";"Etelä-Karjala";"Etelä-Suomen lääni";"";"";"";"";"+0+2-2-3+3+0+2-2-3+3+0+2-2+5-1-2-2+0+2-2-3+3+0+2-2-3+3+0+2-2+5-1-2-7+0+0+9-2+2+1";"rudduruddurududddrudduruddurududddrruduu"
"kt1_0600";"Kievotusta";"Kansantanssit";"Kaikenlaisia 2/4 polskia";"Hyvin nopeasti";"K. A. Saarinen/ E. Sivori";"1888";"463";"2/4";"G";"Suomenniemi";"";"Etelä-Karjala";"Etelä-Suomen lääni";"";"";"";"";"+5+0+0+2-3+0+0+1+4+0-4+4-2+0-7+5+0+0+2-3+0+0+1+4+0-4+4-2+0+2-4+4+0-2-3+3-3-2-2+4+1+2-3+1+0+4-4+4+0-2-3+3-3-2-2+4+1+2-3+1+0";"urrudrruurdudrdurrudrruurdudrudurdduddduuudurudurdduddduuudur"
"kt1_0601";"";"Kansantanssit";"Kaikenlaisia 2/4 polskia";"";"A. Björk/ E. Sivori";"1888";"463";"2/4";"G";"Wiipuri(Viipuri)";"";"Karjalan kannas";"Karjalan, Inkerin, ym. alueet";"";"";"";"";"+2-2-3+3+2-2-3+3+2-2-3-4+0+5+2-2-3+3+2-2-3+5+0+0+0+2-2-3+3+2-2-3+3+2-2-3-4+0+5+2-2-3+3+2-2-3+5+0+0+0+5-1-2-2+5-1-2-2-3-4+4-2+5-2-1-2+3-1-2-2+2+2+1+2+5-1-2-2+5-1-2-2-3-4+4-2+5-2-1-2+3-1-2-2+0";"udduudduudddruudduuddurrrudduudduudddruudduuddurrrudddudddddududdduddduuuuudddudddddududddudddr"
"kt1_0602";"Alamannia";"Kansantanssit";"Kaikenlaisia 2/4 polskia";"";"Paavo Koponen/ E. Sivori";"1888";"463";"2/4";"D";"Kivennapa";"";"Karjalan kannas";"Karjalan, Inkerin, ym. alueet";"";"";"";"";"-1+1+2+2+1-3+2+1+4-4-3+2-4+0-1+1+2+2+1-3+2+1+4-4-3-2+4-2-1+1+0+0-1+1+0+0-2-1-2-2+2+2+1+2+3-3-3+1";"duuuuduuuddudrduuuuduuuddduddurrdurrdddduuuuuddu"
"kt1_0603";"Matratuuria";"Kansantanssit";"Kaikenlaisia 2/4 polskia";"";"Kustaa Horppu/ E. Sivori";"1888";"464";"2/4";"G";"Karjala";"";"Karjalan kannas";"Karjalan, Inkerin, ym. alueet";"";"";"";"";"+4-4-1+3-3+1+4-4-1+3-3+1-1-2+3-1+1+2-3+1+0+4-4-1+3-3+1+4-4-1+3-3+1-1-2+3-1+1+2-3+1+7-3-4+4+3-3-4+4+5-2-2-1-2+10-1+1+2-3+1+0-5-3-4+4+3-3-4+4+5-2-2-1-2+10-1+1+2-3+1+0";"udduduuddududduduudurudduduuddududduduuduudduudduudddduduudurddduudduudddduduudur"
"kt1_0604";"Kahden askeleen valssi";"Kansantanssit";"Kaikenlaisia 2/4 polskia";"";"Juho Hänninen/ E. Sivori";"1888";"464";"2/4";"G";"Sortavala";"";"Laatokan Karjala";"Karjalan, Inkerin, ym. alueet";"";"muistiinpanijan ikä 48";"";"";"+2+2+1+2-2-1+1+2+5-12+2+2+1+2-2-1+1+2-7+2+2+1+2-2-1+1+2+5-12+2+2+1+2-2-1+1+2+4+3-7+4+1-1+1+2+2-4-1+3-7+4+1-1+1+2-2-1+3-7+4+1-1+1+2+2-4-1+3-7+4+1-1+1+2-2";"uuuudduuuduuuudduuduuuudduuuduuuudduuuuduuduuudduduuduudduduuduuudduduuduud"
"kt1_0605";"Kahvipannua";"Kansantanssit";"Kaikenlaisia 2/4 polskia";"";"Juho Hänninen/ E. Sivori";"1888";"465";"2/4";"G";"Sortavala";"";"Laatokan Karjala";"Karjalan, Inkerin, ym. alueet";"";"muistiinpanijan ikä 48";"";"";"+2+2+1+2+5-1-2-2+5+0+4-2-2-5-7+2+2+1+2+5-1-2-2+5+0+4-2-2-5+5-1-6+0+4-2-3+3+2-2-2-1-2-2+0+12-1-6+0+4-2-3+3+2-2-2-1-2-2+0";"uuuuudddurudddduuuuuddduruddduddrudduudddddruddrudduudddddr"
"kt1_0606";"Torniolaista";"Kansantanssit";"Kaikenlaisia 2/4 polskia";"";"Juho Hänninen/ E. Sivori";"1888";"465";"2/4";"G";"Sortavala";"";"Laatokan Karjala";"Karjalan, Inkerin, ym. alueet";"";"muistiinpanijan ikä 48";"";"";"+2-2-2-1-4+5-1+1+2+2-4+2+2-2-2-1-4+5+4-4+2+2-2-2-1-4+5-1+1+2+2-4+2+2-2-2-1-4+5+4-4+9+2-2-2-1-4+5-1+1+2+2-4+2+2-2-2-1-4+5+4-4+2+2-2-2-1-4+5-1+1+2+2-4+2+2-2-2-1-4+5+4-4";"udddduduuuduudddduuduudddduduuuduudddduuduudddduduuuduudddduuduudddduduuuduudddduud"
"kt1_0607";"Yskän-hyvää";"Kansantanssit";"Kaikenlaisia 2/4 polskia";"";"Juho Hänninen/ E. Sivori";"1888";"465";"2/4";"G";"Sortavala";"";"Laatokan Karjala";"Karjalan, Inkerin, ym. alueet";"";"muistiinpanijan ikä 48";"";"";"-2-1-2-2+4-2+2+1+2-2-1+3+5-5-2-1-2-2+4-2+2+1+2-2-1+3+7-2-1-4+0+0+4+0+0-4+0+0+4+0+3+0+0+2-2-2-1+1-3+0-2-2-1+1+2-2-1-2+2+1-1-2-2+2-2+0+0";"dddduduuudduuddddduduuudduudddrrurrdrrururrudddudrddduuddduudddudrr"
"kt1_0608";"Kuuden parin Hoilalaa";"Kansantanssit";"Kaikenlaisia 2/4 polskia";"";"Juho Hänninen/ E. Sivori";"1888";"466";"2/4";"D";"Sortavala";"";"Laatokan Karjala";"Karjalan, Inkerin, ym. alueet";"";"muistiinpanijan ikä 48";"";"";"+4+0-5+3-7+2+2+1+2+2-4-1+3-7+2+2+1+0+0-3+5-7+2+2+1+4+0-5+3-7+2+2+1-1-2-2+2+5-7+2+2+1+4+0-5+3-7+2+2+1+0";"urduduuuuudduduuurrduduuuurduduuuddduuduuuurduduuur"
"kt1_0609";"Wiipurilaista";"Kansantanssit";"Kaikenlaisia 2/4 polskia";"";"Juho Hänninen/ E. Sivori";"1888";"466";"2/4";"D";"Sortavala";"";"Laatokan Karjala";"Karjalan, Inkerin, ym. alueet";"";"muistiinpanijan ikä 48";"";"";"-3+1+2-3+1+2-3+0+3-2-3+2+1-3+2-4+0+4+3-3+1+2-3+1+2-3+0+3-2-3+2+1-3+2-4+0+4+1+4-2-3-4+4+1-3+0+2-2-2+0+0+5+4-2-3-4+4+1-3+0+2-2-2+0+0";"duuduudrudduududruuduuduudrudduududruuuddduudruddrruuddduudruddrr"
"kt1_0610";"Mainitusta";"Kansantanssit";"Kaikenlaisia 2/4 polskia";"";"Juho Hänninen/ E. Sivori";"1888";"467";"2/4";"D";"Sortavala";"";"Laatokan Karjala";"Karjalan, Inkerin, ym. alueet";"";"muistiinpanijan ikä 48";"";"";"-2-3+0-3+1+4+1+4-2-3+3-2-1-2-2+4+3-2-3+0-3+1+4-2-7+12-3+3-2-1-2-2+4+3-2-3+0-3+1+4+1+4-2-3+3-2-1-2-2+4+3-2-3+0-3+1+4-2-7+12-3+3-2-1-2-2+4-2+5-2-1-2-2-1+3-2+4-2+5-2-1-2-2-1+3-2+2+5-2-1-2-2-1+3-2+4-2+5-2-1-2-2-1+3-2+2+0-2-1-2-2+4+3-2-1-2+0-2+7+0-2-1-2-2+4+3-2-1-2+0-2+5+0+0+0+0+0+0+0+0+0+0+0+0+0+0+0+0+0+0+0+0+0+0+0+0+0+0+0+0+0+0+0+7-2+2+2-2-2-1+3-2-1-2+3-1-2-2+0-1+1+2+2-2-2-1+1-1-2-2+9+3-2+2+2-2-2-1+3-2-1-2+3-1-2-2+0-1+1+2+2-2-2-1+1-1-2-2+9-2+0-2-1-2-2+9-2+0-2-1-2-2+9";"ddrduuuuddudddduuddrduuddududddduuddrduuuuddudddduuddrduuddududdddududddddudududdddduduudddddudududddddudurdddduudddrdurdddduudddrdurrrrrrrrrrrrrrrrrrrrrrrrrrrrrrruduudddudddudddrduuuddduddduuduudddudddudddrduuudddudddudrddddudrddddu"
"kt1_0611";"Markkaa";"Kansantanssit";"Kaikenlaisia 2/4 polskia";"";"Juho Hänninen/ E. Sivori";"1888";"468";"2/4";"G";"Sortavala";"";"Laatokan Karjala";"Karjalan, Inkerin, ym. alueet";"";"muistiinpanijan ikä 48";"";"";"+5-1-2+2-4+5-1-2+2+3-2-3+0+7-4-1-4+0+5-1-2+2-4+5-1-2+2+3-2-3-3+1+4+0-4+5-1-2+2-4+5-1-2+2+3-2-3+0+7-4-1-4+0+5-1-2+2-4+5-1-2+2+3-2-3-3+1+4+0+3+5-1-2+2-4+5-1-2+2+3-2-3+0+7-4-1-4+0+5-1-2+2-4+5-1-2+2+3-2-3-3+1+4+0-4+5-1-2+2-4+5-1-2+2+3-2-3+0+7-4-1-4+0+5-1-2+2-4+5-1-2+2+3-2-3-3+1+4+0+1-5-2-1-2+2-4+5+0-3+0+0-2+4+3+5-5-2-1-2+2-4+5+0-3+0+0-2+0+0";"uddududduuddrudddruddududduuddduurduddududduuddrudddruddududduuddduuruuddududduuddrudddruddududduuddduurduddududduuddrudddruddududduuddduuruddddudurdrrduuuddddudurdrrdrr"
"kt1_0612";"Littantaa";"Kansantanssit";"Kaikenlaisia 2/4 polskia";"";"Juho Hänninen/ E. Sivori";"1888";"468";"2/4";"D";"Sortavala";"";"Laatokan Karjala";"Karjalan, Inkerin, ym. alueet";"";"muistiinpanijan ikä 48";"";"";"+4+3-7+4+3+2-2-2+2+2-2-2-1+1-3+2+1-3+2+1+2-2-1+1+2-2-1-2-2+0+4+3-7+4+3+2-2-2+2+2-2-2-1+1-3+2+1-3+2+1+2-2-1+1+2-2-1-2-2+4+0+0+0+0-2+2+1-1-2-2-1+3+0+0+0+5-2-1+1+2-2-1-2-2+4+0+0+0+0-2+2+1-1-2-2-1+3+0+0+0+5-2-1+1+2-2-1-2-2";"uuduuudduuddduduuduuudduuddddruuduuudduuddduduuduuudduuddddurrrrduuddddurrrudduuddddurrrrduuddddurrrudduudddd"
"kt1_0613";"";"Kansantanssit";"Kaikenlaisia 2/4 polskia";"";"Juho Hänninen/ E. Sivori";"1888";"469";"2/4";"D";"Sortavala";"";"Laatokan Karjala";"Karjalan, Inkerin, ym. alueet";"";"muistiinpanijan ikä 48";"";"";"-5-2-1-2+0+2+0+1+0+2+0+2+0+2+0+1+0+0-5-2-1-2+0+2+0+1+0+2+0+2-2-1+1+0+5-5-2-1-2+0+2+0+1+0+2+0+2+0+2+0+1+0+0-5-2-1-2+0+2+0+1+0+2+0+2-2-1+1+0+5+4-4-1+3-3+1+2+2+1+0+2-2-1-2-2+2+0+2+0-2-2+2-3+1+2+2+1-1+1+2-2-1-2-2+2+0+5+2-2-2+2-2-1+1-1-2+2-2+2+1-1-2+2-2-2+0+0+4-4-1+3-3+1+2+2+1+0+2-2-1-2-2+2+0+2+0-2-2+2-3+1+2+2+1-1+1+2-2-1-2-2+2+0+5+2-2-2+2-2-1+1-1-2+2-2+2+1-1-2+2-2-2+0";"ddddrururururururrddddrurururudduruddddrururururururrddddrurururudduruudduduuuuruddddururdduduuuuduudddduruudduddudduduudduddrrudduduuuuruddddururdduduuuuduudddduruudduddudduduudduddr"
"kt1_0614";"Siiputusta";"Kansantanssit";"Kaikenlaisia 2/4 polskia";"";"Jaska Ivanoff/ E. Sivori";"1888";"470";"2/4";"F";"Impilahti";"Pitkärannan tehdas";"Laatokan Karjala";"Karjalan, Inkerin, ym. alueet";"";"muistiinpanijan ikä 45";"";"";"+0+1-3+2-3+8+0-4-1+1+2-3+1+2-3+0+1-3+2-3+8+0-4-1+1+2-3+1+2+2-5+1+2-3+1-3+2-4+2+0-7+2+2+1+0+9-5+1+2-3+1-3+2-4+2+0-7+2+2+1+0+2+3-1+3-5+0-2+2+3-1+3-5+0-2+9-2-5+2+5-2-5+2-2+3-1+3-5+2-4+2+3-1+3-5+2-4";"rududurdduuduudrududurdduuduuuduudududurduuuruduudududurduuuruududrduududrdudduuddududududuududud"
"kt1_0615";"";"Kansantanssit";"Kaikenlaisia 2/4 polskia";"";"Jaska Ivanoff/ E. Sivori";"1888";"470";"2/4";"F";"Impilahti";"Pitkärannan tehdas";"Laatokan Karjala";"Karjalan, Inkerin, ym. alueet";"";"muistiinpanijan ikä 45";"";"";"+2+1-3+3-1+3-3-4+2+2+1-3+3-1+3-3-2-2+2+2+1+4-4+2-7+2+2+1+4-2-2+4-2-5+2+1-3+3-1+3-3-4+2+2+1-3+3-1-2-2";"uudududduuudududdduuuududuuuuddudduudududduuududdd"
"kt1_0616";"Letskaa";"Kansantanssit";"Kaikenlaisia 2/4 polskia";"";"Jaska Ivanoff/ E. Sivori";"1888";"471";"2/4";"F";"Impilahti";"Pitkärannan tehdas";"Laatokan Karjala";"Karjalan, Inkerin, ym. alueet";"";"muistiinpanijan ikä 45";"";"";"-2+2-2+0+2+0+2-4+0+2+0+5-2-1-2-2+2-2+2-2+0+2+0+2-4+0+2+0+5-2-1-2-2+5+0+2+2-7+2+1+2-5+0+5-2-1-2+2-4+5+0+2+2-7+2+1+2-5+0+5-2-1-2+2-4";"dudrurudruruddddududrurudrurudddduruuduuudruddduduruuduuudrudddud"
"kt1_0617";"";"Kansantanssit";"Kaikenlaisia 2/4 polskia";"";"Georg Vasil Pantschu/ E. Sivori";"1888";"471";"2/4";"A";"Impilahti";"Kirkonkylä";"Laatokan Karjala";"Karjalan, Inkerin, ym. alueet";"";"muistiinpanijan ikä 25";"";"";"+4-7+3-1+3-7+4+1+4-7+3-1+3-2+5+4-7+3-1+3-7+4-2+3-3-3+5+3-3-2-2+4-7+3-1+3-7+4+1+4-5+3-2";"udududuuudududuudududududduudddudududuuudud"
"kt1_0618";"";"Kansantanssit";"Kaikenlaisia 2/4 polskia";"";"Georg Vasil Pantschu/ E. Sivori";"1888";"471";"2/4";"A";"Impilahti";"Kirkonkylä";"Laatokan Karjala";"Karjalan, Inkerin, ym. alueet";"";"muistiinpanijan ikä 25";"";"";"-9+5+2+2-9+5+2+2+1-5+2+2+0-2-7+4+1+2-7+4+1+2+2-5+3-2+0+4-9+5+2+2-9+5+2+2+1-1+1+2+0+2-4-3-3+10-4-3-3+8-2-3-3+1";"duuuduuuuduurdduuuduuuududruduuuduuuuduurudddudddudddu"
"kt1_0619";"Markareetaa";"Kansantanssit";"Kaikenlaisia 2/4 polskia";"";"Niilo Suihko/ E. Sivori";"1888";"472";"2/4";"G";"Ilomantsi";"Kuksenvaara";"Pohjois-Karjala";"Oulun lääni";"";"mistiinpanija s.1824";"";"";"+0+5+0-3+0-4+0+2+0+5+0-3-4+2+0+5+0-3+0-4+0+2+0+5+0-3-4+5+0+7+0-3+0-4+0+2+0+5+0-3-4+0+0+7+0-3+0-4+0+2+0+5+0-3-4";"rurdrdrururddururdrdrururddururdrdrururddrrurdrdrururdd"
"kt1_0620";"";"Kansantanssit";"Kaikenlaisia 2/4 polskia";"";"Juhana Näätänen/ E. Sivori";"1888";"472";"2/4";"F";"Wärtsilä(Värtsilä)";"Wärtsilän tehdas";"Karjalan kannas";"Karjalan, Inkerin, ym. alueet";"";"muistiinpanijan ikä 36";"";"";"+0+0+0+0-3-4+0+4+0+0+0+1-1-2+0+0+2-2-2+0+0+7+0+0+0+0-3-4+0+4+0+0+0+1-1-2+0+0+2-2-2+0+0+5+4+0+0+0-4+0+0-1+0+3+0-8+0+0+0+3+0+0+0+2+0+2+0+1+0+0";"rrrrddrurrruddrruddrrurrrrddrurrruddrruddrruurrrdrrdrurdrrrurrrurururr"
"kt1_0621";"Vanha tanssi";"Kansantanssit";"Kaikenlaisia 2/4 polskia";"";"Jehki Mujunen/ E. Sivori";"1888";"473";"2/4";"F";"Suistamo(Läskelä)";"Läskelä";"Laatokan Karjala";"Karjalan, Inkerin, ym. alueet";"";"muistiinpanijan ikä 40";"";"";"-3-2-3+1-3+2+8-3-2-3+1-3+2-2-2+5+4-4-5+4+3-3-2-3+1+0-1-2-2+0+2+2+1+5-1-2-3+3-2+0";"ddduduudddududduudduudddurdddruuuudddudr"
"kt1_0622";"Vanha tanssi";"Kansantanssit";"Kaikenlaisia 2/4 polskia";"";"Jehki Mujunen/ E. Sivori";"1888";"473";"2/4";"F";"Suistamo(Läskelä)";"Läskelä";"Laatokan Karjala";"Karjalan, Inkerin, ym. alueet";"";"muistiinpanijan ikä 40";"";"";"+1+4-4-1+3-3+1-3+2-2-2+5+4-4-5+4+3-3-2-3+1+4+1+4-4-1+3-3+1-3+2-2-2+5+4-4-5+4+3-3-2-3+1+7+5-3-4+4+3-3-4+4-2-2-3+3-1+3+5-3-4+4+3-3-4+4-2-2-1-2-2";"uuddudududduudduuddduuuuddudududduudduuddduuudduudduddduduudduudduddddd"
"kt1_0623";"";"Kansantanssit";"Kaikenlaisia 2/4 polskia";"";"Juhana Kukkonen/ E. Sivori";"1888";"474";"2/4";"F";"Ruskeala";"Kirkonkylä";"Karjalan kannas";"Karjalan, Inkerin, ym. alueet";"";"muistiinpanijan ikä 68";"";"";"-3+1+2-3+3+0-2-1-4+7-3+1+2-3+3+0+2-2+0-3+1+2-3+3+5-5-3+5-7+2+1-8+2+1+4-4";"duudurddduduudurudrduuduudduduuduuud"
"kt1_0624";"Kyntömiehen polska";"Kansantanssit";"Kaikenlaisia 2/4 polskia";"";"Mikko Halttunen/ E. Sivori";"1888";"474";"2/4";"D";"Kitee";"Suorlahden kylä";"Pohjois-Karjala";"Oulun lääni";"";"muistiinpanijan ikä 49";"";"";"+5+4-2-2+2+3-1-4-5+5+4+5-7+2-2-3+1-5+0+5+4-2-2+2+3-1-4-5+5+4+5-7+2-2-3+1-12+5+0+4-2-2+2+2-2-3-4+5+4+5-7+2-2-3+1-5+0+5+0+4-2-2+2+2-2-3-4+5+4+5-7+2-2-3+1";"uudduuddduuududdudruudduuddduuududdudurudduuddduuududdudrurudduuddduuududdu"
"kt1_0625";"Sotamiespolska";"Kansantanssit";"Kaikenlaisia 2/4 polskia";"";"Mikko Halttunen/ E. Sivori";"1888";"475";"2/4";"G";"Kitee";"Suorlahden kylä";"Pohjois-Karjala";"Oulun lääni";"";"muistiinpanijan ikä 49";"";"";"+2-2-2-1+1+2-3+1-3+0+0-3+1-1-2-2+2+2+3+2-4+0+0+7+2-2-2-1+1+2-3+1-3+0+0-3+1-1-2-2+2+2+3-2+0+4-4+4+1+2-3+1-3+0-2-1-4+4+1+2-3+1+2+2+0-4+4+1+2-3+1-3+0-2-1-4+4+1+2-3+1+0";"uddduududrrduddduuuudrruuddduududrrduddduuudruduuududrddduuuduuurduuududrddduuudur"
"kt1_0626";"Pitkää polskaa";"Kansantanssit";"Kaikenlaisia 2/4 polskia";"";"Heikki Kuokkanen/ E. Sivori";"1888";"475";"2/4";"g";"Nurmes";"Ylikylä";"Pohjois-Karjala";"Oulun lääni";"";"muistiinpanijan ikä 50";"";"";"+3-1-2-1+1+2+1-1-2-1-4+5+3-1-2-1+1+2+1-1-2-1-4+5+3-1-2-1+1+2+1-1-2+2+0+1+2+2-2-2-1-2-1+1+2-3+1+0+2+1+2+2-2-2-1-2-1+1+2-3+1+0";"uddduuudddduuddduuudddduuddduuudduruuuddddduuduruuuuddddduudur"
"kt1_0627";"Vanha tanssi";"Kansantanssit";"Kaikenlaisia 2/4 polskia";"";"Pekka Saarelainen/ E. Sivori";"1888";"476";"2/4";"A";"Pielisjärvi";"Warpasen kylä";"Pohjois-Karjala";"Oulun lääni";"";"muistiinpanijan ikä 24";"";"";"+7-2+4-7+0+3-1-2+2+3-2+4-7+0+3-1-4+0+4-2-3+1-3+2-4+5+0+4-2-3+1-3-2+10-1-2+0+0-2-5+10+0-1-4+2-7+5";"ududrudduududruddruddududuruddudduddrrddurddudu"
"kt1_0628";"";"Kansantanssit";"Kaikenlaisia 2/4 polskia";"";"Mikko Tolvanen/ E. Sivori";"1888";"476";"2/4";"D";"Nurmes";"Nurmen kylä";"Pohjois-Karjala";"Oulun lääni";"";"muistiinpanijan ikä 25";"";"";"+0+2-2-2-1-2-2-1+1+2+2+1-1+1+2-2-1-2+2-4+0-1+1+2+0+2-2-2+2+2+1-1+1+2-2-1-2+2-4+0-1+1+2+0+2-2-2+2+2+1-1+1-1+1+2-2+2-2+2-5+2+1-1+1+2-2-1-2-2+12";"rudddddduuuuduudddudrduurudduuuduudddudrduurudduuududuudududuuduuddddu"
"kt1_0629";"";"Kansantanssit";"Kaikenlaisia 2/4 polskia";"";"Mikko Tolvanen/ E. Sivori";"1888";"477";"2/4";"D";"Nurmes";"Nurmen kylä";"Pohjois-Karjala";"Oulun lääni";"";"muistiinpanijan ikä 25";"";"";"+4+3+0-7+4+3+0+2-2-5+2+1-1-4+4+3+0-7+4+3+0+2-2-5+2+1-1+8+0+0-3+0+0-2-2-1-4+2+2+1-1+8+0+0-3+0+0-2-2-1-4+2+2+1-1";"uurduurudduudduurduurudduudurrdrrdddduuudurrdrrdddduuud"
"kt1_0630";"";"Kansantanssit";"Kaikenlaisia 2/4 polskia";"";"Mikko Tolvanen/ E. Sivori";"1888";"477";"2/4";"e";"Nurmes";"Nurmen kylä";"Pohjois-Karjala";"Oulun lääni";"";"muistiinpanijan ikä 25";"";"";"-2+2-5+3-2+2-2-1-2+0+7-2+2-5+3-2+2-2-1-2+3-1+1-1+1+2-2+2-2-1-2+2+1+0-1+1-1+1+2-2+2-2-1-2";"dudududddrududududddududuududdduurduduududdd"
"kt1_0631";"";"Kansantanssit";"Kaikenlaisia 2/4 polskia";"";"Pekka Saarelainen/ E. Sivori";"1888";"478";"2/4";"a";"Pielisjärvi";"Warpasen kylä";"Pohjois-Karjala";"Oulun lääni";"";"muistiinpanijan ikä 24";"";"";"+0+3-1+3-2+0+4-7+3-1+0+3-6+3-2+0+3-8+5+0+3-1+3-2+0+4-7+3-1+0+3-6+3-2+0+0+0+5+3-1-2-2-1+3-2+4-2-2-1-2+0+12+0-7+3+0-1+1-1-2-2-1-2+0+0+0+5+3-1-2-2-1+3-2+4-2-2-1-2+0+12+0-7+3+0-1+1-1-2-2-1-2+0+0";"rududrududrududrudurududrududrududrrruuddddududdddrurdurdudddddrrruuddddududdddrurdurdudddddrr"
"kt1_0632";"Vanha tanssi";"Kansantanssit";"Kaikenlaisia 2/4 polskia";"";"Pekka Saarelainen/ E. Sivori";"1888";"478";"2/4";"g";"Pielisjärvi";"Warpasen kylä";"Pohjois-Karjala";"Oulun lääni";"";"muistiinpanijan ikä 24";"";"";"+2+2-2-2+0-1+3-2-1-2-1+0+1+2+0-2-1-4+5+3-1-2-1+1+2+1-1-2+2+0+1+2+2-2-2-1-2-1+1+2-3+1+0+3+2+2-2-2+0-1+3-2-1-2-1+0+1+2+0-2-1-4+5+3-1-2-1+1+2+1-1-2+2+0+1+2+2-2-2-1-2-1+1+2-3+1+0+2+5+0-2-2-1+3-2-1+1+2+2-2-2-1-2+2+1-1-2+2+0-7+2+2-4+5-1+1+3-1+1-1-2+2+0-7+4+1+2+5+0-2-2-1+3-2-1+1+2+2-2-2-1-2+2+1-1-2+2+0-7+2+2-4+5-1+1+3-1+1-1-2+2+0-7+4+1";"uuddrduddddruurddduuddduuudduruuuddddduuduruuuddrduddddruurddduuddduuudduruuuddddduuduruurdddudduuudddduuddurduududuududdurduuuurdddudduuudddduuddurduududuududdurduu"
"kt1_0633";"Kuutosta";"Kansantanssit";"Kaikenlaisia 2/4 polskia";"";"Joh Kiiski/ E. Sivori";"1888";"479";"2/4";"D";"Pielisjärvi";"Kylälahti";"Pohjois-Karjala";"Oulun lääni";"";"";"";"";"+0+2+2+0+1-3+0-2-1-4+5+0+2+2+0+1-3-7+5+0+2+2+0+1-3+0-2-1-4+5+0+2+2+0+1-3-7+5+0+2-5+2+1+2+2-2-2-1-4+5+0+2-5+2+1+2-2+0+0+2-5+2+1+2+2-2-2-1-4+5+0+2-5+2+1+2-2";"ruurudrddduruurudduruurudrddduruurudduruduuuudddduruduuudrruduuuudddduruduuud"
"kt1_0634";"Vanhaa peliä";"Kansantanssit";"Kaikenlaisia 2/4 polskia";"";"Joh Kiiski/ E. Sivori";"1888";"479";"2/4";"D";"Pielisjärvi";"Kylälahti";"Pohjois-Karjala";"Oulun lääni";"";"";"";"";"+0-2-1+0-4+2+2-2-2-1-4+12+0-2-1+0-4+2+2-2-2-1-4+9-2+5-2-1-2-2+2+2-2-2-1-4+9-2+5-2-1-2-2+2+2-2-2-1-4";"rddrduuddddurddrduuddddududddduuddddududddduudddd"
"kt1_0635";"Vanha tanssi";"Kansantanssit";"Kaikenlaisia 2/4 polskia";"";"Joh Kiiski/ E. Sivori";"1888";"480";"2/4";"D";"Pielisjärvi";"Kylälahti";"Pohjois-Karjala";"Oulun lääni";"";"";"";"";"+0-2+2+1+2-3+1+2+5+0-1-2-2-3+3-3-2+0-2+2+2+1-3+3-3+7-2-2-1-2-2+0+0+0+4+0-2+2+1+2-3+1+2+5+0-1-2-2-3+3-3-2+0-2+2+2+1-3+3-3+7-2-2-1-2-2+0+0+0+12-3-2+2-2-3-2+0+2+1-1+1+2+2-2-3+8-3-2+2-2-3-2+0+2+1-1-2-2+0+0+12-3-2+2-2-3-2+0+2+1-1+1+2+2-2-3+8-3-2+2-2-3-2+0+2+1-1-2-2+0+0";"rduuuduuurdddduddrduuudududddddrrrurduuuduuurdddduddrduuudududddddrrruddudddruuduuudduddudddruudddrruddudddruuduuudduddudddruudddrr"
"kt1_0636";"";"Kansantanssit";"Kaikenlaisia 2/4 polskia";"";"K. Mattsson/ E. Sivori";"1888";"480";"2/4";"G";"Pohjanmaa";"";"Pohjanmaa";"Länsi-Suomen lääni";"";"";"";"";"+4+3-3+1+2+2-4-5+4+3+2-2-3+1+0+0-5+4+3-3+1+2+2-4-5+4+3+2-2-3+1+0+0+7-3-4+4+1+2+2-4-3-2-1+3+5+0+0-3-2-2+4+1-1-2-2-1+3-7+4+1+0+0+7-3-4+4+1+2+2-4-3-2-1+3+5+0+0-3-2-2+4+1-1-2-2-1+3-7+4+1+0+0";"uuduuudduuuddurrduuduuudduuuddurrudduuuudddduurrddduudddduduurrudduuuudddduurrddduudddduduurr"
"kt1_0637";"";"Kansantanssit";"Kaikenlaisia 2/4 polskia";"";"K. Näppinen";"1887";"481";"2/4";"C";"-()";"";"";"";"";"";"";"";"-4+4+3-2+0+5-5+5+4-2+0+0-2-3+3+0-1-4+4+0-2-3-4+5-5+4-4+4+3-2+0+5-5+5+4-2+0+0-2-3+3+0-1-4+4+0-2-3-4+5+12+0-1-2+0-2-3+3+0-2-3+3+0-1-4+4+8-1-2+0-2-3+3+0-2-3-3+1+12+0-1-2+0-2-3+3+0-2-3+3+0-1-4+4+8-1-2+0-2-3+3+0-2-3-3+1";"duudruduudrrddurddurdddududuudruduudrrddurddurddduurddrddurddurdduuddrddurddduurddrddurddurdduuddrddurdddu"
"kt1_0638";"Suomen polska";"Kansantanssit";"Kaikenlaisia 2/4 polskia";"";"K. Näppinen";"1887";"481";"2/4";"D";"-()";"";"";"";"";"";"";"";"+0+4+3+0-3+1+0+4-2-3+1-3+2-4+2-3+1+0+0+4+3+0-3+1+0+4-2-3+1-3+2-4+2-3+1+2-2-1-2-2+0+7-2-1-2-2+0+10-3+2-4+2-3+1+2-2-1-2-2+0+7-2-1-2-2+0+10-3+2-4+2-3+1";"ruurduruddudududurruurduruddudududuuddddruddddrudududuuddddruddddrudududu"
"kt1_0639";"";"Kansantanssit";"Kaikenlaisia 2/4 polskia";"Allegro";"A. V. Jurva";"";"481";"2/4";"A";"Asikkala";"";"Päijät-Häme";"Länsi-Suomen lääni";"";"";"";"";"+0+2-2-3+1+0-1-2+0+5+0-2-1-2+2+1-3-2+7+0+2-2-3+1+0-1-2+0+5+0-2-1-2+2+1-3-2+0-1-2-2+4+1+2+0-2+2+2+1+0-1-2+2+1-3-2+0-1-2-2+4+1+2+0-2+2+2+1+0-1-2+2+1-3-2";"ruddurddrurddduudduruddurddrurddduuddrddduuurduuurdduuddrddduuurduuurdduudd"
"kt1_0640";"";"Kansantanssit";"Kaikenlaisia 2/4 polskia";"";"H. A. Reinholm";"1848";"482";"2/4";"Bb";"Tyrvää, Karkku(Tyrvään";"";"Pirkanmaa";"Länsi-Suomen lääni";"";"";"";"";"+2-2-2-1-2-2+12-1+1-5+2-2-2-1-2-3-4+4+1+2+2+1+1+1+2-2-2-1-2-2+12-1+1-5+2-2-2-3+0-3-4+4+1+4+3+2-2-2-1-2-2+12-1+1-5+2-2-2-1-2-3-4+4+1+2+2+1+1+1+2-2-2-1-2-2+12-1+1-5+2-2-2-3+0-3-4+4+1+4+3-3+1-3+0-2-1+1+2+3+4+2-2-2-2-3+0-3-4+4+1+2+2+1+2-3+1-3+0-2-1+1+2+3+4+2-2-2-2-3+0-3-4+4+1";"udddddudududddddduuuuuuuudddddudududddrdduuuuudddddudududddddduuuuuuuudddddudududddrdduuuududrdduuuuuddddrdduuuuuududrdduuuuuddddrdduu"
"kt1_0641";"Kakunassia";"Kansantanssit";"Kaikenlaisia 2/4 polskia";"";"Hanna Hahl";"";"482";"2/4";"F";"Rautu";"";"Karjalan kannas";"Karjalan, Inkerin, ym. alueet";"";"";"";"";"-2+2+1-1-2+2-2-2+4+0+3-2+0-1+3-3-4+0+2-2-1-2-2+5-1+3+0-2-1-2-2+4+1";"duudduddurudrduddruddddudurdddduu"
"kt1_0642";"Vanha häämarssi";"Kansantanssit";"Marsseja";"";"L. Hämäläinen";"1868";"485";"4/4";"Eb";"Pohjanmaa";"";"Pohjanmaa";"Länsi-Suomen lääni";"";"";"";"";"+9-2-2-1+1+2-3+1+0+0+0+2+2+1+2+0-3+1-1+3-2-1-4+0+0+5-1-2-2-1+0+0+0+1+2-3+1+4+3-3+1+4-4-3-2-1+1+0+0+0-5+9-2-2-1+1+2-3+1+0+0+0+2+2+1+2+0-3+1-1+3-2-1-4+0+0+5-1-2-2-1+0+0+0+1+2-3+1+4+3-3+1+4-4-3-2-1+1+0+0+0-5+5+2+2+1+2+0+0+2+2+1-5+0-2+2-2-1+1-1-2+3-3-2-1-2-2+5+2+2+1+2+0+0+2+2+1-5+0+0+2-4-3-2-1+1+0+0+0-5+5+2+2+1+2+0+0+2+2+1-5+0-2+2-2-1+1-1-2+3-3-2-1-2-2+5+2+2+1+2+0+0+2+2+1-5+0+0+2-4-3-2-1+1+0+0+0";"uddduudurrruuuurdududddrruddddrrruuduuuduuddddurrrduddduudurrruuuurdududddrruddddrrruuduuuduuddddurrrduuuuurruuudrduddudduddddduuuuurruuudrruddddurrrduuuuurruuudrduddudduddddduuuuurruuudrruddddurrr"
"kt1_0643";"Häämarssi";"Kansantanssit";"Marsseja";"";"L. Hämäläinen";"1868";"485";"4/4/";"A";"Pohjanmaa";"";"Pohjanmaa";"Länsi-Suomen lääni";"";"";"";"";"+5-5+5+4-4+4+3-3+3+0+0-2-3+2-4+2+0+0+0-7+2+2+1-5+5+4-4+4+3-3+1+0-1-2+7-2-1+1+0+0+0-12+5-5+5+4-4+4+3-3+3+0+0-2-3+2-4+2+0+0+0-7+2+2+1-5+5+4-4+4+3-3+1+0-1-2+7-2-1+1+0+0+0-12+7+0+0+2+1-3-3+3+3-3-3+3+2+0+0+1+2-7+4+3+5-5-3-4+9+3-3+0-2+0-2+2+2-4+0-1+0-2+2+1-3-3-4+2+2+1+0+0+0-5+7+0+0+2+1-3-3+3+3-3-3+3+2+0+0+1+2-7+4+3+5-5-3-4+9+3-3+0-2+0-2+2+2-4+0-1+0-2+2+1-3-3-4+2+2+1+0+0+0";"uduuduudurrddudurrrduuuduuduudurdduddurrrduduuduudurrddudurrrduuuduuduudurdduddurrrdurruudduudduurruuduuuddduudrdrduudrdrduuddduuurrrdurruudduudduurruuduuuddduudrdrduudrdrduuddduuurrr"
"kt1_0644";"Vanha häämarssi";"Kansantanssit";"Marsseja";"Juhlallisesti";"I. J. Inberg";"1857";"486";"2/4";"C";"Akaa";"";"Pirkanmaa";"Länsi-Suomen lääni";"";"";"";"";"+4+3+0+0+2-2-2+4-4+2-2-1+0+0-4+4+3+0+0+0+2+2+1+0+0+0-12+4+3+0+0+2-2-2+4-4+2-2-1+0+0-4+4+3+0+0+0+2+2+1+0+0+0-17+5+4+0+0+1-1-2-2-1+8+0+0-2-1-2+2+1+2+2-4-3-3+1+0+0+0-5+5+4+0+0+1-1-2-2-1+8+0+0-2-1-2+2+1+2+2-4-3-3+1+0+0+0";"uurruddududdrrduurrruuurrrduurruddududdrrduurrruuurrrduurruddddurrddduuuudddurrrduurruddddurrddduuuudddurrr"
"kt1_0645";"Warsovan marssi";"Kansantanssit";"Marsseja";"";"I. J. Inberg";"1857";"487";"2/4";"D";"Akaa";"";"Pirkanmaa";"Länsi-Suomen lääni";"";"";"";"";"-5+5+4-2+0+0+0-3+3-3+3+2-4+0+0+0-5+5-5+5+4-2+0+0+0-3+3-3+3+2-4+0+0+0+0+4-4+2-3+1-1-2+2+1+2+2-4-1+1+4-4+2-3+1-1-2+2+1+2+2-4-1+1";"duudrrrduduudrrrduduudrrrduduudrrrrudududduuuudduudududduuuuddu"
"kt1_0646";"Häämarssi";"Kansantanssit";"Marsseja";"";"I. J. Inberg";"1857";"487";"2/4";"G";"Akaa";"";"Pirkanmaa";"Länsi-Suomen lääni";"";"";"";"";"+0+5-3-4-1+3-3+0-4+0+0-5+5+2+2+1+2+2+2+1-5+0-2-1-4+5+4+0+0-7+2+1+2+0+0+0-7+4+3+0+2-2-2-1+1-1-2-2+2+0+0+0-7+9+1-1-2+2-4+2+2+1+2-2-1+1-3+2+1+2+2-2-2-1-2-2-1-4+2+2+1+4-2-2";"rudddudrdrrduuuuuuuudrddduurrduuurrrduurudddudddurrrduudduduuuudduduuuuddddddduuuudd"
"kt1_0647";"Marssi";"Kansantanssit";"Marsseja";"";"I. J. Inberg";"1857";"488";"2/4";"D";"Sääksmäki";"";"Pirkanmaa";"Länsi-Suomen lääni";"";"";"";"";"+2+2+1+0+0+0+4-4-3+0+0+0+8-3-2-1+0+0-4+2+2+1+0+0+0-5+2+2+1+0+0+0+4-4-3+0+0+0+8-3-2-1+0+0-4+2+2+1+0+0+0+4+1+2+0-2-1+1-3+2+1+0-1-2+2-4+4+3+0-2-1+1-1-2-2-1+8+0+0+2-2-2-1-2-2+0+0+0+0+4-4-3+0+0+0+8-3-2-1+0+0-4+2+2+1+0+0+0+4+1+2+0-2-1+1-3+2+1+0-1-2+2-4+4+3+0-2-1+1-1-2-2-1+8+0+0+2-2-2-1-2-2+0+0+0+0+4-4-3+0+0+0+8-3-2-1+0+0-4+2+2+1+0+0+0";"uuurrruddrrrudddrrduuurrrduuurrruddrrrudddrrduuurrruuurdduduurdduduurdduddddurrudddddrrrruddrrrudddrrduuurrruuurdduduurdduduurdduddddurrudddddrrrruddrrrudddrrduuurrr"
"kt1_0648";"Häämarssi";"Kansantanssit";"Marsseja";"";"K. V. Hanel";"1876";"489";"4/4";"G";"-()";"";"";"";"";"";"";"";"-1-2+0-2+0-3+3+2-2-2-1+0+1-1-2-2+2+2+1+12-1-9+2+2+1+0+0+0+0-1-2+0-2+0-3+3+2-2-2-1+0+1-1-2-2+2+2+1+12-1-9+2+2+1+0-1-2+2+3+0-2+0-10+5+0-1+0-4+5+0-1+0+0-4+0+0+0+0+9-9+9+1-3-3+3-2-5+5+0-1+0-4+5+0-1+0+0-4+0+0+0+0+9-9+9+1-3-3+3-2";"ddrdrduudddruddduuuudduuurrrrddrdrduudddruddduuuudduuurdduurdrdurdrdurdrrdrrrruduudduddurdrdurdrrdrrrruduuddud"
"kt1_0649";"Häämarssi";"Kansantanssit";"Marsseja";"Con moto";"K. V. Hanel";"1876";"489";"2/4";"Eb";"-()";"";"";"";"";"";"";"";"+5+0+0+4-4+0+2+0+0+0+0+2+1-1+1+2+2-2-2-3+2-4+0+0+0-5+5+0+0+4-4+0+2+0+0+0+0+2+1-1+1+2+2-2-2-3+2-4+0+0+0+5+4+0+0+0-5+3+0+0+0-3+1-1+1+2+2-2-2-3+2-4+0+0+0+5+4+0+0+0-5+3+0+0+0-3+1-1+1+2+2-2-2-3+2-4+0+0+0";"urrudrurrrruuduuudddudrrrdurrudrurrrruuduuudddudrrruurrrdurrrduduuudddudrrruurrrdurrrduduuudddudrrr"
"kt1_0650";"Kahvimarssi häissä";"Kansantanssit";"Marsseja";"";"K. V. Hanel";"1876";"490";"4/4";"F";"Wiitasaari(Viitasaari)";"";"Keski-Suomi";"Länsi-Suomen lääni";"";"";"";"";"+0+0-2+2+1+0+0-3+3-1+5-2-2+2+3-1-4-5+4+0+0-2+2+1-5-3-4+2+3+4-2-8+1+0+0+11+0+0-2+2+1+0+0-3+3-1+5-2-2+2+3-1-4-5+4+0+0-2+2+1-5-3-4+2+3+4-2-8+1+0+0+14-2-1+0+3+3-1+0-4-1-2+2+3-3-2-4-1+1-3+5+4+3-2-1+0+3+3-1+0-4-1-2+2+3-3-2-3-2+2-4+5+4+3-2-1+0+3+3-1+0-4-1-2+2+3-3-2-4-1+1-3+5+4+3-2-1+0+3+3-1+0-4-1-2+2+3-3-2-3-2+2-4+5";"rrduurrdududduudddurrduuddduuuddurrurrduurrdududduudddurrduuddduuuddurruddruudrddduudddduduuuddruudrddduudddduduuuddruudrddduudddduduuuddruudrddduuddddudu"
"kt1_0651";"Roikosen marssi";"Kansantanssit";"Marsseja";"";"V. L. Pääkkönen/ K. V. Hanel";"1876";"490";"2/4";"D";"Leppävirta";"";"Pohjois-Savo";"Itä-Suomen lääni";"";"";"";"";"+5+4-4-5+5+4-4-5+5+4-4+2+0+0+2+1-1-2+2+1-1-9+4+3-3+1+0-5+5+4-4-5+5+4-4-5+5+4-4+2+0+0+2+1-1-2+2+1-1-9+4+3-3+1+0+0+5+0+0+0+4+0+0+0-2+0+0+0-12+4+3+0+0+3-1-2-7+4+3-3+1+0+0+5+0+0+0+4+0+0+0-2+0+0+0-12+4+3+0+0+3-1-2-7+4+3-3+1+0";"uudduudduudurruudduudduudurduudduudduudurruudduudduudurrurrrurrrdrrrduurruddduudurrurrrurrrdrrrduurruddduudur"
"kt1_0652";"Häämarssi";"Kansantanssit";"Marsseja";"Con sentimento";"K. V. Hanel";"1876";"491";"2/4";"C";"Pohjanmaa";"";"Pohjanmaa";"Länsi-Suomen lääni";"";"";"";"";"+5+4-9+5+4+0-4-5+0+10-1-2+7+0-2-3-4-5+2+2+1+2+2+1+2-8+1-5+5+4-9+5+4+0-4-5+0+10-1-2+7+0-2-3-4-5+2+2+1+2+2+1+2-8+1+2-3-2+2+3+5-8-2+2+3+0-2-3-3+1+7-3-2+2+3+5-8-2+2+3+0-2-3+0+3-1-4+4+3-2-1+3+5+4+3-2-1-2-2+0-1-2+2+3-2-5-3-2+2+3+5-8-2+2+3+0-2-3-3+1+7-3-2+2+3+5-8-2+2+3+0-2-3+0+3-1-4+4+3-2-1+3+5+4+3-2-1-2-2+0-1-2+2+3-2";"uuduurddruddurdddduuuuuuududuuduurddruddurdddduuuuuuuduudduuudduurddduudduuudduurddrudduudduuuuddddrdduudddduuudduurddduudduuudduurddrudduudduuuuddddrdduud"
"kt1_0653";"Kasakkain marssi";"Kansantanssit";"Marsseja";"Alla russe";"Gust. Krautlein/ K. V. Hanel";"1876";"492";"2/4";"G";"Lohtaja";"";"Keski-Pohjanmaa";"Länsi-Suomen lääni";"";"";"";"";"+5+0+0+0+4-4+0+0+0+4-4+0+4-4+0+4+3-3-4+4+3-12+4+3+3+0+4-2-3+0+3-5+3-6+1+0+0-5+4+3+3+0+4-2-3+0+3-5+3-6+1+0+0+5-3-2+2+3-1-4-5+5+4-2-7+0+5+4+3-2-3-2+2+3-1-4-3+3+4-2-7+0+5+0+0";"urrrudrrrudrudruudduuduuuruddrududurrduuuruddrududurrudduuddduuddruuuddduuddduuddrurr"
"kt1_0654";"Marssi";"Kansantanssit";"Marsseja";"";"Heikki Kuokkanen/ E. Sivori";"1888";"492";"4/4";"g";"Nurmes";"Ylikylä";"Pohjois-Karjala";"Oulun lääni";"";"muistiinpanijan ikä 50";"";"";"+0+2+1+0+2+0+2+0+1+2-2-1-2-2+0-1+5-7+0+0+0+2+1+0+2+0+2+0+1+2-2-1-2-2+0-1+5-7+0+8-1+1+2-2-1+1-1-2-1+1+2+3-2-1+1+2-2-1+1-1-2-1+1+2-3+1+0+0+0+3-1+1+2-2-1+1-1-2-1+1+2+3-2-1+1+2-2-1+1-1-2-1+1+2-3+1+0+0+0+7+0-2+0-2+0-1+0-2+0-2+0-1+5-7+0+12+0-2+0-2+0-1+0-2+0-2+0-1+5-7+0+8-1+1+2-2-1+1-1-2-1+1+2+3-2-1+1+2-2-1+1-1-2-1+1+2-3+1+0+3-1+1+2-2-1+1-1-2-1+1+2+3-2-1+1+2-2-1+1-1-2-1+1+2-3+1+0";"ruurururuuddddrdudrrruurururuuddddrdudruduudduddduuudduudduddduudurrruduudduddduuudduudduddduudurrrurdrdrdrdrdrdudrurdrdrdrdrdrdudruduudduddduuudduudduddduuduruduudduddduuudduudduddduudur"
"kt1_0655";"Korpin marssi";"Kansantanssit";"Marsseja";"";"Johana Kolehmainen/ E. Sivori";"1888";"493";"4/4";"F";"Pielisjärvi";"Kylälahti";"Pohjois-Karjala";"Oulun lääni";"";"muistiinpanijan ikä 40";"Menee g-mollissa.";"";"+5-2+2-5+1+2-3+1-3+2+5-2+2-5+1+2-3+1-3+2+1+2-3-2-2-1+1-3+2+1+2+0+2+5-2+2-5+1+2-3+1-3+2+5-2+2-5+1+2-3+1-3+2+1+2-3-2-2-1+1-3+2+1+2+0+2+0+0+1+2-2-1+1-3+2+0+0+1+2-2-1+1-3+2+1+2-3-2-2-1+1-3+2+1+2+0";"ududuududuududuududuuudddduduuuruududuududuududuududuuudddduduuururruuddudurruudduduuudddduduuur"
"kt1_0656";"Häämarssi";"Kansantanssit";"Marsseja";"";"Edla Blomqvist";"";"494";"4/4";"G";"-()";"";"";"";"";"";"";"";"+2+2-4+2-2+4+1+2-2-1-2-2-5+5+2+2-4+2-2+4+1-3-2-1+3-2+0+2+2-4+2-2+4+1+2-2-1-2-2-5+5+2+2-4+2-2+4+1-3-2-1+3-2+7-2-1-2+2+1+2-5+5-1+1-3-2+2+3-2-1-2-2+2+2+1+2-2-1-2-2+2+2+1-3-2-1+3-2+7-2-1-2+2+1+2-5+5-1+1-3-2+2+3-2-1-2-2+2+2+1+2-2-1-2-2+2+2+1-3-2-1+3-2";"uududuuuddddduuududuudddudruududuuuddddduuududuudddududdduuudududduudddduuuudddduuudddududdduuudududduudddduuuudddduuudddud"
"kt1_0657";"";"Kansantanssit";"Muutamia 2/4 polskia";"";"O. A. J. Carlenius";"1820";"497";"2/4";"D";"Uusimaa";"";"Uusimaa";"Etelä-Suomen lääni";"";"";"";"";"-5+0+2+0-2+0+5-1+0-4+5+0+0-5+0+2+0-2+0+5-1+0-4+5+0+0+4-4-1+3-3+1+4-4+4-4+4-4+5-5+5-5+4-4+4-4+2-3+3-3+5-4+4-4+5-5+5-5+4-4+4-4+2+5+0-2-3+3-1-4+2-3-4+4+3-2+0";"drurdrudrdurrdrurdrudrdurrudduduudududududududududududududududuurdduddudduudr"
"kt1_0658";"Pienen Pekun polska";"Kansantanssit";"Muutamia 2/4 polskia";"";"O. A. J. Carlenius";"1867";"497";"2/4";"D";"Savonlinna";"";"Etelä-Savo";"Itä-Suomen lääni";"";"";"";"";"+5+4+3-2-3+3-1-4-5+5+4+3+0-2-3-2-5+5+4+3-2-3+3-1-4-5+5+4+3+0-2-3-2+2+5-3-4+4+1-3-3+3+3+2-3-4+5-3-3+3+5-3-4+4+1-3-3+3-2+2+5-3-4+4+1-3-3+3+3+2-3-4+5-3-3+3+5-3-4+4+1-3-3+3-2-5+5-3-4+4+1-3-3+3+5-3-4+4+1-3-3+3+5-3-4+4+1-3-3+3-2+7-5+5-3-4+4+1-3-3+3+5-3-4+4+1-3-3+3+5-3-4+4+1-3-3+3-2+7";"uuudduddduuurdddduuudduddduuurddduudduudduuuddudduudduudduduudduudduuuddudduudduudduddudduudduudduudduudduuddudududduudduudduudduudduuddudu"
"kt1_0659";"Wihurin Maijan polska";"Kansantanssit";"Muutamia 2/4 polskia";"";"O. A. J. Carlenius";"1867";"498";"2/4";"C";"Heinola";"";"Päijät-Häme";"Länsi-Suomen lääni";"";"";"";"";"+0+0+4+0+0-4+0+0+4+0+0+1-1-2+0+0+2-4+0+0+0+4+0+0-4+0+0+4+0+0+1-1-2+0+0+2-4+4+0-2-2+0-1-2+0+0+3-1+0-2-2+2+2+1+0";"rrurrdrrurruddrrudrrrurrdrrurruddrrudurddrddrrudrdduuur"
"kt1_0660";"";"Kansantanssit";"Muutamia 2/4 polskia";"";"O. A. J. Carlenius";"1867";"498";"2/4";"D";"-()";"";"";"";"";"";"";"";"-3+3-2-1-2+0+0+2+1-3+3-1-2-2+0+7-3+3-2-1-2+0+0+2+1-3+3-1-2-2+0+2+0+2+1+2-2-3+2+1+2-2-1-4+0+2+0+2+1+2-2-3+2+1+2-2-1-4+0";"dudddrruududddrududddrruududddruruuudduuudddruruuudduuudddr"
"kt1_0661";"";"Kansantanssit";"Muutamia 2/4 polskia";"";"O. A. J. Carlenius";"1867";"498";"2/4";"D";"Hollola";"";"Päijät-Häme";"Länsi-Suomen lääni";"";"";"";"";"+4+3+3-1+0-2-2+0-5+4+3+3-1+0-2-2-5+4+3+3-1+0-2-2+0-5+4+3+3-1+0-2-2-12+4+3+3-1+0-2-2+0-5+4+3+3-1+0-2-2+2+4+3+3-1+0-2-2+0-5+4+3+3-1+0-2-2";"uuudrddrduuudrddduuudrddrduuudrddduuudrddrduuudrdduuuudrddrduuudrdd"
"kt1_0662";"";"Kansantanssit";"Muutamia 2/4 polskia";"";"O. A. J. Carlenius";"1867";"499";"2/4";"a";"Sääksmäki";"";"Pirkanmaa";"Länsi-Suomen lääni";"";"";"";"";"+7+0+1-1-2-2+2-2-1-2-1+1+2+0+3-2-3-1+1+2+0+1+0-1+1-1+0+1+0-1+1-1-3+1+7+0+1-1-2-2+2-2-1-2-1+1+2+0+3-2-1+1-1-3+1+2+5+0+2+1+2-2-1-2-1+1+2+1-1+1-1+3-3+3-3+1+2-2-1-2-5+0+5+0+2+1+2-2-1-2-1+1+2+1+2-2+0-1-2-1+1-5+5+1-1-2-2+2-2-1-2-1+1+2+0+3-2-1+1-1-3+1";"urudddudddduuruddduururdudrurdudduurudddudddduuruddudduuuruuudddduuududududuuddddruruuudddduuuudrddduduudddudddduurudduddu"
"kt1_0663";"";"Kansantanssit";"Muutamia 2/4 polskia";"";"O. A. J. Carlenius";"1867";"499";"2/4";"Bb";"Lempäälä";"";"Pirkanmaa";"Länsi-Suomen lääni";"";"";"";"";"+5+2+2-4-5+12-3-4-5+5+4-4+5-3-3+3-2-5+0+5+2+2-4-5+12-3-4-5+5+4-4+5-3-3+3-2+7-3+3+5-1-2-2+2-2-2-1+1-3+0+2+1+1+1-7-5+4+3-3+1";"uuudduddduududduddruuudduddduududdududuudddudddudruuuudduudu"
"kt1_0664";"""Katteli, koitteli, heitteli""";"Kansantanssit";"Muutamia 2/4 polskia";"";"O. A. J. Carlenius";"1867";"500";"2/4";"A";"Keuruu";"";"Keski-Suomi";"Länsi-Suomen lääni";"";"";"";"";"+5+0+2+2+0+1+2+0+2-2-3+3-2-1+1-3+5-3+1-1-2-2-5+5+0+2+2+0+1+2+0+2-2-3+3-2-1+1-3+5-3+1-1-2-2-5+9+0-2+2-4-3+0-2+2+3-3+3-1-4+4+3+3+0-1-2+2-4-5+9+0-2+2-4-3+0-2+2+3-3+3-1-4+4+3+3+0-1-2+2-4";"uruuruurudduddudududddduruuruurudduddudududdddurduddrduududduuurdduddurduddrduududduuurddud"
"kt1_0665";"Kanteleen soitto";"Kansantanssit";"Muutamia 2/4 polskia";"";"P. J. Hannikainen";"";"500";"2/4";"G";"Pohjois-Karjala";"";"Pohjois-Karjala";"Oulun lääni";"";"";"";"";"+0+0+0-2+2-5+2+1-1+1-1-4+2+0+2+1+2-5+2+1-1-4+2+0-2+2+2-2+2+1-1+1-1-4+2+0+0+5-5+3-1-4+2+0-2+0+2-3+5-7+5-7+0+5+0+2-3+5-7+5-7+12+0-7+0+2-3+5-7+5-7+0+5+0+2-3+5-7+5-7+12+0";"rrrduduududduruuuduuddurduuduududdurrududdurdrudududrurudududurdrudududrurudududur"
"kt1_0666";"Kanteleen soitto";"Kansantanssit";"Muutamia 2/4 polskia";"";"P. J. Hannikainen";"";"501";"2/4";"G";"Pohjois-Karjala";"";"Pohjois-Karjala";"Oulun lääni";"";"";"";"";"+2+1+2-2+2-5+0+2+1+2-2-1+1-1-4+2+0+0+2+1+2-2+2-5+0+2+1+2-2-1+1-1-4+2+2+1+2-3-2-2-1-4+5+0+2+3+2-2-1+1-1-4+2+2+1+2-3-2-2-1-4+5+0+2+3+2-2-1+1-1-4+2";"uuududruuudduddurruuududruuuddudduuuuddddduruuuddudduuuuddddduruuudduddu"
"kt1_0667";"Kanteleen soitto";"Kansantanssit";"Muutamia 2/4 polskia";"";"P. J. Hannikainen";"";"501";"2/4 ja 3/4";"G";"Pohjois-Karjala";"";"Pohjois-Karjala";"Oulun lääni";"";"";"";"";"+3-3+0+1-3+0+3-1+1-1-2+2-4+0+7-3+3-3+0+1-3+0+3-1+1-1-2+2-4+0+2+2+1-3+2+1+2-12+2+2+1+2+2-2-2+5-1-2+2-4";"udrudrududdudrududrudrududdudruuuduuuduuuuudduddud"
"kt1_0668";"Kanteleen soitto";"Kansantanssit";"Muutamia 2/4 polskia";"";"P. J. Hannikainen";"";"502";"2/4";"G";"Pohjois-Karjala";"";"Pohjois-Karjala";"Oulun lääni";"";"";"";"";"+5-5+2+1-1+1+2-5+0-2+0-1+1+2+2-2+0+5-5+2+1-1+1+2-5+0-2+0-1+1+2+2-2-2+0+4-5+0+1+2-3-2-2+5+0-3+2+1+2-3+1+0+4-5+0+1+2-3-2-2+5+0-3+2+1+2-3";"uduuduudrdrduuudruduuduudrdrduuuddrudruudddurduuudurudruudddurduuud"
